[
    {
        "거래금액": "8,000",
        "건축년도": "1968",
        "년": "2006",
        "법정동": "인현동2가",
        "아파트": "신성상가",
        "월": "3",
        "일": "16",
        "전용면적": "40.13",
        "지번": "192-30",
        "지역코드": "11140",
        "층": "10",
        "해제사유발생일": null,
        "해제여부": null
    },
    {
        "거래금액": "26,300",
        "건축년도": "1999",
        "년": "2006",
        "법정동": "예장동",
        "아파트": "삼익",
        "월": "3",
        "일": "16",
        "전용면적": "115.17",
        "지번": "9",
        "지역코드": "11140",
        "층": "1",
        "해제사유발생일": null,
        "해제여부": null
    },
    {
        "거래금액": "22,500",
        "건축년도": "1972",
        "년": "2006",
        "법정동": "산림동",
        "아파트": "대림상가",
        "월": "3",
        "일": "8",
        "전용면적": "68.1",
        "지번": "207-2",
        "지역코드": "11140",
        "층": "10",
        "해제사유발생일": null,
        "해제여부": null
    },
    {
        "거래금액": "57,500",
        "건축년도": "1999",
        "년": "2006",
        "법정동": "신당동",
        "아파트": "약수하이츠",
        "월": "3",
        "일": "1",
        "전용면적": "114.92",
        "지번": "842",
        "지역코드": "11140",
        "층": "4",
        "해제사유발생일": null,
        "해제여부": null
    },
    {
        "거래금액": "27,000",
        "건축년도": "1993",
        "년": "2006",
        "법정동": "신당동",
        "아파트": "현대",
        "월": "3",
        "일": "2",
        "전용면적": "79.11",
        "지번": "840",
        "지역코드": "11140",
        "층": "7",
        "해제사유발생일": null,
        "해제여부": null
    },
    {
        "거래금액": "43,000",
        "건축년도": "1993",
        "년": "2006",
        "법정동": "신당동",
        "아파트": "현대",
        "월": "3",
        "일": "3",
        "전용면적": "139.275",
        "지번": "840",
        "지역코드": "11140",
        "층": "14",
        "해제사유발생일": null,
        "해제여부": null
    },
    {
        "거래금액": "25,800",
        "건축년도": "2002",
        "년": "2006",
        "법정동": "신당동",
        "아파트": "남산타운",
        "월": "3",
        "일": "4",
        "전용면적": "59.94",
        "지번": "844",
        "지역코드": "11140",
        "층": "17",
        "해제사유발생일": null,
        "해제여부": null
    },
    {
        "거래금액": "26,300",
        "건축년도": "2002",
        "년": "2006",
        "법정동": "신당동",
        "아파트": "남산타운",
        "월": "3",
        "일": "4",
        "전용면적": "59.94",
        "지번": "844",
        "지역코드": "11140",
        "층": "3",
        "해제사유발생일": null,
        "해제여부": null
    },
    {
        "거래금액": "41,000",
        "건축년도": "1999",
        "년": "2006",
        "법정동": "신당동",
        "아파트": "약수하이츠",
        "월": "3",
        "일": "4",
        "전용면적": "84.88",
        "지번": "842",
        "지역코드": "11140",
        "층": "7",
        "해제사유발생일": null,
        "해제여부": null
    },
    {
        "거래금액": "49,500",
        "건축년도": "1999",
        "년": "2006",
        "법정동": "신당동",
        "아파트": "삼성",
        "월": "3",
        "일": "4",
        "전용면적": "114.91",
        "지번": "843",
        "지역코드": "11140",
        "층": "14",
        "해제사유발생일": null,
        "해제여부": null
    },
    {
        "거래금액": "26,500",
        "건축년도": "2002",
        "년": "2006",
        "법정동": "신당동",
        "아파트": "남산타운",
        "월": "3",
        "일": "6",
        "전용면적": "59.94",
        "지번": "844",
        "지역코드": "11140",
        "층": "6",
        "해제사유발생일": null,
        "해제여부": null
    },
    {
        "거래금액": "61,000",
        "건축년도": "2002",
        "년": "2006",
        "법정동": "신당동",
        "아파트": "남산타운",
        "월": "3",
        "일": "6",
        "전용면적": "114.88",
        "지번": "844",
        "지역코드": "11140",
        "층": "15",
        "해제사유발생일": null,
        "해제여부": null
    },
    {
        "거래금액": "39,100",
        "건축년도": "1999",
        "년": "2006",
        "법정동": "신당동",
        "아파트": "삼성",
        "월": "3",
        "일": "6",
        "전용면적": "84.96",
        "지번": "843",
        "지역코드": "11140",
        "층": "18",
        "해제사유발생일": null,
        "해제여부": null
    },
    {
        "거래금액": "27,300",
        "건축년도": "1999",
        "년": "2006",
        "법정동": "신당동",
        "아파트": "약수하이츠",
        "월": "3",
        "일": "6",
        "전용면적": "65.37",
        "지번": "842",
        "지역코드": "11140",
        "층": "8",
        "해제사유발생일": null,
        "해제여부": null
    },
    {
        "거래금액": "66,704",
        "건축년도": "2005",
        "년": "2006",
        "법정동": "신당동",
        "아파트": "남산정은스카이",
        "월": "3",
        "일": "6",
        "전용면적": "143.049",
        "지번": "366-126",
        "지역코드": "11140",
        "층": "7",
        "해제사유발생일": null,
        "해제여부": null
    },
    {
        "거래금액": "50,000",
        "건축년도": "2002",
        "년": "2006",
        "법정동": "신당동",
        "아파트": "남산타운",
        "월": "3",
        "일": "7",
        "전용면적": "84.88",
        "지번": "844",
        "지역코드": "11140",
        "층": "9",
        "해제사유발생일": null,
        "해제여부": null
    },
    {
        "거래금액": "40,000",
        "건축년도": "1993",
        "년": "2006",
        "법정동": "신당동",
        "아파트": "현대",
        "월": "3",
        "일": "7",
        "전용면적": "122.275",
        "지번": "840",
        "지역코드": "11140",
        "층": "9",
        "해제사유발생일": null,
        "해제여부": null
    },
    {
        "거래금액": "21,950",
        "건축년도": "2002",
        "년": "2006",
        "법정동": "신당동",
        "아파트": "남산타운",
        "월": "3",
        "일": "7",
        "전용면적": "59.94",
        "지번": "844",
        "지역코드": "11140",
        "층": "11",
        "해제사유발생일": null,
        "해제여부": null
    },
    {
        "거래금액": "47,700",
        "건축년도": "1999",
        "년": "2006",
        "법정동": "신당동",
        "아파트": "삼성",
        "월": "3",
        "일": "8",
        "전용면적": "114.91",
        "지번": "843",
        "지역코드": "11140",
        "층": "7",
        "해제사유발생일": null,
        "해제여부": null
    },
    {
        "거래금액": "26,150",
        "건축년도": "1999",
        "년": "2006",
        "법정동": "신당동",
        "아파트": "삼성",
        "월": "3",
        "일": "8",
        "전용면적": "59.98",
        "지번": "843",
        "지역코드": "11140",
        "층": "7",
        "해제사유발생일": null,
        "해제여부": null
    },
    {
        "거래금액": "45,000",
        "건축년도": "2002",
        "년": "2006",
        "법정동": "신당동",
        "아파트": "남산타운",
        "월": "3",
        "일": "8",
        "전용면적": "84.88",
        "지번": "844",
        "지역코드": "11140",
        "층": "5",
        "해제사유발생일": null,
        "해제여부": null
    },
    {
        "거래금액": "9,750",
        "건축년도": "2002",
        "년": "2006",
        "법정동": "신당동",
        "아파트": "글로리안(B)",
        "월": "3",
        "일": "8",
        "전용면적": "59.88",
        "지번": "432-970",
        "지역코드": "11140",
        "층": "5",
        "해제사유발생일": null,
        "해제여부": null
    },
    {
        "거래금액": "36,800",
        "건축년도": "1993",
        "년": "2006",
        "법정동": "신당동",
        "아파트": "현대",
        "월": "3",
        "일": "8",
        "전용면적": "122.275",
        "지번": "840",
        "지역코드": "11140",
        "층": "13",
        "해제사유발생일": null,
        "해제여부": null
    },
    {
        "거래금액": "27,850",
        "건축년도": "1999",
        "년": "2006",
        "법정동": "신당동",
        "아파트": "약수하이츠",
        "월": "3",
        "일": "8",
        "전용면적": "65.37",
        "지번": "842",
        "지역코드": "11140",
        "층": "14",
        "해제사유발생일": null,
        "해제여부": null
    },
    {
        "거래금액": "41,900",
        "건축년도": "1999",
        "년": "2006",
        "법정동": "신당동",
        "아파트": "약수하이츠",
        "월": "3",
        "일": "9",
        "전용면적": "84.88",
        "지번": "842",
        "지역코드": "11140",
        "층": "8",
        "해제사유발생일": null,
        "해제여부": null
    },
    {
        "거래금액": "27,000",
        "건축년도": "2002",
        "년": "2006",
        "법정동": "신당동",
        "아파트": "남산타운",
        "월": "3",
        "일": "9",
        "전용면적": "59.94",
        "지번": "844",
        "지역코드": "11140",
        "층": "15",
        "해제사유발생일": null,
        "해제여부": null
    },
    {
        "거래금액": "66,704",
        "건축년도": "2005",
        "년": "2006",
        "법정동": "신당동",
        "아파트": "남산정은스카이",
        "월": "3",
        "일": "10",
        "전용면적": "143.049",
        "지번": "366-126",
        "지역코드": "11140",
        "층": "7",
        "해제사유발생일": null,
        "해제여부": null
    },
    {
        "거래금액": "26,500",
        "건축년도": "1999",
        "년": "2006",
        "법정동": "신당동",
        "아파트": "약수하이츠",
        "월": "3",
        "일": "10",
        "전용면적": "57.63",
        "지번": "842",
        "지역코드": "11140",
        "층": "10",
        "해제사유발생일": null,
        "해제여부": null
    },
    {
        "거래금액": "34,000",
        "건축년도": "1999",
        "년": "2006",
        "법정동": "신당동",
        "아파트": "약수하이츠",
        "월": "3",
        "일": "10",
        "전용면적": "84.88",
        "지번": "842",
        "지역코드": "11140",
        "층": "5",
        "해제사유발생일": null,
        "해제여부": null
    },
    {
        "거래금액": "53,946",
        "건축년도": "2005",
        "년": "2006",
        "법정동": "신당동",
        "아파트": "남산정은스카이",
        "월": "3",
        "일": "10",
        "전용면적": "142.109",
        "지번": "366-126",
        "지역코드": "11140",
        "층": "1",
        "해제사유발생일": null,
        "해제여부": null
    },
    {
        "거래금액": "66,704",
        "건축년도": "2005",
        "년": "2006",
        "법정동": "신당동",
        "아파트": "남산정은스카이",
        "월": "3",
        "일": "10",
        "전용면적": "143.049",
        "지번": "366-126",
        "지역코드": "11140",
        "층": "5",
        "해제사유발생일": null,
        "해제여부": null
    },
    {
        "거래금액": "31,000",
        "건축년도": "1999",
        "년": "2006",
        "법정동": "신당동",
        "아파트": "약수하이츠",
        "월": "3",
        "일": "11",
        "전용면적": "65.37",
        "지번": "842",
        "지역코드": "11140",
        "층": "14",
        "해제사유발생일": null,
        "해제여부": null
    },
    {
        "거래금액": "69,000",
        "건축년도": "2005",
        "년": "2006",
        "법정동": "신당동",
        "아파트": "신당푸르지오",
        "월": "3",
        "일": "11",
        "전용면적": "145.1",
        "지번": "850",
        "지역코드": "11140",
        "층": "17",
        "해제사유발생일": null,
        "해제여부": null
    },
    {
        "거래금액": "40,000",
        "건축년도": "2005",
        "년": "2006",
        "법정동": "신당동",
        "아파트": "신당푸르지오",
        "월": "3",
        "일": "11",
        "전용면적": "84.39",
        "지번": "850",
        "지역코드": "11140",
        "층": "2",
        "해제사유발생일": null,
        "해제여부": null
    },
    {
        "거래금액": "21,500",
        "건축년도": "1993",
        "년": "2006",
        "법정동": "신당동",
        "아파트": "현대",
        "월": "3",
        "일": "11",
        "전용면적": "66.6",
        "지번": "840",
        "지역코드": "11140",
        "층": "6",
        "해제사유발생일": null,
        "해제여부": null
    },
    {
        "거래금액": "27,000",
        "건축년도": "1999",
        "년": "2006",
        "법정동": "신당동",
        "아파트": "삼성",
        "월": "3",
        "일": "12",
        "전용면적": "59.98",
        "지번": "843",
        "지역코드": "11140",
        "층": "15",
        "해제사유발생일": null,
        "해제여부": null
    },
    {
        "거래금액": "48,500",
        "건축년도": "1999",
        "년": "2006",
        "법정동": "신당동",
        "아파트": "삼성",
        "월": "3",
        "일": "12",
        "전용면적": "114.91",
        "지번": "843",
        "지역코드": "11140",
        "층": "11",
        "해제사유발생일": null,
        "해제여부": null
    },
    {
        "거래금액": "40,500",
        "건축년도": "1999",
        "년": "2006",
        "법정동": "신당동",
        "아파트": "삼성",
        "월": "3",
        "일": "13",
        "전용면적": "114.91",
        "지번": "843",
        "지역코드": "11140",
        "층": "2",
        "해제사유발생일": null,
        "해제여부": null
    },
    {
        "거래금액": "57,000",
        "건축년도": "1999",
        "년": "2006",
        "법정동": "신당동",
        "아파트": "약수하이츠",
        "월": "3",
        "일": "13",
        "전용면적": "114.92",
        "지번": "842",
        "지역코드": "11140",
        "층": "8",
        "해제사유발생일": null,
        "해제여부": null
    },
    {
        "거래금액": "23,850",
        "건축년도": "2002",
        "년": "2006",
        "법정동": "신당동",
        "아파트": "남산타운",
        "월": "3",
        "일": "14",
        "전용면적": "59.94",
        "지번": "844",
        "지역코드": "11140",
        "층": "2",
        "해제사유발생일": null,
        "해제여부": null
    },
    {
        "거래금액": "36,300",
        "건축년도": "1999",
        "년": "2006",
        "법정동": "신당동",
        "아파트": "약수하이츠",
        "월": "3",
        "일": "14",
        "전용면적": "84.88",
        "지번": "842",
        "지역코드": "11140",
        "층": "16",
        "해제사유발생일": null,
        "해제여부": null
    },
    {
        "거래금액": "26,300",
        "건축년도": "2002",
        "년": "2006",
        "법정동": "신당동",
        "아파트": "남산타운",
        "월": "3",
        "일": "14",
        "전용면적": "59.94",
        "지번": "844",
        "지역코드": "11140",
        "층": "10",
        "해제사유발생일": null,
        "해제여부": null
    },
    {
        "거래금액": "43,900",
        "건축년도": "2005",
        "년": "2006",
        "법정동": "신당동",
        "아파트": "신당푸르지오",
        "월": "3",
        "일": "15",
        "전용면적": "84.39",
        "지번": "850",
        "지역코드": "11140",
        "층": "19",
        "해제사유발생일": null,
        "해제여부": null
    },
    {
        "거래금액": "27,950",
        "건축년도": "1993",
        "년": "2006",
        "법정동": "신당동",
        "아파트": "현대",
        "월": "3",
        "일": "15",
        "전용면적": "83.97",
        "지번": "840",
        "지역코드": "11140",
        "층": "11",
        "해제사유발생일": null,
        "해제여부": null
    },
    {
        "거래금액": "46,300",
        "건축년도": "1993",
        "년": "2006",
        "법정동": "신당동",
        "아파트": "현대",
        "월": "3",
        "일": "15",
        "전용면적": "139.275",
        "지번": "840",
        "지역코드": "11140",
        "층": "6",
        "해제사유발생일": null,
        "해제여부": null
    },
    {
        "거래금액": "48,000",
        "건축년도": "1999",
        "년": "2006",
        "법정동": "신당동",
        "아파트": "삼성",
        "월": "3",
        "일": "16",
        "전용면적": "114.91",
        "지번": "843",
        "지역코드": "11140",
        "층": "11",
        "해제사유발생일": null,
        "해제여부": null
    },
    {
        "거래금액": "49,000",
        "건축년도": "1999",
        "년": "2006",
        "법정동": "신당동",
        "아파트": "삼성",
        "월": "3",
        "일": "16",
        "전용면적": "114.91",
        "지번": "843",
        "지역코드": "11140",
        "층": "21",
        "해제사유발생일": null,
        "해제여부": null
    },
    {
        "거래금액": "29,850",
        "건축년도": "1993",
        "년": "2006",
        "법정동": "신당동",
        "아파트": "현대",
        "월": "3",
        "일": "18",
        "전용면적": "79.11",
        "지번": "840",
        "지역코드": "11140",
        "층": "11",
        "해제사유발생일": null,
        "해제여부": null
    },
    {
        "거래금액": "49,500",
        "건축년도": "1999",
        "년": "2006",
        "법정동": "신당동",
        "아파트": "삼성",
        "월": "3",
        "일": "18",
        "전용면적": "114.91",
        "지번": "843",
        "지역코드": "11140",
        "층": "17",
        "해제사유발생일": null,
        "해제여부": null
    },
    {
        "거래금액": "39,500",
        "건축년도": "1999",
        "년": "2006",
        "법정동": "신당동",
        "아파트": "삼성",
        "월": "3",
        "일": "18",
        "전용면적": "84.96",
        "지번": "843",
        "지역코드": "11140",
        "층": "6",
        "해제사유발생일": null,
        "해제여부": null
    },
    {
        "거래금액": "42,600",
        "건축년도": "1993",
        "년": "2006",
        "법정동": "신당동",
        "아파트": "현대",
        "월": "3",
        "일": "18",
        "전용면적": "139.275",
        "지번": "840",
        "지역코드": "11140",
        "층": "15",
        "해제사유발생일": null,
        "해제여부": null
    },
    {
        "거래금액": "45,000",
        "건축년도": "2002",
        "년": "2006",
        "법정동": "신당동",
        "아파트": "남산타운",
        "월": "3",
        "일": "18",
        "전용면적": "84.88",
        "지번": "844",
        "지역코드": "11140",
        "층": "10",
        "해제사유발생일": null,
        "해제여부": null
    },
    {
        "거래금액": "25,750",
        "건축년도": "2002",
        "년": "2006",
        "법정동": "신당동",
        "아파트": "남산타운",
        "월": "3",
        "일": "19",
        "전용면적": "59.94",
        "지번": "844",
        "지역코드": "11140",
        "층": "6",
        "해제사유발생일": null,
        "해제여부": null
    },
    {
        "거래금액": "65,900",
        "건축년도": "2002",
        "년": "2006",
        "법정동": "신당동",
        "아파트": "남산타운",
        "월": "3",
        "일": "20",
        "전용면적": "114.88",
        "지번": "844",
        "지역코드": "11140",
        "층": "6",
        "해제사유발생일": null,
        "해제여부": null
    },
    {
        "거래금액": "27,000",
        "건축년도": "2002",
        "년": "2006",
        "법정동": "신당동",
        "아파트": "남산타운",
        "월": "3",
        "일": "20",
        "전용면적": "59.94",
        "지번": "844",
        "지역코드": "11140",
        "층": "17",
        "해제사유발생일": null,
        "해제여부": null
    },
    {
        "거래금액": "43,000",
        "건축년도": "1999",
        "년": "2006",
        "법정동": "신당동",
        "아파트": "삼성",
        "월": "3",
        "일": "20",
        "전용면적": "84.96",
        "지번": "843",
        "지역코드": "11140",
        "층": "15",
        "해제사유발생일": null,
        "해제여부": null
    },
    {
        "거래금액": "28,000",
        "건축년도": "1999",
        "년": "2006",
        "법정동": "신당동",
        "아파트": "약수하이츠",
        "월": "3",
        "일": "20",
        "전용면적": "57.63",
        "지번": "842",
        "지역코드": "11140",
        "층": "8",
        "해제사유발생일": null,
        "해제여부": null
    },
    {
        "거래금액": "26,100",
        "건축년도": "1999",
        "년": "2006",
        "법정동": "신당동",
        "아파트": "약수하이츠",
        "월": "3",
        "일": "20",
        "전용면적": "57.63",
        "지번": "842",
        "지역코드": "11140",
        "층": "4",
        "해제사유발생일": null,
        "해제여부": null
    },
    {
        "거래금액": "66,704",
        "건축년도": "2005",
        "년": "2006",
        "법정동": "신당동",
        "아파트": "남산정은스카이",
        "월": "3",
        "일": "21",
        "전용면적": "143.049",
        "지번": "366-126",
        "지역코드": "11140",
        "층": "8",
        "해제사유발생일": null,
        "해제여부": null
    },
    {
        "거래금액": "37,500",
        "건축년도": "1999",
        "년": "2006",
        "법정동": "신당동",
        "아파트": "삼성",
        "월": "3",
        "일": "21",
        "전용면적": "84.96",
        "지번": "843",
        "지역코드": "11140",
        "층": "16",
        "해제사유발생일": null,
        "해제여부": null
    },
    {
        "거래금액": "30,000",
        "건축년도": "2000",
        "년": "2006",
        "법정동": "신당동",
        "아파트": "신당동파라다이스",
        "월": "3",
        "일": "21",
        "전용면적": "84.77",
        "지번": "846",
        "지역코드": "11140",
        "층": "12",
        "해제사유발생일": null,
        "해제여부": null
    },
    {
        "거래금액": "23,200",
        "건축년도": "1993",
        "년": "2006",
        "법정동": "신당동",
        "아파트": "현대",
        "월": "3",
        "일": "22",
        "전용면적": "66.6",
        "지번": "840",
        "지역코드": "11140",
        "층": "10",
        "해제사유발생일": null,
        "해제여부": null
    },
    {
        "거래금액": "48,500",
        "건축년도": "2002",
        "년": "2006",
        "법정동": "신당동",
        "아파트": "남산타운",
        "월": "3",
        "일": "22",
        "전용면적": "84.88",
        "지번": "844",
        "지역코드": "11140",
        "층": "9",
        "해제사유발생일": null,
        "해제여부": null
    },
    {
        "거래금액": "45,000",
        "건축년도": "2002",
        "년": "2006",
        "법정동": "신당동",
        "아파트": "남산타운",
        "월": "3",
        "일": "22",
        "전용면적": "84.88",
        "지번": "844",
        "지역코드": "11140",
        "층": "9",
        "해제사유발생일": null,
        "해제여부": null
    },
    {
        "거래금액": "48,500",
        "건축년도": "2002",
        "년": "2006",
        "법정동": "신당동",
        "아파트": "남산타운",
        "월": "3",
        "일": "24",
        "전용면적": "84.88",
        "지번": "844",
        "지역코드": "11140",
        "층": "6",
        "해제사유발생일": null,
        "해제여부": null
    },
    {
        "거래금액": "21,700",
        "건축년도": "1999",
        "년": "2006",
        "법정동": "신당동",
        "아파트": "약수하이츠",
        "월": "3",
        "일": "24",
        "전용면적": "57.63",
        "지번": "842",
        "지역코드": "11140",
        "층": "6",
        "해제사유발생일": null,
        "해제여부": null
    },
    {
        "거래금액": "46,200",
        "건축년도": "2002",
        "년": "2006",
        "법정동": "신당동",
        "아파트": "남산타운",
        "월": "3",
        "일": "25",
        "전용면적": "84.88",
        "지번": "844",
        "지역코드": "11140",
        "층": "6",
        "해제사유발생일": null,
        "해제여부": null
    },
    {
        "거래금액": "27,300",
        "건축년도": "1999",
        "년": "2006",
        "법정동": "신당동",
        "아파트": "삼성",
        "월": "3",
        "일": "25",
        "전용면적": "59.98",
        "지번": "843",
        "지역코드": "11140",
        "층": "19",
        "해제사유발생일": null,
        "해제여부": null
    },
    {
        "거래금액": "58,250",
        "건축년도": "1999",
        "년": "2006",
        "법정동": "신당동",
        "아파트": "약수하이츠",
        "월": "3",
        "일": "25",
        "전용면적": "114.92",
        "지번": "842",
        "지역코드": "11140",
        "층": "10",
        "해제사유발생일": null,
        "해제여부": null
    },
    {
        "거래금액": "48,000",
        "건축년도": "2002",
        "년": "2006",
        "법정동": "신당동",
        "아파트": "남산타운",
        "월": "3",
        "일": "25",
        "전용면적": "84.88",
        "지번": "844",
        "지역코드": "11140",
        "층": "10",
        "해제사유발생일": null,
        "해제여부": null
    },
    {
        "거래금액": "69,700",
        "건축년도": "2002",
        "년": "2006",
        "법정동": "신당동",
        "아파트": "남산타운",
        "월": "3",
        "일": "26",
        "전용면적": "114.88",
        "지번": "844",
        "지역코드": "11140",
        "층": "15",
        "해제사유발생일": null,
        "해제여부": null
    },
    {
        "거래금액": "36,000",
        "건축년도": "2002",
        "년": "2006",
        "법정동": "신당동",
        "아파트": "남산타운",
        "월": "3",
        "일": "27",
        "전용면적": "59.94",
        "지번": "844",
        "지역코드": "11140",
        "층": "16",
        "해제사유발생일": null,
        "해제여부": null
    },
    {
        "거래금액": "25,300",
        "건축년도": "1993",
        "년": "2006",
        "법정동": "신당동",
        "아파트": "현대",
        "월": "3",
        "일": "28",
        "전용면적": "83.97",
        "지번": "840",
        "지역코드": "11140",
        "층": "2",
        "해제사유발생일": null,
        "해제여부": null
    },
    {
        "거래금액": "49,000",
        "건축년도": "1999",
        "년": "2006",
        "법정동": "신당동",
        "아파트": "삼성",
        "월": "3",
        "일": "29",
        "전용면적": "114.91",
        "지번": "843",
        "지역코드": "11140",
        "층": "8",
        "해제사유발생일": null,
        "해제여부": null
    },
    {
        "거래금액": "59,000",
        "건축년도": "2002",
        "년": "2006",
        "법정동": "신당동",
        "아파트": "남산타운",
        "월": "3",
        "일": "29",
        "전용면적": "114.88",
        "지번": "844",
        "지역코드": "11140",
        "층": "16",
        "해제사유발생일": null,
        "해제여부": null
    },
    {
        "거래금액": "42,000",
        "건축년도": "1999",
        "년": "2006",
        "법정동": "신당동",
        "아파트": "약수하이츠",
        "월": "3",
        "일": "29",
        "전용면적": "84.88",
        "지번": "842",
        "지역코드": "11140",
        "층": "6",
        "해제사유발생일": null,
        "해제여부": null
    },
    {
        "거래금액": "32,000",
        "건축년도": "1999",
        "년": "2006",
        "법정동": "신당동",
        "아파트": "약수하이츠",
        "월": "3",
        "일": "29",
        "전용면적": "65.37",
        "지번": "842",
        "지역코드": "11140",
        "층": "15",
        "해제사유발생일": null,
        "해제여부": null
    },
    {
        "거래금액": "54,000",
        "건축년도": "1999",
        "년": "2006",
        "법정동": "신당동",
        "아파트": "약수하이츠",
        "월": "3",
        "일": "29",
        "전용면적": "114.92",
        "지번": "842",
        "지역코드": "11140",
        "층": "12",
        "해제사유발생일": null,
        "해제여부": null
    },
    {
        "거래금액": "41,800",
        "건축년도": "1999",
        "년": "2006",
        "법정동": "신당동",
        "아파트": "약수하이츠",
        "월": "3",
        "일": "30",
        "전용면적": "84.88",
        "지번": "842",
        "지역코드": "11140",
        "층": "14",
        "해제사유발생일": null,
        "해제여부": null
    },
    {
        "거래금액": "40,000",
        "건축년도": "1999",
        "년": "2006",
        "법정동": "신당동",
        "아파트": "약수하이츠",
        "월": "3",
        "일": "30",
        "전용면적": "84.88",
        "지번": "842",
        "지역코드": "11140",
        "층": "20",
        "해제사유발생일": null,
        "해제여부": null
    },
    {
        "거래금액": "38,000",
        "건축년도": "1999",
        "년": "2006",
        "법정동": "신당동",
        "아파트": "약수하이츠",
        "월": "3",
        "일": "30",
        "전용면적": "84.88",
        "지번": "842",
        "지역코드": "11140",
        "층": "14",
        "해제사유발생일": null,
        "해제여부": null
    },
    {
        "거래금액": "36,506",
        "건축년도": "2005",
        "년": "2006",
        "법정동": "신당동",
        "아파트": "남산정은스카이",
        "월": "3",
        "일": "30",
        "전용면적": "84.841",
        "지번": "366-126",
        "지역코드": "11140",
        "층": "3",
        "해제사유발생일": null,
        "해제여부": null
    },
    {
        "거래금액": "47,700",
        "건축년도": "1999",
        "년": "2006",
        "법정동": "신당동",
        "아파트": "삼성",
        "월": "3",
        "일": "30",
        "전용면적": "114.91",
        "지번": "843",
        "지역코드": "11140",
        "층": "7",
        "해제사유발생일": null,
        "해제여부": null
    },
    {
        "거래금액": "52,000",
        "건축년도": "1999",
        "년": "2006",
        "법정동": "신당동",
        "아파트": "삼성",
        "월": "3",
        "일": "31",
        "전용면적": "114.91",
        "지번": "843",
        "지역코드": "11140",
        "층": "6",
        "해제사유발생일": null,
        "해제여부": null
    },
    {
        "거래금액": "64,800",
        "건축년도": "2005",
        "년": "2006",
        "법정동": "신당동",
        "아파트": "남산정은스카이",
        "월": "3",
        "일": "31",
        "전용면적": "143.049",
        "지번": "366-126",
        "지역코드": "11140",
        "층": "3",
        "해제사유발생일": null,
        "해제여부": null
    },
    {
        "거래금액": "59,500",
        "건축년도": "2002",
        "년": "2006",
        "법정동": "신당동",
        "아파트": "남산타운",
        "월": "3",
        "일": "31",
        "전용면적": "114.88",
        "지번": "844",
        "지역코드": "11140",
        "층": "8",
        "해제사유발생일": null,
        "해제여부": null
    },
    {
        "거래금액": "47,500",
        "건축년도": "2001",
        "년": "2006",
        "법정동": "중림동",
        "아파트": "삼성사이버빌리지",
        "월": "3",
        "일": "6",
        "전용면적": "84.95",
        "지번": "200",
        "지역코드": "11140",
        "층": "17",
        "해제사유발생일": null,
        "해제여부": null
    },
    {
        "거래금액": "41,000",
        "건축년도": "2001",
        "년": "2006",
        "법정동": "중림동",
        "아파트": "삼성사이버빌리지",
        "월": "3",
        "일": "11",
        "전용면적": "84.93",
        "지번": "200",
        "지역코드": "11140",
        "층": "10",
        "해제사유발생일": null,
        "해제여부": null
    },
    {
        "거래금액": "31,500",
        "건축년도": "2001",
        "년": "2006",
        "법정동": "중림동",
        "아파트": "삼성사이버빌리지",
        "월": "3",
        "일": "23",
        "전용면적": "59.93",
        "지번": "200",
        "지역코드": "11140",
        "층": "13",
        "해제사유발생일": null,
        "해제여부": null
    },
    {
        "거래금액": "48,000",
        "건축년도": "2001",
        "년": "2006",
        "법정동": "중림동",
        "아파트": "삼성사이버빌리지",
        "월": "3",
        "일": "27",
        "전용면적": "84.95",
        "지번": "200",
        "지역코드": "11140",
        "층": "16",
        "해제사유발생일": null,
        "해제여부": null
    },
    {
        "거래금액": "74,901",
        "건축년도": "2006",
        "년": "2006",
        "법정동": "중림동",
        "아파트": "브라운스톤(355-0)",
        "월": "3",
        "일": "27",
        "전용면적": "139.562",
        "지번": "355",
        "지역코드": "11140",
        "층": "16",
        "해제사유발생일": null,
        "해제여부": null
    },
    {
        "거래금액": "40,306",
        "건축년도": "2006",
        "년": "2006",
        "법정동": "중림동",
        "아파트": "브라운스톤(355-0)",
        "월": "3",
        "일": "28",
        "전용면적": "84.878",
        "지번": "355",
        "지역코드": "11140",
        "층": "14",
        "해제사유발생일": null,
        "해제여부": null
    },
    {
        "거래금액": "25,000",
        "건축년도": "2005",
        "년": "2006",
        "법정동": "만리동1가",
        "아파트": "SY파크힐",
        "월": "3",
        "일": "28",
        "전용면적": "95.78",
        "지번": "56-11",
        "지역코드": "11140",
        "층": "4",
        "해제사유발생일": null,
        "해제여부": null
    },
    {
        "거래금액": "7,750",
        "건축년도": "1999",
        "년": "2006",
        "법정동": "통인동",
        "아파트": "효자",
        "월": "3",
        "일": "11",
        "전용면적": "56.53",
        "지번": "5-1",
        "지역코드": "11110",
        "층": "4",
        "해제사유발생일": null,
        "해제여부": null
    },
    {
        "거래금액": "7,300",
        "건축년도": "1999",
        "년": "2006",
        "법정동": "통인동",
        "아파트": "효자",
        "월": "3",
        "일": "16",
        "전용면적": "53.49",
        "지번": "5-1",
        "지역코드": "11110",
        "층": "5",
        "해제사유발생일": null,
        "해제여부": null
    },
    {
        "거래금액": "50,000",
        "건축년도": "1981",
        "년": "2006",
        "법정동": "당주동",
        "아파트": "롯데미도파광화문빌딩",
        "월": "3",
        "일": "13",
        "전용면적": "149.95",
        "지번": "145",
        "지역코드": "11110",
        "층": "7",
        "해제사유발생일": null,
        "해제여부": null
    },
    {
        "거래금액": "73,000",
        "건축년도": "2003",
        "년": "2006",
        "법정동": "내수동",
        "아파트": "경희궁 파크팰리스",
        "월": "3",
        "일": "3",
        "전용면적": "103.77",
        "지번": "95",
        "지역코드": "11110",
        "층": "8",
        "해제사유발생일": null,
        "해제여부": null
    },
    {
        "거래금액": "73,500",
        "건축년도": "2003",
        "년": "2006",
        "법정동": "내수동",
        "아파트": "경희궁 파크팰리스",
        "월": "3",
        "일": "6",
        "전용면적": "117.26",
        "지번": "95",
        "지역코드": "11110",
        "층": "5",
        "해제사유발생일": null,
        "해제여부": null
    },
    {
        "거래금액": "105,000",
        "건축년도": "2003",
        "년": "2006",
        "법정동": "내수동",
        "아파트": "경희궁 파크팰리스",
        "월": "3",
        "일": "22",
        "전용면적": "146.33",
        "지번": "95",
        "지역코드": "11110",
        "층": "9",
        "해제사유발생일": null,
        "해제여부": null
    },
    {
        "거래금액": "47,000",
        "건축년도": "1994",
        "년": "2006",
        "법정동": "내수동",
        "아파트": "세종로대우",
        "월": "3",
        "일": "23",
        "전용면적": "100.44",
        "지번": "167",
        "지역코드": "11110",
        "층": "15",
        "해제사유발생일": null,
        "해제여부": null
    },
    {
        "거래금액": "55,000",
        "건축년도": "2005",
        "년": "2006",
        "법정동": "수송동",
        "아파트": "로얄팰리스스위트",
        "월": "3",
        "일": "30",
        "전용면적": "80.12",
        "지번": "85",
        "지역코드": "11110",
        "층": "18",
        "해제사유발생일": null,
        "해제여부": null
    },
    {
        "거래금액": "54,900",
        "건축년도": "2005",
        "년": "2006",
        "법정동": "수송동",
        "아파트": "로얄팰리스스위트",
        "월": "3",
        "일": "31",
        "전용면적": "80.12",
        "지번": "85",
        "지역코드": "11110",
        "층": "18",
        "해제사유발생일": null,
        "해제여부": null
    },
    {
        "거래금액": "14,000",
        "건축년도": "1968",
        "년": "2006",
        "법정동": "낙원동",
        "아파트": "낙원",
        "월": "3",
        "일": "3",
        "전용면적": "73.59",
        "지번": "288",
        "지역코드": "11110",
        "층": "13",
        "해제사유발생일": null,
        "해제여부": null
    },
    {
        "거래금액": "32,788",
        "건축년도": "2006",
        "년": "2006",
        "법정동": "명륜1가",
        "아파트": "건양하늘터",
        "월": "3",
        "일": "6",
        "전용면적": "82.63",
        "지번": "23",
        "지역코드": "11110",
        "층": "1",
        "해제사유발생일": null,
        "해제여부": null
    },
    {
        "거래금액": "34,040",
        "건축년도": "2006",
        "년": "2006",
        "법정동": "명륜1가",
        "아파트": "건양하늘터",
        "월": "3",
        "일": "10",
        "전용면적": "84.78",
        "지번": "23",
        "지역코드": "11110",
        "층": "2",
        "해제사유발생일": null,
        "해제여부": null
    },
    {
        "거래금액": "25,000",
        "건축년도": "2002",
        "년": "2006",
        "법정동": "명륜1가",
        "아파트": "아마레스",
        "월": "3",
        "일": "14",
        "전용면적": "84.59",
        "지번": "45-5",
        "지역코드": "11110",
        "층": "1",
        "해제사유발생일": null,
        "해제여부": null
    },
    {
        "거래금액": "35,000",
        "건축년도": "2006",
        "년": "2006",
        "법정동": "명륜1가",
        "아파트": "건양하늘터",
        "월": "3",
        "일": "16",
        "전용면적": "84.78",
        "지번": "23",
        "지역코드": "11110",
        "층": "2",
        "해제사유발생일": null,
        "해제여부": null
    },
    {
        "거래금액": "17,500",
        "건축년도": "2003",
        "년": "2006",
        "법정동": "명륜1가",
        "아파트": "리치캐슬아파트",
        "월": "3",
        "일": "21",
        "전용면적": "82.95",
        "지번": "33-85",
        "지역코드": "11110",
        "층": "1",
        "해제사유발생일": null,
        "해제여부": null
    },
    {
        "거래금액": "17,000",
        "건축년도": "2003",
        "년": "2006",
        "법정동": "명륜1가",
        "아파트": "리치캐슬아파트",
        "월": "3",
        "일": "21",
        "전용면적": "75.6",
        "지번": "33-85",
        "지역코드": "11110",
        "층": "1",
        "해제사유발생일": null,
        "해제여부": null
    },
    {
        "거래금액": "47,000",
        "건축년도": "1995",
        "년": "2006",
        "법정동": "명륜2가",
        "아파트": "아남1",
        "월": "3",
        "일": "11",
        "전용면적": "84.9",
        "지번": "4",
        "지역코드": "11110",
        "층": "12",
        "해제사유발생일": null,
        "해제여부": null
    },
    {
        "거래금액": "29,200",
        "건축년도": "1993",
        "년": "2006",
        "법정동": "창신동",
        "아파트": "창신쌍용2",
        "월": "3",
        "일": "1",
        "전용면적": "115.53",
        "지번": "703",
        "지역코드": "11110",
        "층": "14",
        "해제사유발생일": null,
        "해제여부": null
    },
    {
        "거래금액": "13,000",
        "건축년도": "1992",
        "년": "2006",
        "법정동": "창신동",
        "아파트": "창신쌍용1",
        "월": "3",
        "일": "3",
        "전용면적": "54.7",
        "지번": "702",
        "지역코드": "11110",
        "층": "2",
        "해제사유발생일": null,
        "해제여부": null
    },
    {
        "거래금액": "15,000",
        "건축년도": "2002",
        "년": "2006",
        "법정동": "창신동",
        "아파트": "MID그린(3동)",
        "월": "3",
        "일": "4",
        "전용면적": "58.88",
        "지번": "601-2",
        "지역코드": "11110",
        "층": "5",
        "해제사유발생일": null,
        "해제여부": null
    },
    {
        "거래금액": "21,500",
        "건축년도": "2003",
        "년": "2006",
        "법정동": "창신동",
        "아파트": "창신이수",
        "월": "3",
        "일": "6",
        "전용면적": "68.06",
        "지번": "23-816",
        "지역코드": "11110",
        "층": "3",
        "해제사유발생일": null,
        "해제여부": null
    },
    {
        "거래금액": "15,400",
        "건축년도": "1993",
        "년": "2006",
        "법정동": "창신동",
        "아파트": "창신쌍용2",
        "월": "3",
        "일": "7",
        "전용면적": "64.66",
        "지번": "703",
        "지역코드": "11110",
        "층": "14",
        "해제사유발생일": null,
        "해제여부": null
    },
    {
        "거래금액": "20,600",
        "건축년도": "1993",
        "년": "2006",
        "법정동": "창신동",
        "아파트": "창신쌍용2",
        "월": "3",
        "일": "7",
        "전용면적": "79.87",
        "지번": "703",
        "지역코드": "11110",
        "층": "6",
        "해제사유발생일": null,
        "해제여부": null
    },
    {
        "거래금액": "14,000",
        "건축년도": "1968",
        "년": "2006",
        "법정동": "창신동",
        "아파트": "동대문",
        "월": "3",
        "일": "10",
        "전용면적": "28.8",
        "지번": "328-17",
        "지역코드": "11110",
        "층": "5",
        "해제사유발생일": null,
        "해제여부": null
    },
    {
        "거래금액": "14,500",
        "건축년도": "1993",
        "년": "2006",
        "법정동": "창신동",
        "아파트": "창신쌍용2",
        "월": "3",
        "일": "11",
        "전용면적": "64.66",
        "지번": "703",
        "지역코드": "11110",
        "층": "2",
        "해제사유발생일": null,
        "해제여부": null
    },
    {
        "거래금액": "31,000",
        "건축년도": "1993",
        "년": "2006",
        "법정동": "창신동",
        "아파트": "창신쌍용2",
        "월": "3",
        "일": "14",
        "전용면적": "115.53",
        "지번": "703",
        "지역코드": "11110",
        "층": "10",
        "해제사유발생일": null,
        "해제여부": null
    },
    {
        "거래금액": "16,600",
        "건축년도": "1993",
        "년": "2006",
        "법정동": "창신동",
        "아파트": "창신쌍용2",
        "월": "3",
        "일": "16",
        "전용면적": "64.66",
        "지번": "703",
        "지역코드": "11110",
        "층": "8",
        "해제사유발생일": null,
        "해제여부": null
    },
    {
        "거래금액": "22,500",
        "건축년도": "1992",
        "년": "2006",
        "법정동": "창신동",
        "아파트": "창신쌍용1",
        "월": "3",
        "일": "17",
        "전용면적": "79.87",
        "지번": "702",
        "지역코드": "11110",
        "층": "2",
        "해제사유발생일": null,
        "해제여부": null
    },
    {
        "거래금액": "14,000",
        "건축년도": "2002",
        "년": "2006",
        "법정동": "창신동",
        "아파트": "MID그린(8동)",
        "월": "3",
        "일": "20",
        "전용면적": "59.01",
        "지번": "602-1",
        "지역코드": "11110",
        "층": "5",
        "해제사유발생일": null,
        "해제여부": null
    },
    {
        "거래금액": "18,700",
        "건축년도": "1993",
        "년": "2006",
        "법정동": "창신동",
        "아파트": "창신쌍용2",
        "월": "3",
        "일": "20",
        "전용면적": "79.87",
        "지번": "703",
        "지역코드": "11110",
        "층": "15",
        "해제사유발생일": null,
        "해제여부": null
    },
    {
        "거래금액": "28,000",
        "건축년도": "1993",
        "년": "2006",
        "법정동": "창신동",
        "아파트": "창신쌍용2",
        "월": "3",
        "일": "20",
        "전용면적": "115.53",
        "지번": "703",
        "지역코드": "11110",
        "층": "9",
        "해제사유발생일": null,
        "해제여부": null
    },
    {
        "거래금액": "15,900",
        "건축년도": "1992",
        "년": "2006",
        "법정동": "창신동",
        "아파트": "창신쌍용1",
        "월": "3",
        "일": "20",
        "전용면적": "54.7",
        "지번": "702",
        "지역코드": "11110",
        "층": "3",
        "해제사유발생일": null,
        "해제여부": null
    },
    {
        "거래금액": "23,000",
        "건축년도": "1992",
        "년": "2006",
        "법정동": "창신동",
        "아파트": "창신쌍용1",
        "월": "3",
        "일": "21",
        "전용면적": "79.87",
        "지번": "702",
        "지역코드": "11110",
        "층": "6",
        "해제사유발생일": null,
        "해제여부": null
    },
    {
        "거래금액": "13,000",
        "건축년도": "1993",
        "년": "2006",
        "법정동": "창신동",
        "아파트": "창신쌍용2",
        "월": "3",
        "일": "23",
        "전용면적": "54.7",
        "지번": "703",
        "지역코드": "11110",
        "층": "6",
        "해제사유발생일": null,
        "해제여부": null
    },
    {
        "거래금액": "31,500",
        "건축년도": "1993",
        "년": "2006",
        "법정동": "창신동",
        "아파트": "창신쌍용2",
        "월": "3",
        "일": "24",
        "전용면적": "115.53",
        "지번": "703",
        "지역코드": "11110",
        "층": "5",
        "해제사유발생일": null,
        "해제여부": null
    },
    {
        "거래금액": "25,500",
        "건축년도": "1992",
        "년": "2006",
        "법정동": "창신동",
        "아파트": "창신쌍용1",
        "월": "3",
        "일": "25",
        "전용면적": "79.87",
        "지번": "702",
        "지역코드": "11110",
        "층": "10",
        "해제사유발생일": null,
        "해제여부": null
    },
    {
        "거래금액": "21,600",
        "건축년도": "1992",
        "년": "2006",
        "법정동": "창신동",
        "아파트": "창신쌍용1",
        "월": "3",
        "일": "25",
        "전용면적": "79.87",
        "지번": "702",
        "지역코드": "11110",
        "층": "8",
        "해제사유발생일": null,
        "해제여부": null
    },
    {
        "거래금액": "23,500",
        "건축년도": "1999",
        "년": "2006",
        "법정동": "창신동",
        "아파트": "두산",
        "월": "3",
        "일": "25",
        "전용면적": "59.95",
        "지번": "232",
        "지역코드": "11110",
        "층": "8",
        "해제사유발생일": null,
        "해제여부": null
    },
    {
        "거래금액": "13,500",
        "건축년도": "2002",
        "년": "2006",
        "법정동": "창신동",
        "아파트": "일우",
        "월": "3",
        "일": "27",
        "전용면적": "59.3",
        "지번": "602",
        "지역코드": "11110",
        "층": "2",
        "해제사유발생일": null,
        "해제여부": null
    },
    {
        "거래금액": "29,000",
        "건축년도": "1993",
        "년": "2006",
        "법정동": "창신동",
        "아파트": "창신쌍용2",
        "월": "3",
        "일": "28",
        "전용면적": "115.53",
        "지번": "703",
        "지역코드": "11110",
        "층": "14",
        "해제사유발생일": null,
        "해제여부": null
    },
    {
        "거래금액": "13,900",
        "건축년도": "1993",
        "년": "2006",
        "법정동": "창신동",
        "아파트": "창신쌍용2",
        "월": "3",
        "일": "31",
        "전용면적": "54.7",
        "지번": "703",
        "지역코드": "11110",
        "층": "9",
        "해제사유발생일": null,
        "해제여부": null
    },
    {
        "거래금액": "68,000",
        "건축년도": "2004",
        "년": "2006",
        "법정동": "숭인동",
        "아파트": "롯데캐슬천지인",
        "월": "3",
        "일": "3",
        "전용면적": "112.54",
        "지번": "76",
        "지역코드": "11110",
        "층": "13",
        "해제사유발생일": null,
        "해제여부": null
    },
    {
        "거래금액": "20,000",
        "건축년도": "1979",
        "년": "2006",
        "법정동": "숭인동",
        "아파트": "숭인상가",
        "월": "3",
        "일": "31",
        "전용면적": "80.85",
        "지번": "204-11",
        "지역코드": "11110",
        "층": "8",
        "해제사유발생일": null,
        "해제여부": null
    },
    {
        "거래금액": "26,500",
        "건축년도": "1998",
        "년": "2006",
        "법정동": "평창동",
        "아파트": "삼성",
        "월": "3",
        "일": "4",
        "전용면적": "84.93",
        "지번": "596",
        "지역코드": "11110",
        "층": "14",
        "해제사유발생일": null,
        "해제여부": null
    },
    {
        "거래금액": "25,800",
        "건축년도": "1998",
        "년": "2006",
        "법정동": "평창동",
        "아파트": "삼성",
        "월": "3",
        "일": "5",
        "전용면적": "84.93",
        "지번": "596",
        "지역코드": "11110",
        "층": "12",
        "해제사유발생일": null,
        "해제여부": null
    },
    {
        "거래금액": "50,000",
        "건축년도": "2001",
        "년": "2006",
        "법정동": "평창동",
        "아파트": "롯데낙천대",
        "월": "3",
        "일": "8",
        "전용면적": "91.06",
        "지번": "72",
        "지역코드": "11110",
        "층": "12",
        "해제사유발생일": null,
        "해제여부": null
    },
    {
        "거래금액": "55,000",
        "건축년도": "2003",
        "년": "2006",
        "법정동": "평창동",
        "아파트": "크래스빌",
        "월": "3",
        "일": "10",
        "전용면적": "175.81",
        "지번": "46-1",
        "지역코드": "11110",
        "층": "3",
        "해제사유발생일": null,
        "해제여부": null
    },
    {
        "거래금액": "23,950",
        "건축년도": "1996",
        "년": "2006",
        "법정동": "평창동",
        "아파트": "일성빌라트",
        "월": "3",
        "일": "31",
        "전용면적": "59.82",
        "지번": "145-5",
        "지역코드": "11110",
        "층": "2",
        "해제사유발생일": null,
        "해제여부": null
    },
    {
        "거래금액": "16,500",
        "건축년도": "1998",
        "년": "2006",
        "법정동": "신영동",
        "아파트": "대아파크빌",
        "월": "3",
        "일": "1",
        "전용면적": "59.22",
        "지번": "254",
        "지역코드": "11110",
        "층": "12",
        "해제사유발생일": null,
        "해제여부": null
    },
    {
        "거래금액": "14,550",
        "건축년도": "2002",
        "년": "2006",
        "법정동": "신영동",
        "아파트": "구암하이빌",
        "월": "3",
        "일": "10",
        "전용면적": "75.89",
        "지번": "105-22",
        "지역코드": "11110",
        "층": "3",
        "해제사유발생일": null,
        "해제여부": null
    },
    {
        "거래금액": "53,700",
        "건축년도": "2000",
        "년": "2006",
        "법정동": "무악동",
        "아파트": "현대",
        "월": "3",
        "일": "16",
        "전용면적": "114.9",
        "지번": "82",
        "지역코드": "11110",
        "층": "12",
        "해제사유발생일": null,
        "해제여부": null
    },
    {
        "거래금액": "35,100",
        "건축년도": "2000",
        "년": "2006",
        "법정동": "무악동",
        "아파트": "현대",
        "월": "3",
        "일": "18",
        "전용면적": "84.92",
        "지번": "82",
        "지역코드": "11110",
        "층": "9",
        "해제사유발생일": null,
        "해제여부": null
    },
    {
        "거래금액": "59,900",
        "건축년도": "2000",
        "년": "2006",
        "법정동": "무악동",
        "아파트": "현대",
        "월": "3",
        "일": "23",
        "전용면적": "114.9",
        "지번": "82",
        "지역코드": "11110",
        "층": "17",
        "해제사유발생일": null,
        "해제여부": null
    },
    {
        "거래금액": "42,800",
        "건축년도": "2000",
        "년": "2006",
        "법정동": "무악동",
        "아파트": "현대",
        "월": "3",
        "일": "24",
        "전용면적": "84.92",
        "지번": "82",
        "지역코드": "11110",
        "층": "19",
        "해제사유발생일": null,
        "해제여부": null
    },
    {
        "거래금액": "54,800",
        "건축년도": "2000",
        "년": "2006",
        "법정동": "무악동",
        "아파트": "현대",
        "월": "3",
        "일": "27",
        "전용면적": "114.9",
        "지번": "82",
        "지역코드": "11110",
        "층": "6",
        "해제사유발생일": null,
        "해제여부": null
    },
    {
        "거래금액": "23,000",
        "건축년도": "2000",
        "년": "2006",
        "법정동": "무악동",
        "아파트": "현대",
        "월": "3",
        "일": "27",
        "전용면적": "60",
        "지번": "82",
        "지역코드": "11110",
        "층": "10",
        "해제사유발생일": null,
        "해제여부": null
    },
    {
        "거래금액": "56,000",
        "건축년도": "2000",
        "년": "2006",
        "법정동": "무악동",
        "아파트": "현대",
        "월": "3",
        "일": "27",
        "전용면적": "114.9",
        "지번": "82",
        "지역코드": "11110",
        "층": "15",
        "해제사유발생일": null,
        "해제여부": null
    }
]