[
    {
        "거래금액": "14,800",
        "건축년도": "2002",
        "년": "2006",
        "대지권면적": "43.94",
        "법정동": "장충동1가",
        "연립다세대": "장충아트빌라",
        "월": "3",
        "일": "5",
        "전용면적": "64.99",
        "지번": "50-13",
        "지역코드": "11140",
        "층": "2",
        "해제사유발생일": null,
        "해제여부": null
    },
    {
        "거래금액": "10,800",
        "건축년도": "2002",
        "년": "2006",
        "대지권면적": "22.35",
        "법정동": "신당동",
        "연립다세대": "신신빌B",
        "월": "3",
        "일": "1",
        "전용면적": "60.56",
        "지번": "432-1950",
        "지역코드": "11140",
        "층": "3",
        "해제사유발생일": null,
        "해제여부": null
    },
    {
        "거래금액": "21,000",
        "건축년도": "2003",
        "년": "2006",
        "대지권면적": "43.15",
        "법정동": "신당동",
        "연립다세대": "장충아트빌라 15차",
        "월": "3",
        "일": "6",
        "전용면적": "72.8",
        "지번": "399-8",
        "지역코드": "11140",
        "층": "3",
        "해제사유발생일": null,
        "해제여부": null
    },
    {
        "거래금액": "12,150",
        "건축년도": "2000",
        "년": "2006",
        "대지권면적": "27.8",
        "법정동": "신당동",
        "연립다세대": "성지타운 6차",
        "월": "3",
        "일": "7",
        "전용면적": "59.77",
        "지번": "432-2060",
        "지역코드": "11140",
        "층": "4",
        "해제사유발생일": null,
        "해제여부": null
    },
    {
        "거래금액": "14,000",
        "건축년도": "1999",
        "년": "2006",
        "대지권면적": "44.39",
        "법정동": "신당동",
        "연립다세대": "반석빌라",
        "월": "3",
        "일": "9",
        "전용면적": "68.67",
        "지번": "333-255",
        "지역코드": "11140",
        "층": "1",
        "해제사유발생일": null,
        "해제여부": null
    },
    {
        "거래금액": "9,350",
        "건축년도": "2000",
        "년": "2006",
        "대지권면적": "17.97",
        "법정동": "신당동",
        "연립다세대": "목화아트빌",
        "월": "3",
        "일": "16",
        "전용면적": "53.83",
        "지번": "432-1792",
        "지역코드": "11140",
        "층": "1",
        "해제사유발생일": null,
        "해제여부": null
    },
    {
        "거래금액": "16,000",
        "건축년도": "2004",
        "년": "2006",
        "대지권면적": "31.8",
        "법정동": "신당동",
        "연립다세대": "장충아트빌라 17차",
        "월": "3",
        "일": "17",
        "전용면적": "56.68",
        "지번": "415-17",
        "지역코드": "11140",
        "층": "3",
        "해제사유발생일": null,
        "해제여부": null
    },
    {
        "거래금액": "17,000",
        "건축년도": "2002",
        "년": "2006",
        "대지권면적": "39.8",
        "법정동": "신당동",
        "연립다세대": "남산팰리스 A동",
        "월": "3",
        "일": "20",
        "전용면적": "59.14",
        "지번": "366-71",
        "지역코드": "11140",
        "층": "2",
        "해제사유발생일": null,
        "해제여부": null
    },
    {
        "거래금액": "8,700",
        "건축년도": "2000",
        "년": "2006",
        "대지권면적": "17.39",
        "법정동": "신당동",
        "연립다세대": "화평빌라",
        "월": "3",
        "일": "21",
        "전용면적": "54.04",
        "지번": "432-495",
        "지역코드": "11140",
        "층": "3",
        "해제사유발생일": null,
        "해제여부": null
    },
    {
        "거래금액": "11,100",
        "건축년도": "2000",
        "년": "2006",
        "대지권면적": "16.72",
        "법정동": "신당동",
        "연립다세대": "목산빌라",
        "월": "3",
        "일": "22",
        "전용면적": "52.84",
        "지번": "432-2028",
        "지역코드": "11140",
        "층": "4",
        "해제사유발생일": null,
        "해제여부": null
    },
    {
        "거래금액": "19,000",
        "건축년도": "1989",
        "년": "2006",
        "대지권면적": "72.56",
        "법정동": "신당동",
        "연립다세대": "신당로얄빌라가,나동",
        "월": "3",
        "일": "26",
        "전용면적": "78.21",
        "지번": "340-24",
        "지역코드": "11140",
        "층": "2",
        "해제사유발생일": null,
        "해제여부": null
    },
    {
        "거래금액": "9,900",
        "건축년도": "1993",
        "년": "2006",
        "대지권면적": "23.58",
        "법정동": "신당동",
        "연립다세대": "삼성아트빌라",
        "월": "3",
        "일": "26",
        "전용면적": "43.25",
        "지번": "156-5",
        "지역코드": "11140",
        "층": "4",
        "해제사유발생일": null,
        "해제여부": null
    },
    {
        "거래금액": "15,000",
        "건축년도": "2005",
        "년": "2006",
        "대지권면적": "39.06",
        "법정동": "신당동",
        "연립다세대": "(166-27)",
        "월": "3",
        "일": "26",
        "전용면적": "71.85",
        "지번": "166-27",
        "지역코드": "11140",
        "층": "4",
        "해제사유발생일": null,
        "해제여부": null
    },
    {
        "거래금액": "12,000",
        "건축년도": "2004",
        "년": "2006",
        "대지권면적": "29",
        "법정동": "신당동",
        "연립다세대": "명경빌라",
        "월": "3",
        "일": "27",
        "전용면적": "61.17",
        "지번": "432-1984",
        "지역코드": "11140",
        "층": "4",
        "해제사유발생일": null,
        "해제여부": null
    },
    {
        "거래금액": "12,500",
        "건축년도": "2004",
        "년": "2006",
        "대지권면적": "30.76",
        "법정동": "신당동",
        "연립다세대": "약수스카이빌",
        "월": "3",
        "일": "27",
        "전용면적": "64.58",
        "지번": "349-450",
        "지역코드": "11140",
        "층": "5",
        "해제사유발생일": null,
        "해제여부": null
    },
    {
        "거래금액": "8,000",
        "건축년도": "2000",
        "년": "2006",
        "대지권면적": "23.52",
        "법정동": "신당동",
        "연립다세대": "성지타운5동",
        "월": "3",
        "일": "28",
        "전용면적": "59.94",
        "지번": "432-2056",
        "지역코드": "11140",
        "층": "3",
        "해제사유발생일": null,
        "해제여부": null
    },
    {
        "거래금액": "2,000",
        "건축년도": "1989",
        "년": "2006",
        "대지권면적": "12.3",
        "법정동": "만리동2가",
        "연립다세대": "(38-3)",
        "월": "3",
        "일": "20",
        "전용면적": "56.8",
        "지번": "38-3",
        "지역코드": "11140",
        "층": "-1",
        "해제사유발생일": null,
        "해제여부": null
    },
    {
        "거래금액": "90,000",
        "건축년도": "2003",
        "년": "2006",
        "대지권면적": "260.27",
        "법정동": "청운동",
        "연립다세대": "레노시스빌",
        "월": "3",
        "일": "2",
        "전용면적": "221.49",
        "지번": "15",
        "지역코드": "11110",
        "층": "2",
        "해제사유발생일": null,
        "해제여부": null
    },
    {
        "거래금액": "24,000",
        "건축년도": "1995",
        "년": "2006",
        "대지권면적": "69.58",
        "법정동": "청운동",
        "연립다세대": "청라맨션",
        "월": "3",
        "일": "3",
        "전용면적": "100.35",
        "지번": "56-74",
        "지역코드": "11110",
        "층": "2",
        "해제사유발생일": null,
        "해제여부": null
    },
    {
        "거래금액": "38,000",
        "건축년도": "1988",
        "년": "2006",
        "대지권면적": "81.03",
        "법정동": "청운동",
        "연립다세대": "청운벽산빌리지",
        "월": "3",
        "일": "12",
        "전용면적": "83.61",
        "지번": "1",
        "지역코드": "11110",
        "층": "2",
        "해제사유발생일": null,
        "해제여부": null
    },
    {
        "거래금액": "84,000",
        "건축년도": "1988",
        "년": "2006",
        "대지권면적": "170.95",
        "법정동": "청운동",
        "연립다세대": "청운벽산빌리지",
        "월": "3",
        "일": "27",
        "전용면적": "176.4",
        "지번": "1",
        "지역코드": "11110",
        "층": "1",
        "해제사유발생일": null,
        "해제여부": null
    },
    {
        "거래금액": "13,300",
        "건축년도": "1996",
        "년": "2006",
        "대지권면적": "24.88",
        "법정동": "신교동",
        "연립다세대": "(효자분식)",
        "월": "3",
        "일": "31",
        "전용면적": "59.79",
        "지번": "10",
        "지역코드": "11110",
        "층": "5",
        "해제사유발생일": null,
        "해제여부": null
    },
    {
        "거래금액": "77,500",
        "건축년도": "2004",
        "년": "2006",
        "대지권면적": "93.46",
        "법정동": "효자동",
        "연립다세대": "엠퍼러스파크빌",
        "월": "3",
        "일": "4",
        "전용면적": "194.91",
        "지번": "76-1",
        "지역코드": "11110",
        "층": "2",
        "해제사유발생일": null,
        "해제여부": null
    },
    {
        "거래금액": "22,000",
        "건축년도": "2002",
        "년": "2006",
        "대지권면적": "35.428",
        "법정동": "누상동",
        "연립다세대": "렉스빌라6차",
        "월": "3",
        "일": "13",
        "전용면적": "77.88",
        "지번": "148",
        "지역코드": "11110",
        "층": "2",
        "해제사유발생일": null,
        "해제여부": null
    },
    {
        "거래금액": "2,600",
        "건축년도": "2001",
        "년": "2006",
        "대지권면적": "12.72",
        "법정동": "누상동",
        "연립다세대": "창성빌",
        "월": "3",
        "일": "20",
        "전용면적": "33.96",
        "지번": "122-1",
        "지역코드": "11110",
        "층": "-1",
        "해제사유발생일": null,
        "해제여부": null
    },
    {
        "거래금액": "11,500",
        "건축년도": "1996",
        "년": "2006",
        "대지권면적": "26.46",
        "법정동": "원서동",
        "연립다세대": "(104-0)",
        "월": "3",
        "일": "13",
        "전용면적": "59.98",
        "지번": "104",
        "지역코드": "11110",
        "층": "3",
        "해제사유발생일": null,
        "해제여부": null
    },
    {
        "거래금액": "17,000",
        "건축년도": "1994",
        "년": "2006",
        "대지권면적": "33.39",
        "법정동": "동숭동",
        "연립다세대": "팔도그린빌라(31-10)",
        "월": "3",
        "일": "7",
        "전용면적": "66.61",
        "지번": "31-10",
        "지역코드": "11110",
        "층": "3",
        "해제사유발생일": null,
        "해제여부": null
    },
    {
        "거래금액": "17,000",
        "건축년도": "1980",
        "년": "2006",
        "대지권면적": "83.64",
        "법정동": "동숭동",
        "연립다세대": "스카이빌라",
        "월": "3",
        "일": "30",
        "전용면적": "93.72",
        "지번": "189-10",
        "지역코드": "11110",
        "층": "1",
        "해제사유발생일": null,
        "해제여부": null
    },
    {
        "거래금액": "9,300",
        "건축년도": "1994",
        "년": "2006",
        "대지권면적": "32.19",
        "법정동": "혜화동",
        "연립다세대": "(5-28)",
        "월": "3",
        "일": "24",
        "전용면적": "49.88",
        "지번": "5-28",
        "지역코드": "11110",
        "층": "1",
        "해제사유발생일": null,
        "해제여부": null
    },
    {
        "거래금액": "12,500",
        "건축년도": "2001",
        "년": "2006",
        "대지권면적": "26.677",
        "법정동": "혜화동",
        "연립다세대": "(9-5)",
        "월": "3",
        "일": "29",
        "전용면적": "52.29",
        "지번": "9-5",
        "지역코드": "11110",
        "층": "1",
        "해제사유발생일": null,
        "해제여부": null
    },
    {
        "거래금액": "15,000",
        "건축년도": "1998",
        "년": "2006",
        "대지권면적": "26.18",
        "법정동": "명륜1가",
        "연립다세대": "대보하이츠",
        "월": "3",
        "일": "21",
        "전용면적": "61.66",
        "지번": "29-4",
        "지역코드": "11110",
        "층": "5",
        "해제사유발생일": null,
        "해제여부": null
    },
    {
        "거래금액": "27,000",
        "건축년도": "1998",
        "년": "2006",
        "대지권면적": "64.117",
        "법정동": "명륜2가",
        "연립다세대": "선흥그린빌리치",
        "월": "3",
        "일": "2",
        "전용면적": "107.75",
        "지번": "157",
        "지역코드": "11110",
        "층": "2",
        "해제사유발생일": null,
        "해제여부": null
    },
    {
        "거래금액": "5,000",
        "건축년도": "1996",
        "년": "2006",
        "대지권면적": "23.3",
        "법정동": "명륜2가",
        "연립다세대": "대보빌라(86-9)",
        "월": "3",
        "일": "17",
        "전용면적": "48.96",
        "지번": "86-9",
        "지역코드": "11110",
        "층": "-1",
        "해제사유발생일": null,
        "해제여부": null
    },
    {
        "거래금액": "9,450",
        "건축년도": "1994",
        "년": "2006",
        "대지권면적": "12.16",
        "법정동": "창신동",
        "연립다세대": "(639-28)",
        "월": "3",
        "일": "2",
        "전용면적": "30.24",
        "지번": "639-28",
        "지역코드": "11110",
        "층": "1",
        "해제사유발생일": null,
        "해제여부": null
    },
    {
        "거래금액": "10,000",
        "건축년도": "1997",
        "년": "2006",
        "대지권면적": "19.18",
        "법정동": "창신동",
        "연립다세대": "(629-47)",
        "월": "3",
        "일": "10",
        "전용면적": "42.48",
        "지번": "629-47",
        "지역코드": "11110",
        "층": "2",
        "해제사유발생일": null,
        "해제여부": null
    },
    {
        "거래금액": "7,000",
        "건축년도": "2002",
        "년": "2006",
        "대지권면적": "28.17",
        "법정동": "창신동",
        "연립다세대": "효천맨숀",
        "월": "3",
        "일": "15",
        "전용면적": "37.32",
        "지번": "131-31",
        "지역코드": "11110",
        "층": "4",
        "해제사유발생일": null,
        "해제여부": null
    },
    {
        "거래금액": "4,000",
        "건축년도": "1996",
        "년": "2006",
        "대지권면적": "11.3",
        "법정동": "창신동",
        "연립다세대": "(629-38)",
        "월": "3",
        "일": "27",
        "전용면적": "24.24",
        "지번": "629-38",
        "지역코드": "11110",
        "층": "-1",
        "해제사유발생일": null,
        "해제여부": null
    },
    {
        "거래금액": "10,500",
        "건축년도": "1998",
        "년": "2006",
        "대지권면적": "17.131",
        "법정동": "창신동",
        "연립다세대": "(616-2)",
        "월": "3",
        "일": "29",
        "전용면적": "54.95",
        "지번": "616-2",
        "지역코드": "11110",
        "층": "4",
        "해제사유발생일": null,
        "해제여부": null
    },
    {
        "거래금액": "8,000",
        "건축년도": "2003",
        "년": "2006",
        "대지권면적": "22.14",
        "법정동": "숭인동",
        "연립다세대": "행복타운A동",
        "월": "3",
        "일": "4",
        "전용면적": "47.18",
        "지번": "665",
        "지역코드": "11110",
        "층": "4",
        "해제사유발생일": null,
        "해제여부": null
    },
    {
        "거래금액": "9,000",
        "건축년도": "2003",
        "년": "2006",
        "대지권면적": "25.87",
        "법정동": "숭인동",
        "연립다세대": "한서아이빌",
        "월": "3",
        "일": "13",
        "전용면적": "56.5",
        "지번": "714",
        "지역코드": "11110",
        "층": "2",
        "해제사유발생일": null,
        "해제여부": null
    },
    {
        "거래금액": "12,500",
        "건축년도": "2000",
        "년": "2006",
        "대지권면적": "22",
        "법정동": "숭인동",
        "연립다세대": "세원빌라",
        "월": "3",
        "일": "16",
        "전용면적": "59.92",
        "지번": "853",
        "지역코드": "11110",
        "층": "4",
        "해제사유발생일": null,
        "해제여부": null
    },
    {
        "거래금액": "6,000",
        "건축년도": "2005",
        "년": "2006",
        "대지권면적": "17.14",
        "법정동": "숭인동",
        "연립다세대": "드림타운(181-68)",
        "월": "3",
        "일": "21",
        "전용면적": "42.34",
        "지번": "181-68",
        "지역코드": "11110",
        "층": "-1",
        "해제사유발생일": null,
        "해제여부": null
    },
    {
        "거래금액": "10,200",
        "건축년도": "2004",
        "년": "2006",
        "대지권면적": "29.46",
        "법정동": "숭인동",
        "연립다세대": "로얄타운",
        "월": "3",
        "일": "27",
        "전용면적": "84.85",
        "지번": "181-109",
        "지역코드": "11110",
        "층": "-1",
        "해제사유발생일": null,
        "해제여부": null
    },
    {
        "거래금액": "32,000",
        "건축년도": "1996",
        "년": "2006",
        "대지권면적": "44.59",
        "법정동": "홍파동",
        "연립다세대": "(19-1)",
        "월": "3",
        "일": "20",
        "전용면적": "76.12",
        "지번": "19-1",
        "지역코드": "11110",
        "층": "-1",
        "해제사유발생일": null,
        "해제여부": null
    },
    {
        "거래금액": "10,250",
        "건축년도": "2003",
        "년": "2006",
        "대지권면적": "26.2",
        "법정동": "행촌동",
        "연립다세대": "(210-361)",
        "월": "3",
        "일": "2",
        "전용면적": "75.27",
        "지번": "210-361",
        "지역코드": "11110",
        "층": "3",
        "해제사유발생일": null,
        "해제여부": null
    },
    {
        "거래금액": "6,900",
        "건축년도": "1998",
        "년": "2006",
        "대지권면적": "13.88",
        "법정동": "행촌동",
        "연립다세대": "(210-189)",
        "월": "3",
        "일": "7",
        "전용면적": "38.16",
        "지번": "210-189",
        "지역코드": "11110",
        "층": "1",
        "해제사유발생일": null,
        "해제여부": null
    },
    {
        "거래금액": "11,500",
        "건축년도": "2001",
        "년": "2006",
        "대지권면적": "23.69",
        "법정동": "행촌동",
        "연립다세대": "성우빌라C동",
        "월": "3",
        "일": "8",
        "전용면적": "59.31",
        "지번": "171-135",
        "지역코드": "11110",
        "층": "4",
        "해제사유발생일": null,
        "해제여부": null
    },
    {
        "거래금액": "44,000",
        "건축년도": "1997",
        "년": "2006",
        "대지권면적": "169.92",
        "법정동": "구기동",
        "연립다세대": "청구빌라",
        "월": "3",
        "일": "5",
        "전용면적": "134.41",
        "지번": "266",
        "지역코드": "11110",
        "층": "3",
        "해제사유발생일": null,
        "해제여부": null
    },
    {
        "거래금액": "21,500",
        "건축년도": "1996",
        "년": "2006",
        "대지권면적": "103.15",
        "법정동": "구기동",
        "연립다세대": "동익빌라",
        "월": "3",
        "일": "14",
        "전용면적": "84.84",
        "지번": "40",
        "지역코드": "11110",
        "층": "3",
        "해제사유발생일": null,
        "해제여부": null
    },
    {
        "거래금액": "29,000",
        "건축년도": "1988",
        "년": "2006",
        "대지권면적": "113.88",
        "법정동": "구기동",
        "연립다세대": "현대구기빌라",
        "월": "3",
        "일": "21",
        "전용면적": "84.42",
        "지번": "130",
        "지역코드": "11110",
        "층": "2",
        "해제사유발생일": null,
        "해제여부": null
    },
    {
        "거래금액": "80,000",
        "건축년도": "1990",
        "년": "2006",
        "대지권면적": "215.9",
        "법정동": "구기동",
        "연립다세대": "건덕빌라(5-7동)",
        "월": "3",
        "일": "27",
        "전용면적": "152.62",
        "지번": "154-3",
        "지역코드": "11110",
        "층": "1",
        "해제사유발생일": null,
        "해제여부": null
    },
    {
        "거래금액": "48,000",
        "건축년도": "1992",
        "년": "2006",
        "대지권면적": "202.96",
        "법정동": "구기동",
        "연립다세대": "동성빌라",
        "월": "3",
        "일": "31",
        "전용면적": "147.15",
        "지번": "138-1",
        "지역코드": "11110",
        "층": "2",
        "해제사유발생일": null,
        "해제여부": null
    },
    {
        "거래금액": "42,000",
        "건축년도": "1993",
        "년": "2006",
        "대지권면적": "123.1",
        "법정동": "평창동",
        "연립다세대": "아람빌라1차",
        "월": "3",
        "일": "6",
        "전용면적": "127.86",
        "지번": "148-20",
        "지역코드": "11110",
        "층": "1",
        "해제사유발생일": null,
        "해제여부": null
    },
    {
        "거래금액": "10,500",
        "건축년도": "1989",
        "년": "2006",
        "대지권면적": "50.81",
        "법정동": "평창동",
        "연립다세대": "금강하이츠빌라",
        "월": "3",
        "일": "7",
        "전용면적": "39.67",
        "지번": "64-3",
        "지역코드": "11110",
        "층": "1",
        "해제사유발생일": null,
        "해제여부": null
    },
    {
        "거래금액": "28,000",
        "건축년도": "1986",
        "년": "2006",
        "대지권면적": "120.22",
        "법정동": "평창동",
        "연립다세대": "럭키평창빌라",
        "월": "3",
        "일": "7",
        "전용면적": "84.63",
        "지번": "329-2",
        "지역코드": "11110",
        "층": "3",
        "해제사유발생일": null,
        "해제여부": null
    },
    {
        "거래금액": "76,000",
        "건축년도": "2003",
        "년": "2006",
        "대지권면적": "218.33",
        "법정동": "평창동",
        "연립다세대": "평창동주택",
        "월": "3",
        "일": "7",
        "전용면적": "191.97",
        "지번": "492-32",
        "지역코드": "11110",
        "층": "-1",
        "해제사유발생일": null,
        "해제여부": null
    },
    {
        "거래금액": "21,000",
        "건축년도": "1992",
        "년": "2006",
        "대지권면적": "104.37",
        "법정동": "평창동",
        "연립다세대": "금강주택",
        "월": "3",
        "일": "9",
        "전용면적": "84.95",
        "지번": "170",
        "지역코드": "11110",
        "층": "3",
        "해제사유발생일": null,
        "해제여부": null
    },
    {
        "거래금액": "43,000",
        "건축년도": "2002",
        "년": "2006",
        "대지권면적": "133.66",
        "법정동": "평창동",
        "연립다세대": "이데아빌A동",
        "월": "3",
        "일": "17",
        "전용면적": "185.22",
        "지번": "553-1",
        "지역코드": "11110",
        "층": "-1",
        "해제사유발생일": null,
        "해제여부": null
    },
    {
        "거래금액": "68,000",
        "건축년도": "2002",
        "년": "2006",
        "대지권면적": "103",
        "법정동": "평창동",
        "연립다세대": "(488-2)",
        "월": "3",
        "일": "17",
        "전용면적": "154.65",
        "지번": "488-2",
        "지역코드": "11110",
        "층": "2",
        "해제사유발생일": null,
        "해제여부": null
    },
    {
        "거래금액": "33,431",
        "건축년도": "1991",
        "년": "2006",
        "대지권면적": "84.7",
        "법정동": "평창동",
        "연립다세대": "(476-25)",
        "월": "3",
        "일": "18",
        "전용면적": "98.05",
        "지번": "476-25",
        "지역코드": "11110",
        "층": "1",
        "해제사유발생일": null,
        "해제여부": null
    },
    {
        "거래금액": "15,000",
        "건축년도": "1989",
        "년": "2006",
        "대지권면적": "61.97",
        "법정동": "평창동",
        "연립다세대": "금강하이츠빌라",
        "월": "3",
        "일": "23",
        "전용면적": "49.57",
        "지번": "64-3",
        "지역코드": "11110",
        "층": "1",
        "해제사유발생일": null,
        "해제여부": null
    },
    {
        "거래금액": "18,300",
        "건축년도": "1989",
        "년": "2006",
        "대지권면적": "69.57",
        "법정동": "평창동",
        "연립다세대": "금강하이츠빌라",
        "월": "3",
        "일": "27",
        "전용면적": "56.32",
        "지번": "64-3",
        "지역코드": "11110",
        "층": "1",
        "해제사유발생일": null,
        "해제여부": null
    },
    {
        "거래금액": "9,500",
        "건축년도": "1985",
        "년": "2006",
        "대지권면적": "77.62",
        "법정동": "부암동",
        "연립다세대": "현대빌라",
        "월": "3",
        "일": "15",
        "전용면적": "54.86",
        "지번": "185-3",
        "지역코드": "11110",
        "층": "1",
        "해제사유발생일": null,
        "해제여부": null
    },
    {
        "거래금액": "27,000",
        "건축년도": "2004",
        "년": "2006",
        "대지권면적": "86.34",
        "법정동": "부암동",
        "연립다세대": "부암별서",
        "월": "3",
        "일": "27",
        "전용면적": "112.38",
        "지번": "95-21",
        "지역코드": "11110",
        "층": "3",
        "해제사유발생일": null,
        "해제여부": null
    },
    {
        "거래금액": "22,300",
        "건축년도": "1992",
        "년": "2006",
        "대지권면적": "84.28",
        "법정동": "홍지동",
        "연립다세대": "고은빌라",
        "월": "3",
        "일": "25",
        "전용면적": "67.83",
        "지번": "64",
        "지역코드": "11110",
        "층": "3",
        "해제사유발생일": null,
        "해제여부": null
    },
    {
        "거래금액": "24,500",
        "건축년도": "1987",
        "년": "2006",
        "대지권면적": "103.37",
        "법정동": "신영동",
        "연립다세대": "삼성중앙빌라",
        "월": "3",
        "일": "4",
        "전용면적": "79.56",
        "지번": "150-6",
        "지역코드": "11110",
        "층": "1",
        "해제사유발생일": null,
        "해제여부": null
    },
    {
        "거래금액": "6,800",
        "건축년도": "1989",
        "년": "2006",
        "대지권면적": "62.22",
        "법정동": "신영동",
        "연립다세대": "완성주택",
        "월": "3",
        "일": "26",
        "전용면적": "36.9",
        "지번": "213-1",
        "지역코드": "11110",
        "층": "2",
        "해제사유발생일": null,
        "해제여부": null
    },
    {
        "거래금액": "8,500",
        "건축년도": "1989",
        "년": "2006",
        "대지권면적": "17.595",
        "법정동": "신영동",
        "연립다세대": "완성빌라",
        "월": "3",
        "일": "27",
        "전용면적": "42.84",
        "지번": "212-1",
        "지역코드": "11110",
        "층": "3",
        "해제사유발생일": null,
        "해제여부": null
    },
    {
        "거래금액": "24,500",
        "건축년도": "1987",
        "년": "2006",
        "대지권면적": "103.37",
        "법정동": "신영동",
        "연립다세대": "삼성중앙빌라",
        "월": "3",
        "일": "29",
        "전용면적": "79.56",
        "지번": "150-6",
        "지역코드": "11110",
        "층": "3",
        "해제사유발생일": null,
        "해제여부": null
    }
]