[
    {
        "거래금액": "11,000",
        "건축년도": "1999",
        "년": "2006",
        "단지": "광희동금호트윈 오피스텔",
        "법정동": "광희동1가",
        "시군구": "중구",
        "월": "3",
        "일": "13",
        "전용면적": "29.88",
        "지번": "89-1",
        "지역코드": "11140",
        "층": "7",
        "해제사유발생일": null,
        "해제여부": null
    },
    {
        "거래금액": "7,400",
        "건축년도": "2001",
        "년": "2006",
        "단지": "(143-2)",
        "법정동": "광희동1가",
        "시군구": "중구",
        "월": "3",
        "일": "17",
        "전용면적": "21.12",
        "지번": "143-2",
        "지역코드": "11140",
        "층": "8",
        "해제사유발생일": null,
        "해제여부": null
    },
    {
        "거래금액": "39,958",
        "건축년도": "2006",
        "년": "2006",
        "단지": "삼성파크빌",
        "법정동": "을지로5가",
        "시군구": "중구",
        "월": "3",
        "일": "17",
        "전용면적": "99.43",
        "지번": "39-1",
        "지역코드": "11140",
        "층": "5",
        "해제사유발생일": null,
        "해제여부": null
    },
    {
        "거래금액": "10,000",
        "건축년도": "1995",
        "년": "2006",
        "단지": "드림오피스타운",
        "법정동": "을지로3가",
        "시군구": "중구",
        "월": "3",
        "일": "17",
        "전용면적": "32.57",
        "지번": "259-1",
        "지역코드": "11140",
        "층": "10",
        "해제사유발생일": null,
        "해제여부": null
    },
    {
        "거래금액": "10,000",
        "건축년도": "1995",
        "년": "2006",
        "단지": "드림오피스타운",
        "법정동": "을지로3가",
        "시군구": "중구",
        "월": "3",
        "일": "25",
        "전용면적": "32.57",
        "지번": "259-1",
        "지역코드": "11140",
        "층": "10",
        "해제사유발생일": null,
        "해제여부": null
    },
    {
        "거래금액": "14,144",
        "건축년도": "2005",
        "년": "2006",
        "단지": "남산정은스카이",
        "법정동": "신당동",
        "시군구": "중구",
        "월": "3",
        "일": "6",
        "전용면적": "33.05",
        "지번": "366-126",
        "지역코드": "11140",
        "층": "3",
        "해제사유발생일": null,
        "해제여부": null
    },
    {
        "거래금액": "13,400",
        "건축년도": "2005",
        "년": "2006",
        "단지": "남산정은스카이",
        "법정동": "신당동",
        "시군구": "중구",
        "월": "3",
        "일": "9",
        "전용면적": "29.93",
        "지번": "366-126",
        "지역코드": "11140",
        "층": "2",
        "해제사유발생일": null,
        "해제여부": null
    },
    {
        "거래금액": "12,806",
        "건축년도": "2005",
        "년": "2006",
        "단지": "남산정은스카이",
        "법정동": "신당동",
        "시군구": "중구",
        "월": "3",
        "일": "10",
        "전용면적": "29.93",
        "지번": "366-126",
        "지역코드": "11140",
        "층": "2",
        "해제사유발생일": null,
        "해제여부": null
    },
    {
        "거래금액": "7,000",
        "건축년도": "2006",
        "년": "2006",
        "단지": "디오트",
        "법정동": "신당동",
        "시군구": "중구",
        "월": "3",
        "일": "21",
        "전용면적": "37.58",
        "지번": "193-2",
        "지역코드": "11140",
        "층": "5",
        "해제사유발생일": null,
        "해제여부": null
    },
    {
        "거래금액": "13,400",
        "건축년도": "2006",
        "년": "2006",
        "단지": "디오트",
        "법정동": "신당동",
        "시군구": "중구",
        "월": "3",
        "일": "21",
        "전용면적": "37.58",
        "지번": "193-2",
        "지역코드": "11140",
        "층": "7",
        "해제사유발생일": null,
        "해제여부": null
    },
    {
        "거래금액": "5,500",
        "건축년도": "1989",
        "년": "2006",
        "단지": "(204-1)",
        "법정동": "신당동",
        "시군구": "중구",
        "월": "3",
        "일": "22",
        "전용면적": "24.32",
        "지번": "204-1",
        "지역코드": "11140",
        "층": "6",
        "해제사유발생일": null,
        "해제여부": null
    },
    {
        "거래금액": "6,000",
        "건축년도": "2004",
        "년": "2006",
        "단지": "신당역올리브2",
        "법정동": "황학동",
        "시군구": "중구",
        "월": "3",
        "일": "14",
        "전용면적": "23.82",
        "지번": "2484",
        "지역코드": "11140",
        "층": "5",
        "해제사유발생일": null,
        "해제여부": null
    },
    {
        "거래금액": "9,850",
        "건축년도": "2006",
        "년": "2006",
        "단지": "브라운스톤서울",
        "법정동": "중림동",
        "시군구": "중구",
        "월": "3",
        "일": "7",
        "전용면적": "30.99",
        "지번": "355",
        "지역코드": "11140",
        "층": "5",
        "해제사유발생일": null,
        "해제여부": null
    },
    {
        "거래금액": "10,842",
        "건축년도": "2006",
        "년": "2006",
        "단지": "브라운스톤서울",
        "법정동": "중림동",
        "시군구": "중구",
        "월": "3",
        "일": "17",
        "전용면적": "30.99",
        "지번": "355",
        "지역코드": "11140",
        "층": "7",
        "해제사유발생일": null,
        "해제여부": null
    },
    {
        "거래금액": "10,675",
        "건축년도": "2006",
        "년": "2006",
        "단지": "브라운스톤서울",
        "법정동": "중림동",
        "시군구": "중구",
        "월": "3",
        "일": "21",
        "전용면적": "30.99",
        "지번": "355",
        "지역코드": "11140",
        "층": "6",
        "해제사유발생일": null,
        "해제여부": null
    },
    {
        "거래금액": "21,429",
        "건축년도": "2006",
        "년": "2006",
        "단지": "브라운스톤서울",
        "법정동": "중림동",
        "시군구": "중구",
        "월": "3",
        "일": "22",
        "전용면적": "62.82",
        "지번": "355",
        "지역코드": "11140",
        "층": "31",
        "해제사유발생일": null,
        "해제여부": null
    },
    {
        "거래금액": "9,633",
        "건축년도": "2006",
        "년": "2006",
        "단지": "브라운스톤서울",
        "법정동": "중림동",
        "시군구": "중구",
        "월": "3",
        "일": "24",
        "전용면적": "30.99",
        "지번": "355",
        "지역코드": "11140",
        "층": "4",
        "해제사유발생일": null,
        "해제여부": null
    },
    {
        "거래금액": "8,233",
        "건축년도": "2006",
        "년": "2006",
        "단지": "브라운스톤서울",
        "법정동": "중림동",
        "시군구": "중구",
        "월": "3",
        "일": "28",
        "전용면적": "30.99",
        "지번": "355",
        "지역코드": "11140",
        "층": "6",
        "해제사유발생일": null,
        "해제여부": null
    },
    {
        "거래금액": "8,668",
        "건축년도": "2006",
        "년": "2006",
        "단지": "브라운스톤서울",
        "법정동": "중림동",
        "시군구": "중구",
        "월": "3",
        "일": "30",
        "전용면적": "30.99",
        "지번": "355",
        "지역코드": "11140",
        "층": "7",
        "해제사유발생일": null,
        "해제여부": null
    },
    {
        "거래금액": "20,000",
        "건축년도": "2005",
        "년": "2006",
        "단지": "서울역 디오빌",
        "법정동": "만리동1가",
        "시군구": "중구",
        "월": "3",
        "일": "13",
        "전용면적": "56.17",
        "지번": "62-7",
        "지역코드": "11140",
        "층": "9",
        "해제사유발생일": null,
        "해제여부": null
    },
    {
        "거래금액": "8,050",
        "건축년도": "2005",
        "년": "2006",
        "단지": "서울역 디오빌",
        "법정동": "만리동1가",
        "시군구": "중구",
        "월": "3",
        "일": "17",
        "전용면적": "27.74",
        "지번": "62-7",
        "지역코드": "11140",
        "층": "3",
        "해제사유발생일": null,
        "해제여부": null
    },
    {
        "거래금액": "9,000",
        "건축년도": "2005",
        "년": "2006",
        "단지": "서울역 디오빌",
        "법정동": "만리동1가",
        "시군구": "중구",
        "월": "3",
        "일": "24",
        "전용면적": "27.74",
        "지번": "62-7",
        "지역코드": "11140",
        "층": "3",
        "해제사유발생일": null,
        "해제여부": null
    },
    {
        "거래금액": "22,746",
        "건축년도": "2004",
        "년": "2006",
        "단지": "KCC 파크타운",
        "법정동": "만리동2가",
        "시군구": "중구",
        "월": "3",
        "일": "6",
        "전용면적": "66.47",
        "지번": "11-1",
        "지역코드": "11140",
        "층": "13",
        "해제사유발생일": null,
        "해제여부": null
    },
    {
        "거래금액": "26,500",
        "건축년도": "2004",
        "년": "2006",
        "단지": "경희궁의 아침 4단지",
        "법정동": "내수동",
        "시군구": "종로구",
        "월": "3",
        "일": "6",
        "전용면적": "56.48",
        "지번": "73",
        "지역코드": "11110",
        "층": "12",
        "해제사유발생일": null,
        "해제여부": null
    },
    {
        "거래금액": "15,000",
        "건축년도": "2004",
        "년": "2006",
        "단지": "경희궁의 아침 3단지",
        "법정동": "내수동",
        "시군구": "종로구",
        "월": "3",
        "일": "7",
        "전용면적": "37.5",
        "지번": "72",
        "지역코드": "11110",
        "층": "9",
        "해제사유발생일": null,
        "해제여부": null
    },
    {
        "거래금액": "15,800",
        "건축년도": "2004",
        "년": "2006",
        "단지": "경희궁의 아침 3단지",
        "법정동": "내수동",
        "시군구": "종로구",
        "월": "3",
        "일": "7",
        "전용면적": "37.5",
        "지번": "72",
        "지역코드": "11110",
        "층": "14",
        "해제사유발생일": null,
        "해제여부": null
    },
    {
        "거래금액": "11,000",
        "건축년도": "2004",
        "년": "2006",
        "단지": "경희궁의 아침 4단지",
        "법정동": "내수동",
        "시군구": "종로구",
        "월": "3",
        "일": "11",
        "전용면적": "28.24",
        "지번": "73",
        "지역코드": "11110",
        "층": "8",
        "해제사유발생일": null,
        "해제여부": null
    },
    {
        "거래금액": "11,000",
        "건축년도": "2004",
        "년": "2006",
        "단지": "경희궁의 아침 4단지",
        "법정동": "내수동",
        "시군구": "종로구",
        "월": "3",
        "일": "14",
        "전용면적": "28.24",
        "지번": "73",
        "지역코드": "11110",
        "층": "6",
        "해제사유발생일": null,
        "해제여부": null
    },
    {
        "거래금액": "26,000",
        "건축년도": "2004",
        "년": "2006",
        "단지": "용비어천가",
        "법정동": "내수동",
        "시군구": "종로구",
        "월": "3",
        "일": "16",
        "전용면적": "58.92",
        "지번": "75",
        "지역코드": "11110",
        "층": "15",
        "해제사유발생일": null,
        "해제여부": null
    },
    {
        "거래금액": "17,300",
        "건축년도": "2004",
        "년": "2006",
        "단지": "용비어천가",
        "법정동": "내수동",
        "시군구": "종로구",
        "월": "3",
        "일": "17",
        "전용면적": "37.56",
        "지번": "75",
        "지역코드": "11110",
        "층": "15",
        "해제사유발생일": null,
        "해제여부": null
    },
    {
        "거래금액": "11,000",
        "건축년도": "2004",
        "년": "2006",
        "단지": "용비어천가",
        "법정동": "내수동",
        "시군구": "종로구",
        "월": "3",
        "일": "18",
        "전용면적": "30.76",
        "지번": "75",
        "지역코드": "11110",
        "층": "3",
        "해제사유발생일": null,
        "해제여부": null
    },
    {
        "거래금액": "12,600",
        "건축년도": "1994",
        "년": "2006",
        "단지": "도렴구역 제18지구",
        "법정동": "내수동",
        "시군구": "종로구",
        "월": "3",
        "일": "23",
        "전용면적": "33.68",
        "지번": "167",
        "지역코드": "11110",
        "층": "8",
        "해제사유발생일": null,
        "해제여부": null
    },
    {
        "거래금액": "15,500",
        "건축년도": "2004",
        "년": "2006",
        "단지": "용비어천가",
        "법정동": "내수동",
        "시군구": "종로구",
        "월": "3",
        "일": "27",
        "전용면적": "37.67",
        "지번": "75",
        "지역코드": "11110",
        "층": "5",
        "해제사유발생일": null,
        "해제여부": null
    },
    {
        "거래금액": "10,100",
        "건축년도": "2004",
        "년": "2006",
        "단지": "용비어천가",
        "법정동": "내수동",
        "시군구": "종로구",
        "월": "3",
        "일": "29",
        "전용면적": "30.36",
        "지번": "75",
        "지역코드": "11110",
        "층": "14",
        "해제사유발생일": null,
        "해제여부": null
    },
    {
        "거래금액": "16,600",
        "건축년도": "2004",
        "년": "2006",
        "단지": "용비어천가",
        "법정동": "내수동",
        "시군구": "종로구",
        "월": "3",
        "일": "29",
        "전용면적": "45.98",
        "지번": "75",
        "지역코드": "11110",
        "층": "11",
        "해제사유발생일": null,
        "해제여부": null
    },
    {
        "거래금액": "14,700",
        "건축년도": "2004",
        "년": "2006",
        "단지": "용비어천가",
        "법정동": "내수동",
        "시군구": "종로구",
        "월": "3",
        "일": "29",
        "전용면적": "37.56",
        "지번": "75",
        "지역코드": "11110",
        "층": "10",
        "해제사유발생일": null,
        "해제여부": null
    },
    {
        "거래금액": "15,000",
        "건축년도": "2004",
        "년": "2006",
        "단지": "경희궁의 아침 3단지",
        "법정동": "내수동",
        "시군구": "종로구",
        "월": "3",
        "일": "30",
        "전용면적": "37.5",
        "지번": "72",
        "지역코드": "11110",
        "층": "16",
        "해제사유발생일": null,
        "해제여부": null
    },
    {
        "거래금액": "35,424",
        "건축년도": "2004",
        "년": "2006",
        "단지": "두산위브파빌리온",
        "법정동": "수송동",
        "시군구": "종로구",
        "월": "3",
        "일": "2",
        "전용면적": "70.44",
        "지번": "58",
        "지역코드": "11110",
        "층": "12",
        "해제사유발생일": null,
        "해제여부": null
    },
    {
        "거래금액": "20,400",
        "건축년도": "2004",
        "년": "2006",
        "단지": "두산위브파빌리온",
        "법정동": "수송동",
        "시군구": "종로구",
        "월": "3",
        "일": "8",
        "전용면적": "53.02",
        "지번": "58",
        "지역코드": "11110",
        "층": "7",
        "해제사유발생일": null,
        "해제여부": null
    },
    {
        "거래금액": "13,300",
        "건축년도": "2004",
        "년": "2006",
        "단지": "두산위브파빌리온",
        "법정동": "수송동",
        "시군구": "종로구",
        "월": "3",
        "일": "22",
        "전용면적": "35.22",
        "지번": "58",
        "지역코드": "11110",
        "층": "7",
        "해제사유발생일": null,
        "해제여부": null
    },
    {
        "거래금액": "14,000",
        "건축년도": "2004",
        "년": "2006",
        "단지": "두산위브파빌리온",
        "법정동": "수송동",
        "시군구": "종로구",
        "월": "3",
        "일": "31",
        "전용면적": "35.22",
        "지번": "58",
        "지역코드": "11110",
        "층": "8",
        "해제사유발생일": null,
        "해제여부": null
    },
    {
        "거래금액": "8,040",
        "건축년도": "2004",
        "년": "2006",
        "단지": "BIZ-WELL 종로 오피스텔",
        "법정동": "익선동",
        "시군구": "종로구",
        "월": "3",
        "일": "14",
        "전용면적": "18.83",
        "지번": "34",
        "지역코드": "11110",
        "층": "11",
        "해제사유발생일": null,
        "해제여부": null
    },
    {
        "거래금액": "11,000",
        "건축년도": "2005",
        "년": "2006",
        "단지": "운현궁 에스케이 허브",
        "법정동": "경운동",
        "시군구": "종로구",
        "월": "3",
        "일": "9",
        "전용면적": "23.66",
        "지번": "89-4",
        "지역코드": "11110",
        "층": "9",
        "해제사유발생일": null,
        "해제여부": null
    },
    {
        "거래금액": "11,400",
        "건축년도": "2005",
        "년": "2006",
        "단지": "운현궁 에스케이 허브",
        "법정동": "경운동",
        "시군구": "종로구",
        "월": "3",
        "일": "22",
        "전용면적": "23.66",
        "지번": "89-4",
        "지역코드": "11110",
        "층": "14",
        "해제사유발생일": null,
        "해제여부": null
    },
    {
        "거래금액": "11,323",
        "건축년도": "2005",
        "년": "2006",
        "단지": "운현궁 에스케이 허브",
        "법정동": "경운동",
        "시군구": "종로구",
        "월": "3",
        "일": "22",
        "전용면적": "23.87",
        "지번": "89-4",
        "지역코드": "11110",
        "층": "5",
        "해제사유발생일": null,
        "해제여부": null
    },
    {
        "거래금액": "24,800",
        "건축년도": "2005",
        "년": "2006",
        "단지": "운현궁 에스케이 허브",
        "법정동": "경운동",
        "시군구": "종로구",
        "월": "3",
        "일": "28",
        "전용면적": "52.5",
        "지번": "89-4",
        "지역코드": "11110",
        "층": "8",
        "해제사유발생일": null,
        "해제여부": null
    },
    {
        "거래금액": "10,472",
        "건축년도": "2005",
        "년": "2006",
        "단지": "종로1번가",
        "법정동": "관철동",
        "시군구": "종로구",
        "월": "3",
        "일": "20",
        "전용면적": "24.64",
        "지번": "155",
        "지역코드": "11110",
        "층": "7",
        "해제사유발생일": null,
        "해제여부": null
    },
    {
        "거래금액": "6,000",
        "건축년도": "1994",
        "년": "2006",
        "단지": "종로오피스텔",
        "법정동": "낙원동",
        "시군구": "종로구",
        "월": "3",
        "일": "10",
        "전용면적": "25.2",
        "지번": "58-1",
        "지역코드": "11110",
        "층": "12",
        "해제사유발생일": null,
        "해제여부": null
    },
    {
        "거래금액": "7,200",
        "건축년도": "2001",
        "년": "2006",
        "단지": "대보마로니에텔",
        "법정동": "연건동",
        "시군구": "종로구",
        "월": "3",
        "일": "30",
        "전용면적": "26.52",
        "지번": "206",
        "지역코드": "11110",
        "층": "5",
        "해제사유발생일": null,
        "해제여부": null
    },
    {
        "거래금액": "12,500",
        "건축년도": "2004",
        "년": "2006",
        "단지": "롯데캐슬 천지인",
        "법정동": "숭인동",
        "시군구": "종로구",
        "월": "3",
        "일": "2",
        "전용면적": "39.6",
        "지번": "76",
        "지역코드": "11110",
        "층": "22",
        "해제사유발생일": null,
        "해제여부": null
    },
    {
        "거래금액": "12,000",
        "건축년도": "2004",
        "년": "2006",
        "단지": "롯데캐슬 천지인",
        "법정동": "숭인동",
        "시군구": "종로구",
        "월": "3",
        "일": "7",
        "전용면적": "39.6",
        "지번": "76",
        "지역코드": "11110",
        "층": "23",
        "해제사유발생일": null,
        "해제여부": null
    },
    {
        "거래금액": "7,496",
        "건축년도": "2005",
        "년": "2006",
        "단지": "동양파라빌",
        "법정동": "숭인동",
        "시군구": "종로구",
        "월": "3",
        "일": "7",
        "전용면적": "24.93",
        "지번": "1388",
        "지역코드": "11110",
        "층": "2",
        "해제사유발생일": null,
        "해제여부": null
    },
    {
        "거래금액": "5,000",
        "건축년도": "2005",
        "년": "2006",
        "단지": "엘리시앙오피스텔",
        "법정동": "숭인동",
        "시군구": "종로구",
        "월": "3",
        "일": "13",
        "전용면적": "34.38",
        "지번": "200-33",
        "지역코드": "11110",
        "층": "4",
        "해제사유발생일": null,
        "해제여부": null
    },
    {
        "거래금액": "10,000",
        "건축년도": "2004",
        "년": "2006",
        "단지": "종로대우디오빌",
        "법정동": "숭인동",
        "시군구": "종로구",
        "월": "3",
        "일": "29",
        "전용면적": "28.89",
        "지번": "310",
        "지역코드": "11110",
        "층": "4",
        "해제사유발생일": null,
        "해제여부": null
    }
]