[
    {
        "거래금액": "19,500",
        "건축년도": "1975",
        "년": "2006",
        "법정동": "회현동1가",
        "아파트": "삼풍",
        "월": "5",
        "일": "31",
        "전용면적": "68.96",
        "지번": "146-1",
        "지역코드": "11140",
        "층": "8",
        "해제사유발생일": null,
        "해제여부": null
    },
    {
        "거래금액": "11,600",
        "건축년도": "1968",
        "년": "2006",
        "법정동": "인현동2가",
        "아파트": "신성상가",
        "월": "5",
        "일": "4",
        "전용면적": "49.88",
        "지번": "192-30",
        "지역코드": "11140",
        "층": "8",
        "해제사유발생일": null,
        "해제여부": null
    },
    {
        "거래금액": "8,000",
        "건축년도": "1968",
        "년": "2006",
        "법정동": "인현동2가",
        "아파트": "신성상가",
        "월": "5",
        "일": "24",
        "전용면적": "42.31",
        "지번": "192-30",
        "지역코드": "11140",
        "층": "7",
        "해제사유발생일": null,
        "해제여부": null
    },
    {
        "거래금액": "16,000",
        "건축년도": "1999",
        "년": "2006",
        "법정동": "예장동",
        "아파트": "삼익",
        "월": "5",
        "일": "3",
        "전용면적": "60.39",
        "지번": "9",
        "지역코드": "11140",
        "층": "5",
        "해제사유발생일": null,
        "해제여부": null
    },
    {
        "거래금액": "36,500",
        "건축년도": "1999",
        "년": "2006",
        "법정동": "신당동",
        "아파트": "삼성",
        "월": "5",
        "일": "1",
        "전용면적": "84.96",
        "지번": "843",
        "지역코드": "11140",
        "층": "5",
        "해제사유발생일": null,
        "해제여부": null
    },
    {
        "거래금액": "23,850",
        "건축년도": "1999",
        "년": "2006",
        "법정동": "신당동",
        "아파트": "약수하이츠",
        "월": "5",
        "일": "1",
        "전용면적": "57.63",
        "지번": "842",
        "지역코드": "11140",
        "층": "8",
        "해제사유발생일": null,
        "해제여부": null
    },
    {
        "거래금액": "69,600",
        "건축년도": "2002",
        "년": "2006",
        "법정동": "신당동",
        "아파트": "남산타운",
        "월": "5",
        "일": "2",
        "전용면적": "114.88",
        "지번": "844",
        "지역코드": "11140",
        "층": "11",
        "해제사유발생일": null,
        "해제여부": null
    },
    {
        "거래금액": "27,000",
        "건축년도": "2002",
        "년": "2006",
        "법정동": "신당동",
        "아파트": "남산타운",
        "월": "5",
        "일": "2",
        "전용면적": "59.94",
        "지번": "844",
        "지역코드": "11140",
        "층": "16",
        "해제사유발생일": null,
        "해제여부": null
    },
    {
        "거래금액": "42,000",
        "건축년도": "1993",
        "년": "2006",
        "법정동": "신당동",
        "아파트": "현대",
        "월": "5",
        "일": "3",
        "전용면적": "121.14",
        "지번": "840",
        "지역코드": "11140",
        "층": "5",
        "해제사유발생일": null,
        "해제여부": null
    },
    {
        "거래금액": "37,000",
        "건축년도": "1999",
        "년": "2006",
        "법정동": "신당동",
        "아파트": "삼성",
        "월": "5",
        "일": "3",
        "전용면적": "84.96",
        "지번": "843",
        "지역코드": "11140",
        "층": "15",
        "해제사유발생일": null,
        "해제여부": null
    },
    {
        "거래금액": "33,000",
        "건축년도": "1999",
        "년": "2006",
        "법정동": "신당동",
        "아파트": "삼성",
        "월": "5",
        "일": "3",
        "전용면적": "84.96",
        "지번": "843",
        "지역코드": "11140",
        "층": "1",
        "해제사유발생일": null,
        "해제여부": null
    },
    {
        "거래금액": "20,000",
        "건축년도": "1999",
        "년": "2006",
        "법정동": "신당동",
        "아파트": "약수하이츠",
        "월": "5",
        "일": "3",
        "전용면적": "57.63",
        "지번": "842",
        "지역코드": "11140",
        "층": "6",
        "해제사유발생일": null,
        "해제여부": null
    },
    {
        "거래금액": "59,500",
        "건축년도": "1999",
        "년": "2006",
        "법정동": "신당동",
        "아파트": "약수하이츠",
        "월": "5",
        "일": "4",
        "전용면적": "114.92",
        "지번": "842",
        "지역코드": "11140",
        "층": "7",
        "해제사유발생일": null,
        "해제여부": null
    },
    {
        "거래금액": "57,000",
        "건축년도": "1999",
        "년": "2006",
        "법정동": "신당동",
        "아파트": "약수하이츠",
        "월": "5",
        "일": "4",
        "전용면적": "114.92",
        "지번": "842",
        "지역코드": "11140",
        "층": "4",
        "해제사유발생일": null,
        "해제여부": null
    },
    {
        "거래금액": "54,000",
        "건축년도": "2002",
        "년": "2006",
        "법정동": "신당동",
        "아파트": "남산타운",
        "월": "5",
        "일": "4",
        "전용면적": "84.88",
        "지번": "844",
        "지역코드": "11140",
        "층": "5",
        "해제사유발생일": null,
        "해제여부": null
    },
    {
        "거래금액": "27,700",
        "건축년도": "2002",
        "년": "2006",
        "법정동": "신당동",
        "아파트": "남산타운",
        "월": "5",
        "일": "5",
        "전용면적": "59.94",
        "지번": "844",
        "지역코드": "11140",
        "층": "11",
        "해제사유발생일": null,
        "해제여부": null
    },
    {
        "거래금액": "27,000",
        "건축년도": "1999",
        "년": "2006",
        "법정동": "신당동",
        "아파트": "약수하이츠",
        "월": "5",
        "일": "5",
        "전용면적": "65.37",
        "지번": "842",
        "지역코드": "11140",
        "층": "3",
        "해제사유발생일": null,
        "해제여부": null
    },
    {
        "거래금액": "100,000",
        "건축년도": "2002",
        "년": "2006",
        "법정동": "신당동",
        "아파트": "남산타운",
        "월": "5",
        "일": "5",
        "전용면적": "114.88",
        "지번": "844",
        "지역코드": "11140",
        "층": "14",
        "해제사유발생일": null,
        "해제여부": null
    },
    {
        "거래금액": "29,000",
        "건축년도": "1999",
        "년": "2006",
        "법정동": "신당동",
        "아파트": "약수하이츠",
        "월": "5",
        "일": "8",
        "전용면적": "65.37",
        "지번": "842",
        "지역코드": "11140",
        "층": "16",
        "해제사유발생일": null,
        "해제여부": null
    },
    {
        "거래금액": "49,800",
        "건축년도": "2002",
        "년": "2006",
        "법정동": "신당동",
        "아파트": "남산타운",
        "월": "5",
        "일": "9",
        "전용면적": "84.88",
        "지번": "844",
        "지역코드": "11140",
        "층": "18",
        "해제사유발생일": null,
        "해제여부": null
    },
    {
        "거래금액": "49,000",
        "건축년도": "2002",
        "년": "2006",
        "법정동": "신당동",
        "아파트": "남산타운",
        "월": "5",
        "일": "10",
        "전용면적": "84.88",
        "지번": "844",
        "지역코드": "11140",
        "층": "6",
        "해제사유발생일": null,
        "해제여부": null
    },
    {
        "거래금액": "25,000",
        "건축년도": "2003",
        "년": "2006",
        "법정동": "신당동",
        "아파트": "진달래",
        "월": "5",
        "일": "10",
        "전용면적": "84.41",
        "지번": "333-42",
        "지역코드": "11140",
        "층": "1",
        "해제사유발생일": null,
        "해제여부": null
    },
    {
        "거래금액": "48,000",
        "건축년도": "2002",
        "년": "2006",
        "법정동": "신당동",
        "아파트": "남산타운",
        "월": "5",
        "일": "11",
        "전용면적": "84.88",
        "지번": "844",
        "지역코드": "11140",
        "층": "10",
        "해제사유발생일": null,
        "해제여부": null
    },
    {
        "거래금액": "44,500",
        "건축년도": "1999",
        "년": "2006",
        "법정동": "신당동",
        "아파트": "약수하이츠",
        "월": "5",
        "일": "11",
        "전용면적": "84.88",
        "지번": "842",
        "지역코드": "11140",
        "층": "9",
        "해제사유발생일": null,
        "해제여부": null
    },
    {
        "거래금액": "65,000",
        "건축년도": "1999",
        "년": "2006",
        "법정동": "신당동",
        "아파트": "약수하이츠",
        "월": "5",
        "일": "11",
        "전용면적": "114.92",
        "지번": "842",
        "지역코드": "11140",
        "층": "14",
        "해제사유발생일": null,
        "해제여부": null
    },
    {
        "거래금액": "30,500",
        "건축년도": "2002",
        "년": "2006",
        "법정동": "신당동",
        "아파트": "남산타운",
        "월": "5",
        "일": "12",
        "전용면적": "59.94",
        "지번": "844",
        "지역코드": "11140",
        "층": "16",
        "해제사유발생일": null,
        "해제여부": null
    },
    {
        "거래금액": "29,900",
        "건축년도": "1993",
        "년": "2006",
        "법정동": "신당동",
        "아파트": "현대",
        "월": "5",
        "일": "12",
        "전용면적": "83.97",
        "지번": "840",
        "지역코드": "11140",
        "층": "9",
        "해제사유발생일": null,
        "해제여부": null
    },
    {
        "거래금액": "38,000",
        "건축년도": "1999",
        "년": "2006",
        "법정동": "신당동",
        "아파트": "약수하이츠",
        "월": "5",
        "일": "13",
        "전용면적": "84.88",
        "지번": "842",
        "지역코드": "11140",
        "층": "9",
        "해제사유발생일": null,
        "해제여부": null
    },
    {
        "거래금액": "59,800",
        "건축년도": "2002",
        "년": "2006",
        "법정동": "신당동",
        "아파트": "남산타운",
        "월": "5",
        "일": "13",
        "전용면적": "84.88",
        "지번": "844",
        "지역코드": "11140",
        "층": "4",
        "해제사유발생일": null,
        "해제여부": null
    },
    {
        "거래금액": "39,500",
        "건축년도": "1999",
        "년": "2006",
        "법정동": "신당동",
        "아파트": "약수하이츠",
        "월": "5",
        "일": "15",
        "전용면적": "84.88",
        "지번": "842",
        "지역코드": "11140",
        "층": "2",
        "해제사유발생일": null,
        "해제여부": null
    },
    {
        "거래금액": "30,000",
        "건축년도": "1993",
        "년": "2006",
        "법정동": "신당동",
        "아파트": "현대",
        "월": "5",
        "일": "15",
        "전용면적": "79.11",
        "지번": "840",
        "지역코드": "11140",
        "층": "7",
        "해제사유발생일": null,
        "해제여부": null
    },
    {
        "거래금액": "25,000",
        "건축년도": "1993",
        "년": "2006",
        "법정동": "신당동",
        "아파트": "현대",
        "월": "5",
        "일": "15",
        "전용면적": "79.11",
        "지번": "840",
        "지역코드": "11140",
        "층": "14",
        "해제사유발생일": null,
        "해제여부": null
    },
    {
        "거래금액": "27,000",
        "건축년도": "2006",
        "년": "2006",
        "법정동": "신당동",
        "아파트": "태원팰리스5차(432-1132)",
        "월": "5",
        "일": "15",
        "전용면적": "84.15",
        "지번": "432-1132",
        "지역코드": "11140",
        "층": "2",
        "해제사유발생일": null,
        "해제여부": null
    },
    {
        "거래금액": "41,400",
        "건축년도": "1999",
        "년": "2006",
        "법정동": "신당동",
        "아파트": "약수하이츠",
        "월": "5",
        "일": "16",
        "전용면적": "84.88",
        "지번": "842",
        "지역코드": "11140",
        "층": "20",
        "해제사유발생일": null,
        "해제여부": null
    },
    {
        "거래금액": "40,300",
        "건축년도": "1999",
        "년": "2006",
        "법정동": "신당동",
        "아파트": "삼성",
        "월": "5",
        "일": "16",
        "전용면적": "84.96",
        "지번": "843",
        "지역코드": "11140",
        "층": "5",
        "해제사유발생일": null,
        "해제여부": null
    },
    {
        "거래금액": "25,500",
        "건축년도": "2002",
        "년": "2006",
        "법정동": "신당동",
        "아파트": "남산타운",
        "월": "5",
        "일": "17",
        "전용면적": "59.94",
        "지번": "844",
        "지역코드": "11140",
        "층": "16",
        "해제사유발생일": null,
        "해제여부": null
    },
    {
        "거래금액": "21,000",
        "건축년도": "1993",
        "년": "2006",
        "법정동": "신당동",
        "아파트": "현대",
        "월": "5",
        "일": "18",
        "전용면적": "83.97",
        "지번": "840",
        "지역코드": "11140",
        "층": "2",
        "해제사유발생일": null,
        "해제여부": null
    },
    {
        "거래금액": "44,000",
        "건축년도": "1999",
        "년": "2006",
        "법정동": "신당동",
        "아파트": "약수하이츠",
        "월": "5",
        "일": "18",
        "전용면적": "84.88",
        "지번": "842",
        "지역코드": "11140",
        "층": "6",
        "해제사유발생일": null,
        "해제여부": null
    },
    {
        "거래금액": "50,500",
        "건축년도": "2002",
        "년": "2006",
        "법정동": "신당동",
        "아파트": "남산타운",
        "월": "5",
        "일": "19",
        "전용면적": "84.88",
        "지번": "844",
        "지역코드": "11140",
        "층": "16",
        "해제사유발생일": null,
        "해제여부": null
    },
    {
        "거래금액": "72,250",
        "건축년도": "2002",
        "년": "2006",
        "법정동": "신당동",
        "아파트": "남산타운",
        "월": "5",
        "일": "19",
        "전용면적": "114.88",
        "지번": "844",
        "지역코드": "11140",
        "층": "13",
        "해제사유발생일": null,
        "해제여부": null
    },
    {
        "거래금액": "60,500",
        "건축년도": "1999",
        "년": "2006",
        "법정동": "신당동",
        "아파트": "약수하이츠",
        "월": "5",
        "일": "20",
        "전용면적": "114.92",
        "지번": "842",
        "지역코드": "11140",
        "층": "18",
        "해제사유발생일": null,
        "해제여부": null
    },
    {
        "거래금액": "52,000",
        "건축년도": "2002",
        "년": "2006",
        "법정동": "신당동",
        "아파트": "남산타운",
        "월": "5",
        "일": "20",
        "전용면적": "84.88",
        "지번": "844",
        "지역코드": "11140",
        "층": "6",
        "해제사유발생일": null,
        "해제여부": null
    },
    {
        "거래금액": "72,000",
        "건축년도": "2002",
        "년": "2006",
        "법정동": "신당동",
        "아파트": "남산타운",
        "월": "5",
        "일": "22",
        "전용면적": "114.88",
        "지번": "844",
        "지역코드": "11140",
        "층": "7",
        "해제사유발생일": null,
        "해제여부": null
    },
    {
        "거래금액": "35,000",
        "건축년도": "1999",
        "년": "2006",
        "법정동": "신당동",
        "아파트": "약수하이츠",
        "월": "5",
        "일": "22",
        "전용면적": "84.88",
        "지번": "842",
        "지역코드": "11140",
        "층": "3",
        "해제사유발생일": null,
        "해제여부": null
    },
    {
        "거래금액": "60,000",
        "건축년도": "2002",
        "년": "2006",
        "법정동": "신당동",
        "아파트": "남산타운",
        "월": "5",
        "일": "22",
        "전용면적": "114.88",
        "지번": "844",
        "지역코드": "11140",
        "층": "11",
        "해제사유발생일": null,
        "해제여부": null
    },
    {
        "거래금액": "53,750",
        "건축년도": "2002",
        "년": "2006",
        "법정동": "신당동",
        "아파트": "남산타운",
        "월": "5",
        "일": "22",
        "전용면적": "84.88",
        "지번": "844",
        "지역코드": "11140",
        "층": "17",
        "해제사유발생일": null,
        "해제여부": null
    },
    {
        "거래금액": "25,500",
        "건축년도": "2002",
        "년": "2006",
        "법정동": "신당동",
        "아파트": "남산타운",
        "월": "5",
        "일": "23",
        "전용면적": "59.94",
        "지번": "844",
        "지역코드": "11140",
        "층": "13",
        "해제사유발생일": null,
        "해제여부": null
    },
    {
        "거래금액": "42,800",
        "건축년도": "1999",
        "년": "2006",
        "법정동": "신당동",
        "아파트": "삼성",
        "월": "5",
        "일": "25",
        "전용면적": "84.96",
        "지번": "843",
        "지역코드": "11140",
        "층": "19",
        "해제사유발생일": null,
        "해제여부": null
    },
    {
        "거래금액": "27,300",
        "건축년도": "2002",
        "년": "2006",
        "법정동": "신당동",
        "아파트": "남산타운",
        "월": "5",
        "일": "26",
        "전용면적": "59.94",
        "지번": "844",
        "지역코드": "11140",
        "층": "11",
        "해제사유발생일": null,
        "해제여부": null
    },
    {
        "거래금액": "60,000",
        "건축년도": "1999",
        "년": "2006",
        "법정동": "신당동",
        "아파트": "약수하이츠",
        "월": "5",
        "일": "29",
        "전용면적": "114.92",
        "지번": "842",
        "지역코드": "11140",
        "층": "6",
        "해제사유발생일": null,
        "해제여부": null
    },
    {
        "거래금액": "36,900",
        "건축년도": "1999",
        "년": "2006",
        "법정동": "신당동",
        "아파트": "삼성",
        "월": "5",
        "일": "30",
        "전용면적": "84.96",
        "지번": "843",
        "지역코드": "11140",
        "층": "10",
        "해제사유발생일": null,
        "해제여부": null
    },
    {
        "거래금액": "26,500",
        "건축년도": "1999",
        "년": "2006",
        "법정동": "신당동",
        "아파트": "삼성",
        "월": "5",
        "일": "31",
        "전용면적": "59.97",
        "지번": "843",
        "지역코드": "11140",
        "층": "20",
        "해제사유발생일": null,
        "해제여부": null
    },
    {
        "거래금액": "29,000",
        "건축년도": "2001",
        "년": "2006",
        "법정동": "중림동",
        "아파트": "삼성사이버빌리지",
        "월": "5",
        "일": "17",
        "전용면적": "59.7",
        "지번": "200",
        "지역코드": "11140",
        "층": "7",
        "해제사유발생일": null,
        "해제여부": null
    },
    {
        "거래금액": "47,000",
        "건축년도": "2001",
        "년": "2006",
        "법정동": "중림동",
        "아파트": "삼성사이버빌리지",
        "월": "5",
        "일": "18",
        "전용면적": "84.93",
        "지번": "200",
        "지역코드": "11140",
        "층": "11",
        "해제사유발생일": null,
        "해제여부": null
    },
    {
        "거래금액": "46,500",
        "건축년도": "2001",
        "년": "2006",
        "법정동": "중림동",
        "아파트": "삼성사이버빌리지",
        "월": "5",
        "일": "18",
        "전용면적": "84.95",
        "지번": "200",
        "지역코드": "11140",
        "층": "12",
        "해제사유발생일": null,
        "해제여부": null
    },
    {
        "거래금액": "31,000",
        "건축년도": "2001",
        "년": "2006",
        "법정동": "중림동",
        "아파트": "삼성사이버빌리지",
        "월": "5",
        "일": "26",
        "전용면적": "59.93",
        "지번": "200",
        "지역코드": "11140",
        "층": "5",
        "해제사유발생일": null,
        "해제여부": null
    },
    {
        "거래금액": "43,000",
        "건축년도": "2000",
        "년": "2006",
        "법정동": "청운동",
        "아파트": "청운현대",
        "월": "5",
        "일": "5",
        "전용면적": "78.78",
        "지번": "56-45",
        "지역코드": "11110",
        "층": "1",
        "해제사유발생일": null,
        "해제여부": null
    },
    {
        "거래금액": "22,000",
        "건축년도": "1971",
        "년": "2006",
        "법정동": "옥인동",
        "아파트": "옥인시민",
        "월": "5",
        "일": "12",
        "전용면적": "59.5",
        "지번": "179-3",
        "지역코드": "11110",
        "층": "3",
        "해제사유발생일": null,
        "해제여부": null
    },
    {
        "거래금액": "16,500",
        "건축년도": "1971",
        "년": "2006",
        "법정동": "옥인동",
        "아파트": "옥인시민",
        "월": "5",
        "일": "15",
        "전용면적": "49.59",
        "지번": "179-3",
        "지역코드": "11110",
        "층": "4",
        "해제사유발생일": null,
        "해제여부": null
    },
    {
        "거래금액": "22,000",
        "건축년도": "1971",
        "년": "2006",
        "법정동": "옥인동",
        "아파트": "옥인시민",
        "월": "5",
        "일": "30",
        "전용면적": "59.5",
        "지번": "179-3",
        "지역코드": "11110",
        "층": "2",
        "해제사유발생일": null,
        "해제여부": null
    },
    {
        "거래금액": "35,000",
        "건축년도": "1981",
        "년": "2006",
        "법정동": "당주동",
        "아파트": "롯데미도파광화문빌딩",
        "월": "5",
        "일": "26",
        "전용면적": "93.36",
        "지번": "145",
        "지역코드": "11110",
        "층": "8",
        "해제사유발생일": null,
        "해제여부": null
    },
    {
        "거래금액": "74,300",
        "건축년도": "2003",
        "년": "2006",
        "법정동": "내수동",
        "아파트": "경희궁 파크팰리스",
        "월": "5",
        "일": "2",
        "전용면적": "117.26",
        "지번": "95",
        "지역코드": "11110",
        "층": "5",
        "해제사유발생일": null,
        "해제여부": null
    },
    {
        "거래금액": "97,000",
        "건축년도": "2003",
        "년": "2006",
        "법정동": "내수동",
        "아파트": "경희궁 파크팰리스",
        "월": "5",
        "일": "10",
        "전용면적": "146.33",
        "지번": "95",
        "지역코드": "11110",
        "층": "13",
        "해제사유발생일": null,
        "해제여부": null
    },
    {
        "거래금액": "85,000",
        "건축년도": "2003",
        "년": "2006",
        "법정동": "내수동",
        "아파트": "경희궁 파크팰리스",
        "월": "5",
        "일": "11",
        "전용면적": "117.26",
        "지번": "95",
        "지역코드": "11110",
        "층": "11",
        "해제사유발생일": null,
        "해제여부": null
    },
    {
        "거래금액": "25,450",
        "건축년도": "2005",
        "년": "2006",
        "법정동": "수송동",
        "아파트": "로얄팰리스스위트",
        "월": "5",
        "일": "19",
        "전용면적": "40.07",
        "지번": "85",
        "지역코드": "11110",
        "층": "15",
        "해제사유발생일": null,
        "해제여부": null
    },
    {
        "거래금액": "14,800",
        "건축년도": "2003",
        "년": "2006",
        "법정동": "익선동",
        "아파트": "현대뜨레비앙",
        "월": "5",
        "일": "25",
        "전용면적": "46.64",
        "지번": "55",
        "지역코드": "11110",
        "층": "3",
        "해제사유발생일": null,
        "해제여부": null
    },
    {
        "거래금액": "32,788",
        "건축년도": "2006",
        "년": "2006",
        "법정동": "명륜1가",
        "아파트": "건양하늘터",
        "월": "5",
        "일": "22",
        "전용면적": "84.89",
        "지번": "23",
        "지역코드": "11110",
        "층": "1",
        "해제사유발생일": null,
        "해제여부": null
    },
    {
        "거래금액": "27,800",
        "건축년도": "1996",
        "년": "2006",
        "법정동": "명륜2가",
        "아파트": "아남2",
        "월": "5",
        "일": "17",
        "전용면적": "59.4",
        "지번": "236",
        "지역코드": "11110",
        "층": "5",
        "해제사유발생일": null,
        "해제여부": null
    },
    {
        "거래금액": "40,000",
        "건축년도": "1995",
        "년": "2006",
        "법정동": "명륜2가",
        "아파트": "아남1",
        "월": "5",
        "일": "18",
        "전용면적": "84.9",
        "지번": "4",
        "지역코드": "11110",
        "층": "11",
        "해제사유발생일": null,
        "해제여부": null
    },
    {
        "거래금액": "42,000",
        "건축년도": "1995",
        "년": "2006",
        "법정동": "명륜2가",
        "아파트": "아남1",
        "월": "5",
        "일": "20",
        "전용면적": "84.9",
        "지번": "4",
        "지역코드": "11110",
        "층": "3",
        "해제사유발생일": null,
        "해제여부": null
    },
    {
        "거래금액": "13,450",
        "건축년도": "1993",
        "년": "2006",
        "법정동": "창신동",
        "아파트": "창신쌍용2",
        "월": "5",
        "일": "1",
        "전용면적": "54.7",
        "지번": "703",
        "지역코드": "11110",
        "층": "12",
        "해제사유발생일": null,
        "해제여부": null
    },
    {
        "거래금액": "14,000",
        "건축년도": "1993",
        "년": "2006",
        "법정동": "창신동",
        "아파트": "창신쌍용2",
        "월": "5",
        "일": "3",
        "전용면적": "54.7",
        "지번": "703",
        "지역코드": "11110",
        "층": "7",
        "해제사유발생일": null,
        "해제여부": null
    },
    {
        "거래금액": "19,000",
        "건축년도": "1999",
        "년": "2006",
        "법정동": "창신동",
        "아파트": "두산",
        "월": "5",
        "일": "3",
        "전용면적": "59.95",
        "지번": "232",
        "지역코드": "11110",
        "층": "23",
        "해제사유발생일": null,
        "해제여부": null
    },
    {
        "거래금액": "32,500",
        "건축년도": "1993",
        "년": "2006",
        "법정동": "창신동",
        "아파트": "창신쌍용2",
        "월": "5",
        "일": "4",
        "전용면적": "115.53",
        "지번": "703",
        "지역코드": "11110",
        "층": "5",
        "해제사유발생일": null,
        "해제여부": null
    },
    {
        "거래금액": "35,000",
        "건축년도": "1999",
        "년": "2006",
        "법정동": "창신동",
        "아파트": "두산",
        "월": "5",
        "일": "9",
        "전용면적": "84.9",
        "지번": "232",
        "지역코드": "11110",
        "층": "21",
        "해제사유발생일": null,
        "해제여부": null
    },
    {
        "거래금액": "21,000",
        "건축년도": "1992",
        "년": "2006",
        "법정동": "창신동",
        "아파트": "창신쌍용1",
        "월": "5",
        "일": "10",
        "전용면적": "79.87",
        "지번": "702",
        "지역코드": "11110",
        "층": "3",
        "해제사유발생일": null,
        "해제여부": null
    },
    {
        "거래금액": "32,000",
        "건축년도": "1993",
        "년": "2006",
        "법정동": "창신동",
        "아파트": "창신쌍용2",
        "월": "5",
        "일": "12",
        "전용면적": "115.53",
        "지번": "703",
        "지역코드": "11110",
        "층": "11",
        "해제사유발생일": null,
        "해제여부": null
    },
    {
        "거래금액": "21,700",
        "건축년도": "1992",
        "년": "2006",
        "법정동": "창신동",
        "아파트": "창신쌍용1",
        "월": "5",
        "일": "12",
        "전용면적": "79.87",
        "지번": "702",
        "지역코드": "11110",
        "층": "2",
        "해제사유발생일": null,
        "해제여부": null
    },
    {
        "거래금액": "14,000",
        "건축년도": "1997",
        "년": "2006",
        "법정동": "창신동",
        "아파트": "흥인",
        "월": "5",
        "일": "13",
        "전용면적": "56.88",
        "지번": "627-21",
        "지역코드": "11110",
        "층": "5",
        "해제사유발생일": null,
        "해제여부": null
    },
    {
        "거래금액": "10,300",
        "건축년도": "1970",
        "년": "2006",
        "법정동": "창신동",
        "아파트": "동문상가",
        "월": "5",
        "일": "15",
        "전용면적": "37.35",
        "지번": "436-41",
        "지역코드": "11110",
        "층": "6",
        "해제사유발생일": null,
        "해제여부": null
    },
    {
        "거래금액": "19,000",
        "건축년도": "1968",
        "년": "2006",
        "법정동": "창신동",
        "아파트": "동대문상가",
        "월": "5",
        "일": "15",
        "전용면적": "40.87",
        "지번": "436-64",
        "지역코드": "11110",
        "층": "5",
        "해제사유발생일": null,
        "해제여부": null
    },
    {
        "거래금액": "16,000",
        "건축년도": "1993",
        "년": "2006",
        "법정동": "창신동",
        "아파트": "창신쌍용2",
        "월": "5",
        "일": "15",
        "전용면적": "64.66",
        "지번": "703",
        "지역코드": "11110",
        "층": "12",
        "해제사유발생일": null,
        "해제여부": null
    },
    {
        "거래금액": "22,150",
        "건축년도": "1992",
        "년": "2006",
        "법정동": "창신동",
        "아파트": "창신쌍용1",
        "월": "5",
        "일": "16",
        "전용면적": "79.87",
        "지번": "702",
        "지역코드": "11110",
        "층": "4",
        "해제사유발생일": null,
        "해제여부": null
    },
    {
        "거래금액": "19,500",
        "건축년도": "1968",
        "년": "2006",
        "법정동": "창신동",
        "아파트": "동대문상가",
        "월": "5",
        "일": "17",
        "전용면적": "40.87",
        "지번": "436-64",
        "지역코드": "11110",
        "층": "4",
        "해제사유발생일": null,
        "해제여부": null
    },
    {
        "거래금액": "23,000",
        "건축년도": "1999",
        "년": "2006",
        "법정동": "창신동",
        "아파트": "두산",
        "월": "5",
        "일": "17",
        "전용면적": "59.95",
        "지번": "232",
        "지역코드": "11110",
        "층": "19",
        "해제사유발생일": null,
        "해제여부": null
    },
    {
        "거래금액": "12,100",
        "건축년도": "1994",
        "년": "2006",
        "법정동": "창신동",
        "아파트": "성용",
        "월": "5",
        "일": "19",
        "전용면적": "59.28",
        "지번": "640-252",
        "지역코드": "11110",
        "층": "2",
        "해제사유발생일": null,
        "해제여부": null
    },
    {
        "거래금액": "21,200",
        "건축년도": "1993",
        "년": "2006",
        "법정동": "창신동",
        "아파트": "창신쌍용2",
        "월": "5",
        "일": "24",
        "전용면적": "79.87",
        "지번": "703",
        "지역코드": "11110",
        "층": "13",
        "해제사유발생일": null,
        "해제여부": null
    },
    {
        "거래금액": "15,400",
        "건축년도": "1993",
        "년": "2006",
        "법정동": "창신동",
        "아파트": "창신쌍용2",
        "월": "5",
        "일": "25",
        "전용면적": "64.66",
        "지번": "703",
        "지역코드": "11110",
        "층": "8",
        "해제사유발생일": null,
        "해제여부": null
    },
    {
        "거래금액": "20,000",
        "건축년도": "1993",
        "년": "2006",
        "법정동": "창신동",
        "아파트": "창신쌍용2",
        "월": "5",
        "일": "25",
        "전용면적": "79.87",
        "지번": "703",
        "지역코드": "11110",
        "층": "12",
        "해제사유발생일": null,
        "해제여부": null
    },
    {
        "거래금액": "32,300",
        "건축년도": "1992",
        "년": "2006",
        "법정동": "창신동",
        "아파트": "창신쌍용1",
        "월": "5",
        "일": "25",
        "전용면적": "106.62",
        "지번": "702",
        "지역코드": "11110",
        "층": "9",
        "해제사유발생일": null,
        "해제여부": null
    },
    {
        "거래금액": "13,600",
        "건축년도": "1993",
        "년": "2006",
        "법정동": "창신동",
        "아파트": "창신쌍용2",
        "월": "5",
        "일": "26",
        "전용면적": "54.7",
        "지번": "703",
        "지역코드": "11110",
        "층": "3",
        "해제사유발생일": null,
        "해제여부": null
    },
    {
        "거래금액": "20,700",
        "건축년도": "1992",
        "년": "2006",
        "법정동": "창신동",
        "아파트": "창신쌍용1",
        "월": "5",
        "일": "27",
        "전용면적": "79.87",
        "지번": "702",
        "지역코드": "11110",
        "층": "1",
        "해제사유발생일": null,
        "해제여부": null
    },
    {
        "거래금액": "22,700",
        "건축년도": "1992",
        "년": "2006",
        "법정동": "창신동",
        "아파트": "창신쌍용1",
        "월": "5",
        "일": "27",
        "전용면적": "79.87",
        "지번": "702",
        "지역코드": "11110",
        "층": "5",
        "해제사유발생일": null,
        "해제여부": null
    },
    {
        "거래금액": "21,500",
        "건축년도": "1993",
        "년": "2006",
        "법정동": "창신동",
        "아파트": "창신쌍용2",
        "월": "5",
        "일": "30",
        "전용면적": "79.87",
        "지번": "703",
        "지역코드": "11110",
        "층": "3",
        "해제사유발생일": null,
        "해제여부": null
    },
    {
        "거래금액": "14,000",
        "건축년도": "2002",
        "년": "2006",
        "법정동": "숭인동",
        "아파트": "동문 (482-0)",
        "월": "5",
        "일": "1",
        "전용면적": "59.64",
        "지번": "482",
        "지역코드": "11110",
        "층": "2",
        "해제사유발생일": null,
        "해제여부": null
    },
    {
        "거래금액": "15,000",
        "건축년도": "1995",
        "년": "2006",
        "법정동": "교북동",
        "아파트": "동아",
        "월": "5",
        "일": "23",
        "전용면적": "59.98",
        "지번": "101",
        "지역코드": "11110",
        "층": "3",
        "해제사유발생일": null,
        "해제여부": null
    },
    {
        "거래금액": "18,800",
        "건축년도": "1998",
        "년": "2006",
        "법정동": "평창동",
        "아파트": "삼성",
        "월": "5",
        "일": "1",
        "전용면적": "59.97",
        "지번": "596",
        "지역코드": "11110",
        "층": "12",
        "해제사유발생일": null,
        "해제여부": null
    },
    {
        "거래금액": "23,500",
        "건축년도": "1998",
        "년": "2006",
        "법정동": "평창동",
        "아파트": "삼성",
        "월": "5",
        "일": "8",
        "전용면적": "84.93",
        "지번": "596",
        "지역코드": "11110",
        "층": "15",
        "해제사유발생일": null,
        "해제여부": null
    },
    {
        "거래금액": "35,000",
        "건축년도": "2005",
        "년": "2006",
        "법정동": "평창동",
        "아파트": "형우럭스빌(33-1)",
        "월": "5",
        "일": "23",
        "전용면적": "103.07",
        "지번": "33-1",
        "지역코드": "11110",
        "층": "3",
        "해제사유발생일": null,
        "해제여부": null
    },
    {
        "거래금액": "60,000",
        "건축년도": "2000",
        "년": "2006",
        "법정동": "무악동",
        "아파트": "현대",
        "월": "5",
        "일": "2",
        "전용면적": "114.9",
        "지번": "82",
        "지역코드": "11110",
        "층": "16",
        "해제사유발생일": null,
        "해제여부": null
    },
    {
        "거래금액": "57,000",
        "건축년도": "2000",
        "년": "2006",
        "법정동": "무악동",
        "아파트": "현대",
        "월": "5",
        "일": "7",
        "전용면적": "114.9",
        "지번": "82",
        "지역코드": "11110",
        "층": "13",
        "해제사유발생일": null,
        "해제여부": null
    },
    {
        "거래금액": "43,300",
        "건축년도": "2000",
        "년": "2006",
        "법정동": "무악동",
        "아파트": "현대",
        "월": "5",
        "일": "9",
        "전용면적": "84.92",
        "지번": "82",
        "지역코드": "11110",
        "층": "12",
        "해제사유발생일": null,
        "해제여부": null
    },
    {
        "거래금액": "59,500",
        "건축년도": "2000",
        "년": "2006",
        "법정동": "무악동",
        "아파트": "현대",
        "월": "5",
        "일": "9",
        "전용면적": "114.9",
        "지번": "82",
        "지역코드": "11110",
        "층": "15",
        "해제사유발생일": null,
        "해제여부": null
    },
    {
        "거래금액": "45,800",
        "건축년도": "2000",
        "년": "2006",
        "법정동": "무악동",
        "아파트": "현대",
        "월": "5",
        "일": "16",
        "전용면적": "84.92",
        "지번": "82",
        "지역코드": "11110",
        "층": "17",
        "해제사유발생일": null,
        "해제여부": null
    },
    {
        "거래금액": "38,000",
        "건축년도": "2000",
        "년": "2006",
        "법정동": "무악동",
        "아파트": "현대",
        "월": "5",
        "일": "23",
        "전용면적": "84.92",
        "지번": "82",
        "지역코드": "11110",
        "층": "4",
        "해제사유발생일": null,
        "해제여부": null
    },
    {
        "거래금액": "42,500",
        "건축년도": "2000",
        "년": "2006",
        "법정동": "무악동",
        "아파트": "현대",
        "월": "5",
        "일": "24",
        "전용면적": "84.92",
        "지번": "82",
        "지역코드": "11110",
        "층": "7",
        "해제사유발생일": null,
        "해제여부": null
    },
    {
        "거래금액": "34,000",
        "건축년도": "2000",
        "년": "2006",
        "법정동": "무악동",
        "아파트": "현대",
        "월": "5",
        "일": "25",
        "전용면적": "84.92",
        "지번": "82",
        "지역코드": "11110",
        "층": "4",
        "해제사유발생일": null,
        "해제여부": null
    },
    {
        "거래금액": "44,300",
        "건축년도": "2000",
        "년": "2006",
        "법정동": "무악동",
        "아파트": "현대",
        "월": "5",
        "일": "26",
        "전용면적": "84.92",
        "지번": "82",
        "지역코드": "11110",
        "층": "13",
        "해제사유발생일": null,
        "해제여부": null
    },
    {
        "거래금액": "39,400",
        "건축년도": "2000",
        "년": "2006",
        "법정동": "무악동",
        "아파트": "현대",
        "월": "5",
        "일": "27",
        "전용면적": "84.92",
        "지번": "82",
        "지역코드": "11110",
        "층": "12",
        "해제사유발생일": null,
        "해제여부": null
    }
]