[
    {
        "거래금액": "18,000",
        "건축년도": "1981",
        "년": "2006",
        "대지권면적": "91.83",
        "법정동": "회현동1가",
        "연립다세대": "회현맨션",
        "월": "5",
        "일": "1",
        "전용면적": "100.16",
        "지번": "148-2",
        "지역코드": "11140",
        "층": "2",
        "해제사유발생일": null,
        "해제여부": null
    },
    {
        "거래금액": "14,000",
        "건축년도": "2003",
        "년": "2006",
        "대지권면적": "29.34",
        "법정동": "장충동1가",
        "연립다세대": "부광빌리지 에이동",
        "월": "5",
        "일": "8",
        "전용면적": "61.43",
        "지번": "35-7",
        "지역코드": "11140",
        "층": "4",
        "해제사유발생일": null,
        "해제여부": null
    },
    {
        "거래금액": "20,000",
        "건축년도": "2003",
        "년": "2006",
        "대지권면적": "28.86",
        "법정동": "장충동1가",
        "연립다세대": "이다캐슬14",
        "월": "5",
        "일": "24",
        "전용면적": "58.81",
        "지번": "38-15",
        "지역코드": "11140",
        "층": "4",
        "해제사유발생일": null,
        "해제여부": null
    },
    {
        "거래금액": "15,000",
        "건축년도": "1997",
        "년": "2006",
        "대지권면적": "23.5",
        "법정동": "장충동2가",
        "연립다세대": "장충동빌리지(193-105)",
        "월": "5",
        "일": "10",
        "전용면적": "59.34",
        "지번": "193-105",
        "지역코드": "11140",
        "층": "4",
        "해제사유발생일": null,
        "해제여부": null
    },
    {
        "거래금액": "8,600",
        "건축년도": "1997",
        "년": "2006",
        "대지권면적": "18.48",
        "법정동": "장충동2가",
        "연립다세대": "태광빌라",
        "월": "5",
        "일": "25",
        "전용면적": "59.46",
        "지번": "193-76",
        "지역코드": "11140",
        "층": "4",
        "해제사유발생일": null,
        "해제여부": null
    },
    {
        "거래금액": "9,400",
        "건축년도": "2000",
        "년": "2006",
        "대지권면적": "19.45",
        "법정동": "신당동",
        "연립다세대": "대영빌라",
        "월": "5",
        "일": "4",
        "전용면적": "59.57",
        "지번": "432-871",
        "지역코드": "11140",
        "층": "2",
        "해제사유발생일": null,
        "해제여부": null
    },
    {
        "거래금액": "8,750",
        "건축년도": "1999",
        "년": "2006",
        "대지권면적": "19.67",
        "법정동": "신당동",
        "연립다세대": "(432-896)",
        "월": "5",
        "일": "8",
        "전용면적": "59.45",
        "지번": "432-896",
        "지역코드": "11140",
        "층": "4",
        "해제사유발생일": null,
        "해제여부": null
    },
    {
        "거래금액": "12,800",
        "건축년도": "2000",
        "년": "2006",
        "대지권면적": "25.62",
        "법정동": "신당동",
        "연립다세대": "토토빌리지 4차",
        "월": "5",
        "일": "9",
        "전용면적": "58.66",
        "지번": "432-419",
        "지역코드": "11140",
        "층": "4",
        "해제사유발생일": null,
        "해제여부": null
    },
    {
        "거래금액": "7,000",
        "건축년도": "2000",
        "년": "2006",
        "대지권면적": "9.68",
        "법정동": "신당동",
        "연립다세대": "두원 남산빌라2",
        "월": "5",
        "일": "9",
        "전용면적": "23.32",
        "지번": "432-1849",
        "지역코드": "11140",
        "층": "1",
        "해제사유발생일": null,
        "해제여부": null
    },
    {
        "거래금액": "8,500",
        "건축년도": "2001",
        "년": "2006",
        "대지권면적": "25.25",
        "법정동": "신당동",
        "연립다세대": "두원 남산빌라 5",
        "월": "5",
        "일": "10",
        "전용면적": "59.25",
        "지번": "432-1825",
        "지역코드": "11140",
        "층": "1",
        "해제사유발생일": null,
        "해제여부": null
    },
    {
        "거래금액": "25,000",
        "건축년도": "2003",
        "년": "2006",
        "대지권면적": "37.05",
        "법정동": "신당동",
        "연립다세대": "푸른마을",
        "월": "5",
        "일": "11",
        "전용면적": "79.44",
        "지번": "166-1",
        "지역코드": "11140",
        "층": "4",
        "해제사유발생일": null,
        "해제여부": null
    },
    {
        "거래금액": "11,500",
        "건축년도": "2004",
        "년": "2006",
        "대지권면적": "32.82",
        "법정동": "신당동",
        "연립다세대": "동복맨숀",
        "월": "5",
        "일": "15",
        "전용면적": "42.56",
        "지번": "429-7",
        "지역코드": "11140",
        "층": "2",
        "해제사유발생일": null,
        "해제여부": null
    },
    {
        "거래금액": "8,000",
        "건축년도": "2001",
        "년": "2006",
        "대지권면적": "27.66",
        "법정동": "신당동",
        "연립다세대": "양지빌라C동",
        "월": "5",
        "일": "19",
        "전용면적": "57.59",
        "지번": "432-2004",
        "지역코드": "11140",
        "층": "1",
        "해제사유발생일": null,
        "해제여부": null
    },
    {
        "거래금액": "9,380",
        "건축년도": "2000",
        "년": "2006",
        "대지권면적": "16.72",
        "법정동": "신당동",
        "연립다세대": "목산빌라",
        "월": "5",
        "일": "19",
        "전용면적": "52.84",
        "지번": "432-2028",
        "지역코드": "11140",
        "층": "1",
        "해제사유발생일": null,
        "해제여부": null
    },
    {
        "거래금액": "10,500",
        "건축년도": "1990",
        "년": "2006",
        "대지권면적": "39.08",
        "법정동": "신당동",
        "연립다세대": "서울빌라",
        "월": "5",
        "일": "20",
        "전용면적": "57.06",
        "지번": "309-75",
        "지역코드": "11140",
        "층": "1",
        "해제사유발생일": null,
        "해제여부": null
    },
    {
        "거래금액": "14,850",
        "건축년도": "2003",
        "년": "2006",
        "대지권면적": "19.42",
        "법정동": "신당동",
        "연립다세대": "뉴타운빌 B동",
        "월": "5",
        "일": "23",
        "전용면적": "43.86",
        "지번": "424-2",
        "지역코드": "11140",
        "층": "4",
        "해제사유발생일": null,
        "해제여부": null
    },
    {
        "거래금액": "7,800",
        "건축년도": "2004",
        "년": "2006",
        "대지권면적": "20.2",
        "법정동": "신당동",
        "연립다세대": "남산빌라",
        "월": "5",
        "일": "24",
        "전용면적": "49.38",
        "지번": "432-1787",
        "지역코드": "11140",
        "층": "1",
        "해제사유발생일": null,
        "해제여부": null
    },
    {
        "거래금액": "24,100",
        "건축년도": "1989",
        "년": "2006",
        "대지권면적": "72.56",
        "법정동": "신당동",
        "연립다세대": "신당로얄빌라가,나동",
        "월": "5",
        "일": "26",
        "전용면적": "78.21",
        "지번": "340-24",
        "지역코드": "11140",
        "층": "3",
        "해제사유발생일": null,
        "해제여부": null
    },
    {
        "거래금액": "9,500",
        "건축년도": "1987",
        "년": "2006",
        "대지권면적": "29.5",
        "법정동": "중림동",
        "연립다세대": "(395-9)",
        "월": "5",
        "일": "2",
        "전용면적": "40.09",
        "지번": "395-9",
        "지역코드": "11140",
        "층": "3",
        "해제사유발생일": null,
        "해제여부": null
    },
    {
        "거래금액": "13,000",
        "건축년도": "1987",
        "년": "2006",
        "대지권면적": "44.72",
        "법정동": "중림동",
        "연립다세대": "(399-1)",
        "월": "5",
        "일": "13",
        "전용면적": "50.48",
        "지번": "399-1",
        "지역코드": "11140",
        "층": "1",
        "해제사유발생일": null,
        "해제여부": null
    },
    {
        "거래금액": "15,500",
        "건축년도": "1997",
        "년": "2006",
        "대지권면적": "38.53",
        "법정동": "중림동",
        "연립다세대": "(400-17)",
        "월": "5",
        "일": "19",
        "전용면적": "74.46",
        "지번": "400-17",
        "지역코드": "11140",
        "층": "4",
        "해제사유발생일": null,
        "해제여부": null
    },
    {
        "거래금액": "9,000",
        "건축년도": "1987",
        "년": "2006",
        "대지권면적": "46.6",
        "법정동": "중림동",
        "연립다세대": "(394-4)",
        "월": "5",
        "일": "20",
        "전용면적": "48.12",
        "지번": "394-4",
        "지역코드": "11140",
        "층": "1",
        "해제사유발생일": null,
        "해제여부": null
    },
    {
        "거래금액": "13,000",
        "건축년도": "1989",
        "년": "2006",
        "대지권면적": "24.6",
        "법정동": "만리동2가",
        "연립다세대": "(193-10)",
        "월": "5",
        "일": "11",
        "전용면적": "38.85",
        "지번": "193-10",
        "지역코드": "11140",
        "층": "1",
        "해제사유발생일": null,
        "해제여부": null
    },
    {
        "거래금액": "16,500",
        "건축년도": "1988",
        "년": "2006",
        "대지권면적": "27.1",
        "법정동": "만리동2가",
        "연립다세대": "(48-19)",
        "월": "5",
        "일": "18",
        "전용면적": "60.48",
        "지번": "48-19",
        "지역코드": "11140",
        "층": "-1",
        "해제사유발생일": null,
        "해제여부": null
    },
    {
        "거래금액": "13,500",
        "건축년도": "1996",
        "년": "2006",
        "대지권면적": "33.33",
        "법정동": "신교동",
        "연립다세대": "도암빌리지",
        "월": "5",
        "일": "6",
        "전용면적": "59.88",
        "지번": "40-1",
        "지역코드": "11110",
        "층": "2",
        "해제사유발생일": null,
        "해제여부": null
    },
    {
        "거래금액": "10,350",
        "건축년도": "2000",
        "년": "2006",
        "대지권면적": "22.16",
        "법정동": "누상동",
        "연립다세대": "문화빌라B동",
        "월": "5",
        "일": "6",
        "전용면적": "55.04",
        "지번": "116",
        "지역코드": "11110",
        "층": "2",
        "해제사유발생일": null,
        "해제여부": null
    },
    {
        "거래금액": "21,000",
        "건축년도": "2001",
        "년": "2006",
        "대지권면적": "37.075",
        "법정동": "누상동",
        "연립다세대": "인왕3차넥스빌",
        "월": "5",
        "일": "29",
        "전용면적": "84.98",
        "지번": "87",
        "지역코드": "11110",
        "층": "1",
        "해제사유발생일": null,
        "해제여부": null
    },
    {
        "거래금액": "11,900",
        "건축년도": "2000",
        "년": "2006",
        "대지권면적": "21.3",
        "법정동": "누상동",
        "연립다세대": "청마빌라A동",
        "월": "5",
        "일": "30",
        "전용면적": "53.72",
        "지번": "128",
        "지역코드": "11110",
        "층": "4",
        "해제사유발생일": null,
        "해제여부": null
    },
    {
        "거래금액": "15,500",
        "건축년도": "1980",
        "년": "2006",
        "대지권면적": "53.2",
        "법정동": "옥인동",
        "연립다세대": "옥인",
        "월": "5",
        "일": "1",
        "전용면적": "59.23",
        "지번": "183-1",
        "지역코드": "11110",
        "층": "1",
        "해제사유발생일": null,
        "해제여부": null
    },
    {
        "거래금액": "17,600",
        "건축년도": "1995",
        "년": "2006",
        "대지권면적": "24.11",
        "법정동": "체부동",
        "연립다세대": "동강빌라",
        "월": "5",
        "일": "8",
        "전용면적": "33.48",
        "지번": "172",
        "지역코드": "11110",
        "층": "1",
        "해제사유발생일": null,
        "해제여부": null
    },
    {
        "거래금액": "17,600",
        "건축년도": "1995",
        "년": "2006",
        "대지권면적": "24.11",
        "법정동": "체부동",
        "연립다세대": "동강빌라",
        "월": "5",
        "일": "8",
        "전용면적": "33.48",
        "지번": "172",
        "지역코드": "11110",
        "층": "2",
        "해제사유발생일": null,
        "해제여부": null
    },
    {
        "거래금액": "20,000",
        "건축년도": "2005",
        "년": "2006",
        "대지권면적": "44.2",
        "법정동": "체부동",
        "연립다세대": "진선미빌라",
        "월": "5",
        "일": "10",
        "전용면적": "71.72",
        "지번": "202",
        "지역코드": "11110",
        "층": "5",
        "해제사유발생일": null,
        "해제여부": null
    },
    {
        "거래금액": "22,000",
        "건축년도": "1993",
        "년": "2006",
        "대지권면적": "21.52",
        "법정동": "사직동",
        "연립다세대": "반석빌라",
        "월": "5",
        "일": "8",
        "전용면적": "40.95",
        "지번": "311-15",
        "지역코드": "11110",
        "층": "1",
        "해제사유발생일": null,
        "해제여부": null
    },
    {
        "거래금액": "31,000",
        "건축년도": "1993",
        "년": "2006",
        "대지권면적": "42.05",
        "법정동": "사직동",
        "연립다세대": "반석빌라",
        "월": "5",
        "일": "8",
        "전용면적": "80.01",
        "지번": "311-15",
        "지역코드": "11110",
        "층": "4",
        "해제사유발생일": null,
        "해제여부": null
    },
    {
        "거래금액": "18,000",
        "건축년도": "1989",
        "년": "2006",
        "대지권면적": "37.63",
        "법정동": "사직동",
        "연립다세대": "사직타운72",
        "월": "5",
        "일": "19",
        "전용면적": "41.16",
        "지번": "311-72",
        "지역코드": "11110",
        "층": "1",
        "해제사유발생일": null,
        "해제여부": null
    },
    {
        "거래금액": "16,000",
        "건축년도": "1989",
        "년": "2006",
        "대지권면적": "37.63",
        "법정동": "사직동",
        "연립다세대": "사직타운72",
        "월": "5",
        "일": "30",
        "전용면적": "41.16",
        "지번": "311-72",
        "지역코드": "11110",
        "층": "2",
        "해제사유발생일": null,
        "해제여부": null
    },
    {
        "거래금액": "23,000",
        "건축년도": "1997",
        "년": "2006",
        "대지권면적": "35.11",
        "법정동": "계동",
        "연립다세대": "계동빌라",
        "월": "5",
        "일": "26",
        "전용면적": "69.1",
        "지번": "75-4",
        "지역코드": "11110",
        "층": "1",
        "해제사유발생일": null,
        "해제여부": null
    },
    {
        "거래금액": "8,400",
        "건축년도": "1996",
        "년": "2006",
        "대지권면적": "14.54",
        "법정동": "원서동",
        "연립다세대": "(4-7)",
        "월": "5",
        "일": "11",
        "전용면적": "42.96",
        "지번": "4-7",
        "지역코드": "11110",
        "층": "2",
        "해제사유발생일": null,
        "해제여부": null
    },
    {
        "거래금액": "8,000",
        "건축년도": "2003",
        "년": "2006",
        "대지권면적": "23.37",
        "법정동": "원서동",
        "연립다세대": "영화빌라",
        "월": "5",
        "일": "15",
        "전용면적": "57.88",
        "지번": "135-53",
        "지역코드": "11110",
        "층": "-1",
        "해제사유발생일": null,
        "해제여부": null
    },
    {
        "거래금액": "13,500",
        "건축년도": "1998",
        "년": "2006",
        "대지권면적": "29.6",
        "법정동": "원서동",
        "연립다세대": "상원주택(105동)",
        "월": "5",
        "일": "19",
        "전용면적": "59.67",
        "지번": "77-75",
        "지역코드": "11110",
        "층": "3",
        "해제사유발생일": null,
        "해제여부": null
    },
    {
        "거래금액": "21,900",
        "건축년도": "2002",
        "년": "2006",
        "대지권면적": "56.29",
        "법정동": "원서동",
        "연립다세대": "레스빌",
        "월": "5",
        "일": "31",
        "전용면적": "84.78",
        "지번": "74-1",
        "지역코드": "11110",
        "층": "4",
        "해제사유발생일": null,
        "해제여부": null
    },
    {
        "거래금액": "6,500",
        "건축년도": "1998",
        "년": "2006",
        "대지권면적": "10.31",
        "법정동": "동숭동",
        "연립다세대": "(7-5)",
        "월": "5",
        "일": "1",
        "전용면적": "31.29",
        "지번": "7-5",
        "지역코드": "11110",
        "층": "3",
        "해제사유발생일": null,
        "해제여부": null
    },
    {
        "거래금액": "9,500",
        "건축년도": "1987",
        "년": "2006",
        "대지권면적": "43",
        "법정동": "동숭동",
        "연립다세대": "도시빌라",
        "월": "5",
        "일": "3",
        "전용면적": "58.98",
        "지번": "2-22",
        "지역코드": "11110",
        "층": "3",
        "해제사유발생일": null,
        "해제여부": null
    },
    {
        "거래금액": "18,500",
        "건축년도": "2002",
        "년": "2006",
        "대지권면적": "57.58",
        "법정동": "동숭동",
        "연립다세대": "(4-4)",
        "월": "5",
        "일": "15",
        "전용면적": "74.45",
        "지번": "4-4",
        "지역코드": "11110",
        "층": "4",
        "해제사유발생일": null,
        "해제여부": null
    },
    {
        "거래금액": "8,000",
        "건축년도": "1988",
        "년": "2006",
        "대지권면적": "56.55",
        "법정동": "동숭동",
        "연립다세대": "(2-3)",
        "월": "5",
        "일": "17",
        "전용면적": "70.27",
        "지번": "2-3",
        "지역코드": "11110",
        "층": "2",
        "해제사유발생일": null,
        "해제여부": null
    },
    {
        "거래금액": "8,050",
        "건축년도": "1997",
        "년": "2006",
        "대지권면적": "21.78",
        "법정동": "동숭동",
        "연립다세대": "(4-17)",
        "월": "5",
        "일": "20",
        "전용면적": "56.67",
        "지번": "4-17",
        "지역코드": "11110",
        "층": "4",
        "해제사유발생일": null,
        "해제여부": null
    },
    {
        "거래금액": "14,300",
        "건축년도": "2001",
        "년": "2006",
        "대지권면적": "21.09",
        "법정동": "창신동",
        "연립다세대": "(660-118)",
        "월": "5",
        "일": "2",
        "전용면적": "58.68",
        "지번": "660-118",
        "지역코드": "11110",
        "층": "4",
        "해제사유발생일": null,
        "해제여부": null
    },
    {
        "거래금액": "9,900",
        "건축년도": "1997",
        "년": "2006",
        "대지권면적": "13.96",
        "법정동": "창신동",
        "연립다세대": "창신빌라",
        "월": "5",
        "일": "3",
        "전용면적": "34.63",
        "지번": "629-81",
        "지역코드": "11110",
        "층": "3",
        "해제사유발생일": null,
        "해제여부": null
    },
    {
        "거래금액": "8,000",
        "건축년도": "1995",
        "년": "2006",
        "대지권면적": "13.543",
        "법정동": "창신동",
        "연립다세대": "(629-52)",
        "월": "5",
        "일": "16",
        "전용면적": "26.01",
        "지번": "629-52",
        "지역코드": "11110",
        "층": "2",
        "해제사유발생일": null,
        "해제여부": null
    },
    {
        "거래금액": "12,000",
        "건축년도": "1995",
        "년": "2006",
        "대지권면적": "15.1",
        "법정동": "창신동",
        "연립다세대": "(637-2)",
        "월": "5",
        "일": "19",
        "전용면적": "45.68",
        "지번": "637-2",
        "지역코드": "11110",
        "층": "2",
        "해제사유발생일": null,
        "해제여부": null
    },
    {
        "거래금액": "12,000",
        "건축년도": "1995",
        "년": "2006",
        "대지권면적": "15.1",
        "법정동": "창신동",
        "연립다세대": "(637-2)",
        "월": "5",
        "일": "30",
        "전용면적": "45.68",
        "지번": "637-2",
        "지역코드": "11110",
        "층": "3",
        "해제사유발생일": null,
        "해제여부": null
    },
    {
        "거래금액": "17,000",
        "건축년도": "2002",
        "년": "2006",
        "대지권면적": "28.15",
        "법정동": "창신동",
        "연립다세대": "부림빌라",
        "월": "5",
        "일": "30",
        "전용면적": "62.95",
        "지번": "131-50",
        "지역코드": "11110",
        "층": "1",
        "해제사유발생일": null,
        "해제여부": null
    },
    {
        "거래금액": "11,000",
        "건축년도": "1991",
        "년": "2006",
        "대지권면적": "43.25",
        "법정동": "숭인동",
        "연립다세대": "보광아트빌라(가)",
        "월": "5",
        "일": "15",
        "전용면적": "55.32",
        "지번": "725-2",
        "지역코드": "11110",
        "층": "4",
        "해제사유발생일": null,
        "해제여부": null
    },
    {
        "거래금액": "11,700",
        "건축년도": "2001",
        "년": "2006",
        "대지권면적": "21.53",
        "법정동": "숭인동",
        "연립다세대": "동문타운 A",
        "월": "5",
        "일": "26",
        "전용면적": "59.58",
        "지번": "181-82",
        "지역코드": "11110",
        "층": "2",
        "해제사유발생일": null,
        "해제여부": null
    },
    {
        "거래금액": "15,500",
        "건축년도": "2001",
        "년": "2006",
        "대지권면적": "29.98",
        "법정동": "숭인동",
        "연립다세대": "세원아트빌 B동",
        "월": "5",
        "일": "31",
        "전용면적": "80.43",
        "지번": "181-97",
        "지역코드": "11110",
        "층": "2",
        "해제사유발생일": null,
        "해제여부": null
    },
    {
        "거래금액": "12,000",
        "건축년도": "2000",
        "년": "2006",
        "대지권면적": "19.53",
        "법정동": "홍파동",
        "연립다세대": "송현빌라",
        "월": "5",
        "일": "30",
        "전용면적": "59.88",
        "지번": "2-3",
        "지역코드": "11110",
        "층": "1",
        "해제사유발생일": null,
        "해제여부": null
    },
    {
        "거래금액": "19,500",
        "건축년도": "2006",
        "년": "2006",
        "대지권면적": "28.9",
        "법정동": "행촌동",
        "연립다세대": "블렌하임빌리지(210-655)",
        "월": "5",
        "일": "10",
        "전용면적": "71.26",
        "지번": "210-655",
        "지역코드": "11110",
        "층": "3",
        "해제사유발생일": null,
        "해제여부": null
    },
    {
        "거래금액": "19,000",
        "건축년도": "2006",
        "년": "2006",
        "대지권면적": "28.9",
        "법정동": "행촌동",
        "연립다세대": "블렌하임빌리지(210-655)",
        "월": "5",
        "일": "11",
        "전용면적": "71.26",
        "지번": "210-655",
        "지역코드": "11110",
        "층": "2",
        "해제사유발생일": null,
        "해제여부": null
    },
    {
        "거래금액": "8,100",
        "건축년도": "2002",
        "년": "2006",
        "대지권면적": "22.68",
        "법정동": "행촌동",
        "연립다세대": "대영빌라3차",
        "월": "5",
        "일": "17",
        "전용면적": "54",
        "지번": "210-697",
        "지역코드": "11110",
        "층": "3",
        "해제사유발생일": null,
        "해제여부": null
    },
    {
        "거래금액": "9,500",
        "건축년도": "1999",
        "년": "2006",
        "대지권면적": "22.2",
        "법정동": "행촌동",
        "연립다세대": "옥영주택",
        "월": "5",
        "일": "20",
        "전용면적": "54.37",
        "지번": "1-12",
        "지역코드": "11110",
        "층": "2",
        "해제사유발생일": null,
        "해제여부": null
    },
    {
        "거래금액": "35,000",
        "건축년도": "1991",
        "년": "2006",
        "대지권면적": "34.5",
        "법정동": "구기동",
        "연립다세대": "동진스위트빌라(3동)",
        "월": "5",
        "일": "1",
        "전용면적": "131.16",
        "지번": "110-10",
        "지역코드": "11110",
        "층": "2",
        "해제사유발생일": null,
        "해제여부": null
    },
    {
        "거래금액": "9,000",
        "건축년도": "1988",
        "년": "2006",
        "대지권면적": "65",
        "법정동": "구기동",
        "연립다세대": "용상빌라(B동)",
        "월": "5",
        "일": "4",
        "전용면적": "84.03",
        "지번": "21-5",
        "지역코드": "11110",
        "층": "-1",
        "해제사유발생일": null,
        "해제여부": null
    },
    {
        "거래금액": "46,000",
        "건축년도": "1996",
        "년": "2006",
        "대지권면적": "175.48",
        "법정동": "구기동",
        "연립다세대": "동익빌라",
        "월": "5",
        "일": "5",
        "전용면적": "144.33",
        "지번": "40",
        "지역코드": "11110",
        "층": "3",
        "해제사유발생일": null,
        "해제여부": null
    },
    {
        "거래금액": "14,500",
        "건축년도": "1982",
        "년": "2006",
        "대지권면적": "73.22",
        "법정동": "구기동",
        "연립다세대": "상신맨션",
        "월": "5",
        "일": "5",
        "전용면적": "78.55",
        "지번": "67-1",
        "지역코드": "11110",
        "층": "3",
        "해제사유발생일": null,
        "해제여부": null
    },
    {
        "거래금액": "4,700",
        "건축년도": "1994",
        "년": "2006",
        "대지권면적": "35.41",
        "법정동": "구기동",
        "연립다세대": "부광빌라",
        "월": "5",
        "일": "12",
        "전용면적": "63.54",
        "지번": "22-1",
        "지역코드": "11110",
        "층": "-1",
        "해제사유발생일": null,
        "해제여부": null
    },
    {
        "거래금액": "14,000",
        "건축년도": "1983",
        "년": "2006",
        "대지권면적": "69.72",
        "법정동": "구기동",
        "연립다세대": "북악파크",
        "월": "5",
        "일": "15",
        "전용면적": "82.01",
        "지번": "125-5",
        "지역코드": "11110",
        "층": "3",
        "해제사유발생일": null,
        "해제여부": null
    },
    {
        "거래금액": "33,000",
        "건축년도": "1984",
        "년": "2006",
        "대지권면적": "152.86",
        "법정동": "구기동",
        "연립다세대": "삼진파크맨션(가,나동)",
        "월": "5",
        "일": "17",
        "전용면적": "140.67",
        "지번": "238-1",
        "지역코드": "11110",
        "층": "2",
        "해제사유발생일": null,
        "해제여부": null
    },
    {
        "거래금액": "42,000",
        "건축년도": "1997",
        "년": "2006",
        "대지권면적": "150.46",
        "법정동": "구기동",
        "연립다세대": "삼성운정빌라트(A,B동)",
        "월": "5",
        "일": "20",
        "전용면적": "136.11",
        "지번": "36-1",
        "지역코드": "11110",
        "층": "1",
        "해제사유발생일": null,
        "해제여부": null
    },
    {
        "거래금액": "8,700",
        "건축년도": "2002",
        "년": "2006",
        "대지권면적": "23.78",
        "법정동": "구기동",
        "연립다세대": "한솔리더빌3차(A동)",
        "월": "5",
        "일": "24",
        "전용면적": "55.2",
        "지번": "81-48",
        "지역코드": "11110",
        "층": "4",
        "해제사유발생일": null,
        "해제여부": null
    },
    {
        "거래금액": "36,300",
        "건축년도": "1997",
        "년": "2006",
        "대지권면적": "159.15",
        "법정동": "구기동",
        "연립다세대": "청구빌라",
        "월": "5",
        "일": "27",
        "전용면적": "125.89",
        "지번": "266",
        "지역코드": "11110",
        "층": "2",
        "해제사유발생일": null,
        "해제여부": null
    },
    {
        "거래금액": "11,500",
        "건축년도": "1982",
        "년": "2006",
        "대지권면적": "73.22",
        "법정동": "구기동",
        "연립다세대": "상신맨션",
        "월": "5",
        "일": "28",
        "전용면적": "71.97",
        "지번": "67-1",
        "지역코드": "11110",
        "층": "3",
        "해제사유발생일": null,
        "해제여부": null
    },
    {
        "거래금액": "27,500",
        "건축년도": "2001",
        "년": "2006",
        "대지권면적": "240.01",
        "법정동": "구기동",
        "연립다세대": "성우그린타운",
        "월": "5",
        "일": "29",
        "전용면적": "126.58",
        "지번": "10-20",
        "지역코드": "11110",
        "층": "1",
        "해제사유발생일": null,
        "해제여부": null
    },
    {
        "거래금액": "11,600",
        "건축년도": "1989",
        "년": "2006",
        "대지권면적": "50.81",
        "법정동": "평창동",
        "연립다세대": "금강하이츠빌라",
        "월": "5",
        "일": "4",
        "전용면적": "39.67",
        "지번": "64-3",
        "지역코드": "11110",
        "층": "1",
        "해제사유발생일": null,
        "해제여부": null
    },
    {
        "거래금액": "45,000",
        "건축년도": "1996",
        "년": "2006",
        "대지권면적": "151.63",
        "법정동": "평창동",
        "연립다세대": "신한빌라",
        "월": "5",
        "일": "5",
        "전용면적": "150.17",
        "지번": "350-1",
        "지역코드": "11110",
        "층": "2",
        "해제사유발생일": null,
        "해제여부": null
    },
    {
        "거래금액": "22,500",
        "건축년도": "1992",
        "년": "2006",
        "대지권면적": "104.37",
        "법정동": "평창동",
        "연립다세대": "금강주택",
        "월": "5",
        "일": "8",
        "전용면적": "84.95",
        "지번": "170",
        "지역코드": "11110",
        "층": "2",
        "해제사유발생일": null,
        "해제여부": null
    },
    {
        "거래금액": "17,000",
        "건축년도": "1991",
        "년": "2006",
        "대지권면적": "92.33",
        "법정동": "평창동",
        "연립다세대": "평창하이츠빌라가동",
        "월": "5",
        "일": "8",
        "전용면적": "84.91",
        "지번": "456-11",
        "지역코드": "11110",
        "층": "1",
        "해제사유발생일": null,
        "해제여부": null
    },
    {
        "거래금액": "8,500",
        "건축년도": "1994",
        "년": "2006",
        "대지권면적": "44.77",
        "법정동": "평창동",
        "연립다세대": "동아빌라",
        "월": "5",
        "일": "14",
        "전용면적": "49.03",
        "지번": "154-15",
        "지역코드": "11110",
        "층": "1",
        "해제사유발생일": null,
        "해제여부": null
    },
    {
        "거래금액": "60,000",
        "건축년도": "1993",
        "년": "2006",
        "대지권면적": "187.14",
        "법정동": "평창동",
        "연립다세대": "대우빌라",
        "월": "5",
        "일": "24",
        "전용면적": "189.02",
        "지번": "345-70",
        "지역코드": "11110",
        "층": "2",
        "해제사유발생일": null,
        "해제여부": null
    },
    {
        "거래금액": "17,000",
        "건축년도": "1989",
        "년": "2006",
        "대지권면적": "69.57",
        "법정동": "평창동",
        "연립다세대": "금강하이츠빌라",
        "월": "5",
        "일": "31",
        "전용면적": "56.32",
        "지번": "64-3",
        "지역코드": "11110",
        "층": "2",
        "해제사유발생일": null,
        "해제여부": null
    },
    {
        "거래금액": "32,800",
        "건축년도": "2003",
        "년": "2006",
        "대지권면적": "52.36",
        "법정동": "부암동",
        "연립다세대": "부암스카이빌",
        "월": "5",
        "일": "24",
        "전용면적": "102.3",
        "지번": "129-10",
        "지역코드": "11110",
        "층": "4",
        "해제사유발생일": null,
        "해제여부": null
    },
    {
        "거래금액": "40,500",
        "건축년도": "1997",
        "년": "2006",
        "대지권면적": "152.5",
        "법정동": "홍지동",
        "연립다세대": "(68-3)",
        "월": "5",
        "일": "17",
        "전용면적": "153.91",
        "지번": "68-3",
        "지역코드": "11110",
        "층": "2",
        "해제사유발생일": null,
        "해제여부": null
    },
    {
        "거래금액": "9,000",
        "건축년도": "2003",
        "년": "2006",
        "대지권면적": "44.46",
        "법정동": "홍지동",
        "연립다세대": "홍지캐슬",
        "월": "5",
        "일": "20",
        "전용면적": "63.57",
        "지번": "69-24",
        "지역코드": "11110",
        "층": "1",
        "해제사유발생일": null,
        "해제여부": null
    },
    {
        "거래금액": "17,000",
        "건축년도": "1995",
        "년": "2006",
        "대지권면적": "56.8",
        "법정동": "신영동",
        "연립다세대": "현대빌리지",
        "월": "5",
        "일": "3",
        "전용면적": "85.43",
        "지번": "103-1",
        "지역코드": "11110",
        "층": "1",
        "해제사유발생일": null,
        "해제여부": null
    },
    {
        "거래금액": "6,800",
        "건축년도": "1986",
        "년": "2006",
        "대지권면적": "27.11",
        "법정동": "신영동",
        "연립다세대": "향원주택2",
        "월": "5",
        "일": "16",
        "전용면적": "40.92",
        "지번": "105-38",
        "지역코드": "11110",
        "층": "1",
        "해제사유발생일": null,
        "해제여부": null
    },
    {
        "거래금액": "14,000",
        "건축년도": "1985",
        "년": "2006",
        "대지권면적": "31.13",
        "법정동": "신영동",
        "연립다세대": "(135-2)",
        "월": "5",
        "일": "20",
        "전용면적": "64.46",
        "지번": "135-2",
        "지역코드": "11110",
        "층": "1",
        "해제사유발생일": null,
        "해제여부": null
    },
    {
        "거래금액": "8,700",
        "건축년도": "1992",
        "년": "2006",
        "대지권면적": "49.62",
        "법정동": "신영동",
        "연립다세대": "보은빌라",
        "월": "5",
        "일": "24",
        "전용면적": "53.19",
        "지번": "214-27",
        "지역코드": "11110",
        "층": "1",
        "해제사유발생일": null,
        "해제여부": null
    },
    {
        "거래금액": "12,500",
        "건축년도": "2005",
        "년": "2006",
        "대지권면적": "30.8",
        "법정동": "무악동",
        "연립다세대": "현대빌라트",
        "월": "5",
        "일": "4",
        "전용면적": "59.66",
        "지번": "46-203",
        "지역코드": "11110",
        "층": "2",
        "해제사유발생일": null,
        "해제여부": null
    }
]