[
    {
        "거래금액": "7,000",
        "건축년도": "2003",
        "년": "2006",
        "단지": "코업레지던스",
        "법정동": "을지로6가",
        "시군구": "중구",
        "월": "5",
        "일": "9",
        "전용면적": "15.94",
        "지번": "32",
        "지역코드": "11140",
        "층": "5",
        "해제사유발생일": null,
        "해제여부": null
    },
    {
        "거래금액": "10,000",
        "건축년도": "2003",
        "년": "2006",
        "단지": "정건벨라지오오피스텔",
        "법정동": "을지로5가",
        "시군구": "중구",
        "월": "5",
        "일": "29",
        "전용면적": "32.57",
        "지번": "20-1",
        "지역코드": "11140",
        "층": "11",
        "해제사유발생일": null,
        "해제여부": null
    },
    {
        "거래금액": "7,500",
        "건축년도": "2004",
        "년": "2006",
        "단지": "신당역올리브2",
        "법정동": "황학동",
        "시군구": "중구",
        "월": "5",
        "일": "8",
        "전용면적": "23.82",
        "지번": "2484",
        "지역코드": "11140",
        "층": "3",
        "해제사유발생일": null,
        "해제여부": null
    },
    {
        "거래금액": "7,800",
        "건축년도": "2004",
        "년": "2006",
        "단지": "올리브1",
        "법정동": "황학동",
        "시군구": "중구",
        "월": "5",
        "일": "13",
        "전용면적": "25.05",
        "지번": "808",
        "지역코드": "11140",
        "층": "2",
        "해제사유발생일": null,
        "해제여부": null
    },
    {
        "거래금액": "9,237",
        "건축년도": "2004",
        "년": "2006",
        "단지": "올리브1",
        "법정동": "황학동",
        "시군구": "중구",
        "월": "5",
        "일": "29",
        "전용면적": "25.05",
        "지번": "808",
        "지역코드": "11140",
        "층": "5",
        "해제사유발생일": null,
        "해제여부": null
    },
    {
        "거래금액": "34,300",
        "건축년도": "2001",
        "년": "2006",
        "단지": "디오센터",
        "법정동": "중림동",
        "시군구": "중구",
        "월": "5",
        "일": "3",
        "전용면적": "98.72",
        "지번": "500",
        "지역코드": "11140",
        "층": "3",
        "해제사유발생일": null,
        "해제여부": null
    },
    {
        "거래금액": "11,991",
        "건축년도": "2006",
        "년": "2006",
        "단지": "브라운스톤서울",
        "법정동": "중림동",
        "시군구": "중구",
        "월": "5",
        "일": "10",
        "전용면적": "30.99",
        "지번": "355",
        "지역코드": "11140",
        "층": "7",
        "해제사유발생일": null,
        "해제여부": null
    },
    {
        "거래금액": "21,179",
        "건축년도": "2006",
        "년": "2006",
        "단지": "브라운스톤서울",
        "법정동": "중림동",
        "시군구": "중구",
        "월": "5",
        "일": "25",
        "전용면적": "62.82",
        "지번": "355",
        "지역코드": "11140",
        "층": "27",
        "해제사유발생일": null,
        "해제여부": null
    },
    {
        "거래금액": "15,586",
        "건축년도": "2005",
        "년": "2006",
        "단지": "서울역 디오빌",
        "법정동": "만리동1가",
        "시군구": "중구",
        "월": "5",
        "일": "15",
        "전용면적": "56.17",
        "지번": "62-7",
        "지역코드": "11140",
        "층": "7",
        "해제사유발생일": null,
        "해제여부": null
    },
    {
        "거래금액": "8,400",
        "건축년도": "2005",
        "년": "2006",
        "단지": "서울역 디오빌",
        "법정동": "만리동1가",
        "시군구": "중구",
        "월": "5",
        "일": "22",
        "전용면적": "27.74",
        "지번": "62-7",
        "지역코드": "11140",
        "층": "2",
        "해제사유발생일": null,
        "해제여부": null
    },
    {
        "거래금액": "19,403",
        "건축년도": "2004",
        "년": "2006",
        "단지": "KCC 파크타운",
        "법정동": "만리동2가",
        "시군구": "중구",
        "월": "5",
        "일": "12",
        "전용면적": "66.47",
        "지번": "11-1",
        "지역코드": "11140",
        "층": "6",
        "해제사유발생일": null,
        "해제여부": null
    },
    {
        "거래금액": "21,700",
        "건축년도": "2003",
        "년": "2006",
        "단지": "광화문 플래티넘",
        "법정동": "적선동",
        "시군구": "종로구",
        "월": "5",
        "일": "10",
        "전용면적": "51.24",
        "지번": "156",
        "지역코드": "11110",
        "층": "10",
        "해제사유발생일": null,
        "해제여부": null
    },
    {
        "거래금액": "19,000",
        "건축년도": "2003",
        "년": "2006",
        "단지": "광화문 플래티넘",
        "법정동": "적선동",
        "시군구": "종로구",
        "월": "5",
        "일": "19",
        "전용면적": "45.36",
        "지번": "156",
        "지역코드": "11110",
        "층": "7",
        "해제사유발생일": null,
        "해제여부": null
    },
    {
        "거래금액": "17,645",
        "건축년도": "2003",
        "년": "2006",
        "단지": "광화문 플래티넘",
        "법정동": "적선동",
        "시군구": "종로구",
        "월": "5",
        "일": "26",
        "전용면적": "43.47",
        "지번": "156",
        "지역코드": "11110",
        "층": "12",
        "해제사유발생일": null,
        "해제여부": null
    },
    {
        "거래금액": "39,000",
        "건축년도": "2004",
        "년": "2006",
        "단지": "경희궁의 아침 3단지",
        "법정동": "내수동",
        "시군구": "종로구",
        "월": "5",
        "일": "1",
        "전용면적": "71.01",
        "지번": "72",
        "지역코드": "11110",
        "층": "14",
        "해제사유발생일": null,
        "해제여부": null
    },
    {
        "거래금액": "24,900",
        "건축년도": "2004",
        "년": "2006",
        "단지": "경희궁의 아침 4단지",
        "법정동": "내수동",
        "시군구": "종로구",
        "월": "5",
        "일": "1",
        "전용면적": "56.48",
        "지번": "73",
        "지역코드": "11110",
        "층": "16",
        "해제사유발생일": null,
        "해제여부": null
    },
    {
        "거래금액": "35,000",
        "건축년도": "1994",
        "년": "2006",
        "단지": "도렴구역 제18지구",
        "법정동": "내수동",
        "시군구": "종로구",
        "월": "5",
        "일": "3",
        "전용면적": "78.95",
        "지번": "167",
        "지역코드": "11110",
        "층": "7",
        "해제사유발생일": null,
        "해제여부": null
    },
    {
        "거래금액": "14,400",
        "건축년도": "2004",
        "년": "2006",
        "단지": "용비어천가",
        "법정동": "내수동",
        "시군구": "종로구",
        "월": "5",
        "일": "12",
        "전용면적": "42.39",
        "지번": "75",
        "지역코드": "11110",
        "층": "2",
        "해제사유발생일": null,
        "해제여부": null
    },
    {
        "거래금액": "25,350",
        "건축년도": "2004",
        "년": "2006",
        "단지": "경희궁의 아침 2단지",
        "법정동": "내수동",
        "시군구": "종로구",
        "월": "5",
        "일": "13",
        "전용면적": "57.8",
        "지번": "71",
        "지역코드": "11110",
        "층": "14",
        "해제사유발생일": null,
        "해제여부": null
    },
    {
        "거래금액": "23,000",
        "건축년도": "2004",
        "년": "2006",
        "단지": "용비어천가",
        "법정동": "내수동",
        "시군구": "종로구",
        "월": "5",
        "일": "16",
        "전용면적": "45.89",
        "지번": "75",
        "지역코드": "11110",
        "층": "6",
        "해제사유발생일": null,
        "해제여부": null
    },
    {
        "거래금액": "16,500",
        "건축년도": "2004",
        "년": "2006",
        "단지": "경희궁의 아침 4단지",
        "법정동": "내수동",
        "시군구": "종로구",
        "월": "5",
        "일": "19",
        "전용면적": "41.74",
        "지번": "73",
        "지역코드": "11110",
        "층": "14",
        "해제사유발생일": null,
        "해제여부": null
    },
    {
        "거래금액": "13,250",
        "건축년도": "2004",
        "년": "2006",
        "단지": "용비어천가",
        "법정동": "내수동",
        "시군구": "종로구",
        "월": "5",
        "일": "22",
        "전용면적": "37.56",
        "지번": "75",
        "지역코드": "11110",
        "층": "4",
        "해제사유발생일": null,
        "해제여부": null
    },
    {
        "거래금액": "15,000",
        "건축년도": "2004",
        "년": "2006",
        "단지": "경희궁의 아침 3단지",
        "법정동": "내수동",
        "시군구": "종로구",
        "월": "5",
        "일": "25",
        "전용면적": "37.5",
        "지번": "72",
        "지역코드": "11110",
        "층": "4",
        "해제사유발생일": null,
        "해제여부": null
    },
    {
        "거래금액": "16,500",
        "건축년도": "2004",
        "년": "2006",
        "단지": "용비어천가",
        "법정동": "내수동",
        "시군구": "종로구",
        "월": "5",
        "일": "29",
        "전용면적": "42.39",
        "지번": "75",
        "지역코드": "11110",
        "층": "7",
        "해제사유발생일": null,
        "해제여부": null
    },
    {
        "거래금액": "23,310",
        "건축년도": "2004",
        "년": "2006",
        "단지": "경희궁의 아침 4단지",
        "법정동": "내수동",
        "시군구": "종로구",
        "월": "5",
        "일": "30",
        "전용면적": "56.48",
        "지번": "73",
        "지역코드": "11110",
        "층": "4",
        "해제사유발생일": null,
        "해제여부": null
    },
    {
        "거래금액": "10,000",
        "건축년도": "2004",
        "년": "2006",
        "단지": "경희궁의 아침 2단지",
        "법정동": "내수동",
        "시군구": "종로구",
        "월": "5",
        "일": "30",
        "전용면적": "25.51",
        "지번": "71",
        "지역코드": "11110",
        "층": "14",
        "해제사유발생일": null,
        "해제여부": null
    },
    {
        "거래금액": "13,600",
        "건축년도": "2004",
        "년": "2006",
        "단지": "두산위브파빌리온",
        "법정동": "수송동",
        "시군구": "종로구",
        "월": "5",
        "일": "9",
        "전용면적": "35.22",
        "지번": "58",
        "지역코드": "11110",
        "층": "4",
        "해제사유발생일": null,
        "해제여부": null
    },
    {
        "거래금액": "13,800",
        "건축년도": "2004",
        "년": "2006",
        "단지": "두산위브파빌리온",
        "법정동": "수송동",
        "시군구": "종로구",
        "월": "5",
        "일": "30",
        "전용면적": "35.22",
        "지번": "58",
        "지역코드": "11110",
        "층": "6",
        "해제사유발생일": null,
        "해제여부": null
    },
    {
        "거래금액": "13,200",
        "건축년도": "2004",
        "년": "2006",
        "단지": "두산위브파빌리온",
        "법정동": "수송동",
        "시군구": "종로구",
        "월": "5",
        "일": "30",
        "전용면적": "35.22",
        "지번": "58",
        "지역코드": "11110",
        "층": "3",
        "해제사유발생일": null,
        "해제여부": null
    },
    {
        "거래금액": "9,800",
        "건축년도": "2004",
        "년": "2006",
        "단지": "종로대우디오빌",
        "법정동": "숭인동",
        "시군구": "종로구",
        "월": "5",
        "일": "3",
        "전용면적": "30.17",
        "지번": "310",
        "지역코드": "11110",
        "층": "11",
        "해제사유발생일": null,
        "해제여부": null
    },
    {
        "거래금액": "11,900",
        "건축년도": "2004",
        "년": "2006",
        "단지": "롯데캐슬 천지인",
        "법정동": "숭인동",
        "시군구": "종로구",
        "월": "5",
        "일": "29",
        "전용면적": "39.6",
        "지번": "76",
        "지역코드": "11110",
        "층": "16",
        "해제사유발생일": null,
        "해제여부": null
    },
    {
        "거래금액": "5,600",
        "건축년도": "1989",
        "년": "2006",
        "단지": "요진오피스텔쉐레이",
        "법정동": "구기동",
        "시군구": "종로구",
        "월": "5",
        "일": "17",
        "전용면적": "31.05",
        "지번": "110-1",
        "지역코드": "11110",
        "층": "9",
        "해제사유발생일": null,
        "해제여부": null
    }
]