[
    {
        "거래금액": "39,418",
        "건축년도": "2006",
        "년": "2006",
        "법정동": "을지로5가",
        "아파트": "삼성파크빌(39-1)",
        "월": "4",
        "일": "29",
        "전용면적": "84.85",
        "지번": "39-1",
        "지역코드": "11140",
        "층": "11",
        "해제사유발생일": null,
        "해제여부": null
    },
    {
        "거래금액": "26,800",
        "건축년도": "2002",
        "년": "2006",
        "법정동": "신당동",
        "아파트": "남산타운",
        "월": "4",
        "일": "1",
        "전용면적": "59.94",
        "지번": "844",
        "지역코드": "11140",
        "층": "4",
        "해제사유발생일": null,
        "해제여부": null
    },
    {
        "거래금액": "66,704",
        "건축년도": "2005",
        "년": "2006",
        "법정동": "신당동",
        "아파트": "남산정은스카이",
        "월": "4",
        "일": "1",
        "전용면적": "143.049",
        "지번": "366-126",
        "지역코드": "11140",
        "층": "5",
        "해제사유발생일": null,
        "해제여부": null
    },
    {
        "거래금액": "27,000",
        "건축년도": "2002",
        "년": "2006",
        "법정동": "신당동",
        "아파트": "남산타운",
        "월": "4",
        "일": "4",
        "전용면적": "59.94",
        "지번": "844",
        "지역코드": "11140",
        "층": "8",
        "해제사유발생일": null,
        "해제여부": null
    },
    {
        "거래금액": "66,000",
        "건축년도": "2002",
        "년": "2006",
        "법정동": "신당동",
        "아파트": "남산타운",
        "월": "4",
        "일": "4",
        "전용면적": "84.88",
        "지번": "844",
        "지역코드": "11140",
        "층": "13",
        "해제사유발생일": null,
        "해제여부": null
    },
    {
        "거래금액": "45,100",
        "건축년도": "1999",
        "년": "2006",
        "법정동": "신당동",
        "아파트": "삼성",
        "월": "4",
        "일": "4",
        "전용면적": "114.91",
        "지번": "843",
        "지역코드": "11140",
        "층": "11",
        "해제사유발생일": null,
        "해제여부": null
    },
    {
        "거래금액": "40,500",
        "건축년도": "1999",
        "년": "2006",
        "법정동": "신당동",
        "아파트": "약수하이츠",
        "월": "4",
        "일": "4",
        "전용면적": "84.88",
        "지번": "842",
        "지역코드": "11140",
        "층": "14",
        "해제사유발생일": null,
        "해제여부": null
    },
    {
        "거래금액": "39,800",
        "건축년도": "1999",
        "년": "2006",
        "법정동": "신당동",
        "아파트": "약수하이츠",
        "월": "4",
        "일": "5",
        "전용면적": "84.88",
        "지번": "842",
        "지역코드": "11140",
        "층": "17",
        "해제사유발생일": null,
        "해제여부": null
    },
    {
        "거래금액": "43,000",
        "건축년도": "1999",
        "년": "2006",
        "법정동": "신당동",
        "아파트": "약수하이츠",
        "월": "4",
        "일": "5",
        "전용면적": "84.88",
        "지번": "842",
        "지역코드": "11140",
        "층": "12",
        "해제사유발생일": null,
        "해제여부": null
    },
    {
        "거래금액": "38,000",
        "건축년도": "1999",
        "년": "2006",
        "법정동": "신당동",
        "아파트": "삼성",
        "월": "4",
        "일": "5",
        "전용면적": "84.96",
        "지번": "843",
        "지역코드": "11140",
        "층": "7",
        "해제사유발생일": null,
        "해제여부": null
    },
    {
        "거래금액": "55,500",
        "건축년도": "1999",
        "년": "2006",
        "법정동": "신당동",
        "아파트": "약수하이츠",
        "월": "4",
        "일": "5",
        "전용면적": "114.92",
        "지번": "842",
        "지역코드": "11140",
        "층": "5",
        "해제사유발생일": null,
        "해제여부": null
    },
    {
        "거래금액": "72,500",
        "건축년도": "2002",
        "년": "2006",
        "법정동": "신당동",
        "아파트": "남산타운",
        "월": "4",
        "일": "7",
        "전용면적": "114.88",
        "지번": "844",
        "지역코드": "11140",
        "층": "16",
        "해제사유발생일": null,
        "해제여부": null
    },
    {
        "거래금액": "21,000",
        "건축년도": "2000",
        "년": "2006",
        "법정동": "신당동",
        "아파트": "신당동파라다이스",
        "월": "4",
        "일": "7",
        "전용면적": "59.9",
        "지번": "846",
        "지역코드": "11140",
        "층": "3",
        "해제사유발생일": null,
        "해제여부": null
    },
    {
        "거래금액": "29,000",
        "건축년도": "2000",
        "년": "2006",
        "법정동": "신당동",
        "아파트": "신당동파라다이스",
        "월": "4",
        "일": "7",
        "전용면적": "84.77",
        "지번": "846",
        "지역코드": "11140",
        "층": "13",
        "해제사유발생일": null,
        "해제여부": null
    },
    {
        "거래금액": "59,500",
        "건축년도": "2004",
        "년": "2006",
        "법정동": "신당동",
        "아파트": "벨레어카운티",
        "월": "4",
        "일": "7",
        "전용면적": "181.12",
        "지번": "407-17",
        "지역코드": "11140",
        "층": "2",
        "해제사유발생일": null,
        "해제여부": null
    },
    {
        "거래금액": "42,600",
        "건축년도": "1999",
        "년": "2006",
        "법정동": "신당동",
        "아파트": "약수하이츠",
        "월": "4",
        "일": "7",
        "전용면적": "114.92",
        "지번": "842",
        "지역코드": "11140",
        "층": "1",
        "해제사유발생일": null,
        "해제여부": null
    },
    {
        "거래금액": "31,400",
        "건축년도": "2002",
        "년": "2006",
        "법정동": "신당동",
        "아파트": "남산타운",
        "월": "4",
        "일": "8",
        "전용면적": "59.94",
        "지번": "844",
        "지역코드": "11140",
        "층": "15",
        "해제사유발생일": null,
        "해제여부": null
    },
    {
        "거래금액": "24,500",
        "건축년도": "1999",
        "년": "2006",
        "법정동": "신당동",
        "아파트": "약수하이츠",
        "월": "4",
        "일": "8",
        "전용면적": "57.63",
        "지번": "842",
        "지역코드": "11140",
        "층": "17",
        "해제사유발생일": null,
        "해제여부": null
    },
    {
        "거래금액": "49,500",
        "건축년도": "1999",
        "년": "2006",
        "법정동": "신당동",
        "아파트": "삼성",
        "월": "4",
        "일": "8",
        "전용면적": "114.91",
        "지번": "843",
        "지역코드": "11140",
        "층": "9",
        "해제사유발생일": null,
        "해제여부": null
    },
    {
        "거래금액": "52,200",
        "건축년도": "1999",
        "년": "2006",
        "법정동": "신당동",
        "아파트": "삼성",
        "월": "4",
        "일": "9",
        "전용면적": "114.91",
        "지번": "843",
        "지역코드": "11140",
        "층": "7",
        "해제사유발생일": null,
        "해제여부": null
    },
    {
        "거래금액": "59,000",
        "건축년도": "2002",
        "년": "2006",
        "법정동": "신당동",
        "아파트": "남산타운",
        "월": "4",
        "일": "10",
        "전용면적": "114.88",
        "지번": "844",
        "지역코드": "11140",
        "층": "4",
        "해제사유발생일": null,
        "해제여부": null
    },
    {
        "거래금액": "19,900",
        "건축년도": "1999",
        "년": "2006",
        "법정동": "신당동",
        "아파트": "약수하이츠",
        "월": "4",
        "일": "10",
        "전용면적": "57.63",
        "지번": "842",
        "지역코드": "11140",
        "층": "1",
        "해제사유발생일": null,
        "해제여부": null
    },
    {
        "거래금액": "34,000",
        "건축년도": "1999",
        "년": "2006",
        "법정동": "신당동",
        "아파트": "삼성",
        "월": "4",
        "일": "11",
        "전용면적": "84.96",
        "지번": "843",
        "지역코드": "11140",
        "층": "3",
        "해제사유발생일": null,
        "해제여부": null
    },
    {
        "거래금액": "49,800",
        "건축년도": "1999",
        "년": "2006",
        "법정동": "신당동",
        "아파트": "삼성",
        "월": "4",
        "일": "11",
        "전용면적": "114.91",
        "지번": "843",
        "지역코드": "11140",
        "층": "23",
        "해제사유발생일": null,
        "해제여부": null
    },
    {
        "거래금액": "31,750",
        "건축년도": "1999",
        "년": "2006",
        "법정동": "신당동",
        "아파트": "약수하이츠",
        "월": "4",
        "일": "11",
        "전용면적": "65.37",
        "지번": "842",
        "지역코드": "11140",
        "층": "9",
        "해제사유발생일": null,
        "해제여부": null
    },
    {
        "거래금액": "39,000",
        "건축년도": "1999",
        "년": "2006",
        "법정동": "신당동",
        "아파트": "삼성",
        "월": "4",
        "일": "12",
        "전용면적": "84.96",
        "지번": "843",
        "지역코드": "11140",
        "층": "17",
        "해제사유발생일": null,
        "해제여부": null
    },
    {
        "거래금액": "41,250",
        "건축년도": "1999",
        "년": "2006",
        "법정동": "신당동",
        "아파트": "약수하이츠",
        "월": "4",
        "일": "12",
        "전용면적": "84.88",
        "지번": "842",
        "지역코드": "11140",
        "층": "4",
        "해제사유발생일": null,
        "해제여부": null
    },
    {
        "거래금액": "29,500",
        "건축년도": "1999",
        "년": "2006",
        "법정동": "신당동",
        "아파트": "약수하이츠",
        "월": "4",
        "일": "12",
        "전용면적": "65.37",
        "지번": "842",
        "지역코드": "11140",
        "층": "14",
        "해제사유발생일": null,
        "해제여부": null
    },
    {
        "거래금액": "28,000",
        "건축년도": "2002",
        "년": "2006",
        "법정동": "신당동",
        "아파트": "남산타운",
        "월": "4",
        "일": "12",
        "전용면적": "59.94",
        "지번": "844",
        "지역코드": "11140",
        "층": "15",
        "해제사유발생일": null,
        "해제여부": null
    },
    {
        "거래금액": "23,000",
        "건축년도": "1999",
        "년": "2006",
        "법정동": "신당동",
        "아파트": "약수하이츠",
        "월": "4",
        "일": "13",
        "전용면적": "57.63",
        "지번": "842",
        "지역코드": "11140",
        "층": "2",
        "해제사유발생일": null,
        "해제여부": null
    },
    {
        "거래금액": "50,300",
        "건축년도": "2002",
        "년": "2006",
        "법정동": "신당동",
        "아파트": "남산타운",
        "월": "4",
        "일": "14",
        "전용면적": "84.88",
        "지번": "844",
        "지역코드": "11140",
        "층": "12",
        "해제사유발생일": null,
        "해제여부": null
    },
    {
        "거래금액": "27,350",
        "건축년도": "1999",
        "년": "2006",
        "법정동": "신당동",
        "아파트": "삼성",
        "월": "4",
        "일": "14",
        "전용면적": "59.98",
        "지번": "843",
        "지역코드": "11140",
        "층": "12",
        "해제사유발생일": null,
        "해제여부": null
    },
    {
        "거래금액": "66,004",
        "건축년도": "2005",
        "년": "2006",
        "법정동": "신당동",
        "아파트": "남산정은스카이",
        "월": "4",
        "일": "15",
        "전용면적": "143.049",
        "지번": "366-126",
        "지역코드": "11140",
        "층": "13",
        "해제사유발생일": null,
        "해제여부": null
    },
    {
        "거래금액": "66,704",
        "건축년도": "2005",
        "년": "2006",
        "법정동": "신당동",
        "아파트": "남산정은스카이",
        "월": "4",
        "일": "15",
        "전용면적": "143.049",
        "지번": "366-126",
        "지역코드": "11140",
        "층": "7",
        "해제사유발생일": null,
        "해제여부": null
    },
    {
        "거래금액": "27,000",
        "건축년도": "2002",
        "년": "2006",
        "법정동": "신당동",
        "아파트": "남산타운",
        "월": "4",
        "일": "15",
        "전용면적": "59.94",
        "지번": "844",
        "지역코드": "11140",
        "층": "15",
        "해제사유발생일": null,
        "해제여부": null
    },
    {
        "거래금액": "25,500",
        "건축년도": "2002",
        "년": "2006",
        "법정동": "신당동",
        "아파트": "남산타운",
        "월": "4",
        "일": "15",
        "전용면적": "59.94",
        "지번": "844",
        "지역코드": "11140",
        "층": "3",
        "해제사유발생일": null,
        "해제여부": null
    },
    {
        "거래금액": "27,000",
        "건축년도": "2002",
        "년": "2006",
        "법정동": "신당동",
        "아파트": "남산타운",
        "월": "4",
        "일": "16",
        "전용면적": "59.94",
        "지번": "844",
        "지역코드": "11140",
        "층": "13",
        "해제사유발생일": null,
        "해제여부": null
    },
    {
        "거래금액": "45,000",
        "건축년도": "2002",
        "년": "2006",
        "법정동": "신당동",
        "아파트": "남산타운",
        "월": "4",
        "일": "16",
        "전용면적": "84.88",
        "지번": "844",
        "지역코드": "11140",
        "층": "7",
        "해제사유발생일": null,
        "해제여부": null
    },
    {
        "거래금액": "60,000",
        "건축년도": "2002",
        "년": "2006",
        "법정동": "신당동",
        "아파트": "남산타운",
        "월": "4",
        "일": "17",
        "전용면적": "114.88",
        "지번": "844",
        "지역코드": "11140",
        "층": "17",
        "해제사유발생일": null,
        "해제여부": null
    },
    {
        "거래금액": "50,500",
        "건축년도": "2002",
        "년": "2006",
        "법정동": "신당동",
        "아파트": "남산타운",
        "월": "4",
        "일": "17",
        "전용면적": "84.88",
        "지번": "844",
        "지역코드": "11140",
        "층": "8",
        "해제사유발생일": null,
        "해제여부": null
    },
    {
        "거래금액": "23,500",
        "건축년도": "1993",
        "년": "2006",
        "법정동": "신당동",
        "아파트": "현대",
        "월": "4",
        "일": "18",
        "전용면적": "79.11",
        "지번": "840",
        "지역코드": "11140",
        "층": "1",
        "해제사유발생일": null,
        "해제여부": null
    },
    {
        "거래금액": "27,200",
        "건축년도": "2002",
        "년": "2006",
        "법정동": "신당동",
        "아파트": "남산타운",
        "월": "4",
        "일": "19",
        "전용면적": "59.94",
        "지번": "844",
        "지역코드": "11140",
        "층": "13",
        "해제사유발생일": null,
        "해제여부": null
    },
    {
        "거래금액": "33,700",
        "건축년도": "2002",
        "년": "2006",
        "법정동": "신당동",
        "아파트": "남산타운",
        "월": "4",
        "일": "19",
        "전용면적": "59.94",
        "지번": "844",
        "지역코드": "11140",
        "층": "17",
        "해제사유발생일": null,
        "해제여부": null
    },
    {
        "거래금액": "24,000",
        "건축년도": "1999",
        "년": "2006",
        "법정동": "신당동",
        "아파트": "삼성",
        "월": "4",
        "일": "19",
        "전용면적": "59.97",
        "지번": "843",
        "지역코드": "11140",
        "층": "8",
        "해제사유발생일": null,
        "해제여부": null
    },
    {
        "거래금액": "50,500",
        "건축년도": "1999",
        "년": "2006",
        "법정동": "신당동",
        "아파트": "삼성",
        "월": "4",
        "일": "20",
        "전용면적": "114.91",
        "지번": "843",
        "지역코드": "11140",
        "층": "13",
        "해제사유발생일": null,
        "해제여부": null
    },
    {
        "거래금액": "58,800",
        "건축년도": "2002",
        "년": "2006",
        "법정동": "신당동",
        "아파트": "남산타운",
        "월": "4",
        "일": "21",
        "전용면적": "114.88",
        "지번": "844",
        "지역코드": "11140",
        "층": "3",
        "해제사유발생일": null,
        "해제여부": null
    },
    {
        "거래금액": "44,000",
        "건축년도": "1999",
        "년": "2006",
        "법정동": "신당동",
        "아파트": "약수하이츠",
        "월": "4",
        "일": "21",
        "전용면적": "84.88",
        "지번": "842",
        "지역코드": "11140",
        "층": "16",
        "해제사유발생일": null,
        "해제여부": null
    },
    {
        "거래금액": "42,500",
        "건축년도": "1999",
        "년": "2006",
        "법정동": "신당동",
        "아파트": "약수하이츠",
        "월": "4",
        "일": "21",
        "전용면적": "84.88",
        "지번": "842",
        "지역코드": "11140",
        "층": "10",
        "해제사유발생일": null,
        "해제여부": null
    },
    {
        "거래금액": "25,400",
        "건축년도": "2002",
        "년": "2006",
        "법정동": "신당동",
        "아파트": "남산타운",
        "월": "4",
        "일": "22",
        "전용면적": "59.94",
        "지번": "844",
        "지역코드": "11140",
        "층": "3",
        "해제사유발생일": null,
        "해제여부": null
    },
    {
        "거래금액": "55,000",
        "건축년도": "2002",
        "년": "2006",
        "법정동": "신당동",
        "아파트": "남산타운",
        "월": "4",
        "일": "22",
        "전용면적": "114.88",
        "지번": "844",
        "지역코드": "11140",
        "층": "2",
        "해제사유발생일": null,
        "해제여부": null
    },
    {
        "거래금액": "63,750",
        "건축년도": "2002",
        "년": "2006",
        "법정동": "신당동",
        "아파트": "남산타운",
        "월": "4",
        "일": "24",
        "전용면적": "114.88",
        "지번": "844",
        "지역코드": "11140",
        "층": "4",
        "해제사유발생일": null,
        "해제여부": null
    },
    {
        "거래금액": "37,400",
        "건축년도": "1999",
        "년": "2006",
        "법정동": "신당동",
        "아파트": "삼성",
        "월": "4",
        "일": "25",
        "전용면적": "84.96",
        "지번": "843",
        "지역코드": "11140",
        "층": "3",
        "해제사유발생일": null,
        "해제여부": null
    },
    {
        "거래금액": "44,000",
        "건축년도": "1999",
        "년": "2006",
        "법정동": "신당동",
        "아파트": "삼성",
        "월": "4",
        "일": "27",
        "전용면적": "114.91",
        "지번": "843",
        "지역코드": "11140",
        "층": "7",
        "해제사유발생일": null,
        "해제여부": null
    },
    {
        "거래금액": "25,900",
        "건축년도": "1999",
        "년": "2006",
        "법정동": "신당동",
        "아파트": "약수하이츠",
        "월": "4",
        "일": "27",
        "전용면적": "65.37",
        "지번": "842",
        "지역코드": "11140",
        "층": "4",
        "해제사유발생일": null,
        "해제여부": null
    },
    {
        "거래금액": "59,300",
        "건축년도": "2002",
        "년": "2006",
        "법정동": "신당동",
        "아파트": "남산타운",
        "월": "4",
        "일": "28",
        "전용면적": "114.88",
        "지번": "844",
        "지역코드": "11140",
        "층": "8",
        "해제사유발생일": null,
        "해제여부": null
    },
    {
        "거래금액": "11,000",
        "건축년도": "2000",
        "년": "2006",
        "법정동": "신당동",
        "아파트": "푸른마을(432-921)",
        "월": "4",
        "일": "28",
        "전용면적": "59.8",
        "지번": "432-921",
        "지역코드": "11140",
        "층": "3",
        "해제사유발생일": null,
        "해제여부": null
    },
    {
        "거래금액": "26,400",
        "건축년도": "1993",
        "년": "2006",
        "법정동": "신당동",
        "아파트": "현대",
        "월": "4",
        "일": "28",
        "전용면적": "83.97",
        "지번": "840",
        "지역코드": "11140",
        "층": "15",
        "해제사유발생일": null,
        "해제여부": null
    },
    {
        "거래금액": "44,000",
        "건축년도": "1999",
        "년": "2006",
        "법정동": "신당동",
        "아파트": "약수하이츠",
        "월": "4",
        "일": "28",
        "전용면적": "84.88",
        "지번": "842",
        "지역코드": "11140",
        "층": "8",
        "해제사유발생일": null,
        "해제여부": null
    },
    {
        "거래금액": "25,000",
        "건축년도": "1999",
        "년": "2006",
        "법정동": "신당동",
        "아파트": "약수하이츠",
        "월": "4",
        "일": "28",
        "전용면적": "57.63",
        "지번": "842",
        "지역코드": "11140",
        "층": "17",
        "해제사유발생일": null,
        "해제여부": null
    },
    {
        "거래금액": "41,900",
        "건축년도": "1999",
        "년": "2006",
        "법정동": "신당동",
        "아파트": "약수하이츠",
        "월": "4",
        "일": "29",
        "전용면적": "84.88",
        "지번": "842",
        "지역코드": "11140",
        "층": "7",
        "해제사유발생일": null,
        "해제여부": null
    },
    {
        "거래금액": "30,100",
        "건축년도": "2002",
        "년": "2006",
        "법정동": "신당동",
        "아파트": "남산타운",
        "월": "4",
        "일": "29",
        "전용면적": "59.94",
        "지번": "844",
        "지역코드": "11140",
        "층": "4",
        "해제사유발생일": null,
        "해제여부": null
    },
    {
        "거래금액": "45,500",
        "건축년도": "2002",
        "년": "2006",
        "법정동": "신당동",
        "아파트": "남산타운",
        "월": "4",
        "일": "29",
        "전용면적": "84.88",
        "지번": "844",
        "지역코드": "11140",
        "층": "10",
        "해제사유발생일": null,
        "해제여부": null
    },
    {
        "거래금액": "45,400",
        "건축년도": "2001",
        "년": "2006",
        "법정동": "중림동",
        "아파트": "삼성사이버빌리지",
        "월": "4",
        "일": "5",
        "전용면적": "84.93",
        "지번": "200",
        "지역코드": "11140",
        "층": "18",
        "해제사유발생일": null,
        "해제여부": null
    },
    {
        "거래금액": "59,500",
        "건축년도": "2001",
        "년": "2006",
        "법정동": "중림동",
        "아파트": "삼성사이버빌리지",
        "월": "4",
        "일": "5",
        "전용면적": "114.77",
        "지번": "200",
        "지역코드": "11140",
        "층": "16",
        "해제사유발생일": null,
        "해제여부": null
    },
    {
        "거래금액": "59,250",
        "건축년도": "2001",
        "년": "2006",
        "법정동": "중림동",
        "아파트": "삼성사이버빌리지",
        "월": "4",
        "일": "11",
        "전용면적": "114.77",
        "지번": "200",
        "지역코드": "11140",
        "층": "9",
        "해제사유발생일": null,
        "해제여부": null
    },
    {
        "거래금액": "59,000",
        "건축년도": "2001",
        "년": "2006",
        "법정동": "중림동",
        "아파트": "삼성사이버빌리지",
        "월": "4",
        "일": "13",
        "전용면적": "114.77",
        "지번": "200",
        "지역코드": "11140",
        "층": "4",
        "해제사유발생일": null,
        "해제여부": null
    },
    {
        "거래금액": "27,800",
        "건축년도": "2001",
        "년": "2006",
        "법정동": "중림동",
        "아파트": "삼성사이버빌리지",
        "월": "4",
        "일": "26",
        "전용면적": "59.7",
        "지번": "200",
        "지역코드": "11140",
        "층": "18",
        "해제사유발생일": null,
        "해제여부": null
    },
    {
        "거래금액": "42,500",
        "건축년도": "2001",
        "년": "2006",
        "법정동": "중림동",
        "아파트": "삼성사이버빌리지",
        "월": "4",
        "일": "30",
        "전용면적": "84.93",
        "지번": "200",
        "지역코드": "11140",
        "층": "15",
        "해제사유발생일": null,
        "해제여부": null
    },
    {
        "거래금액": "25,000",
        "건축년도": "2005",
        "년": "2006",
        "법정동": "만리동1가",
        "아파트": "SY파크힐",
        "월": "4",
        "일": "3",
        "전용면적": "95.78",
        "지번": "56-11",
        "지역코드": "11140",
        "층": "1",
        "해제사유발생일": null,
        "해제여부": null
    },
    {
        "거래금액": "6,350",
        "건축년도": "2005",
        "년": "2006",
        "법정동": "만리동2가",
        "아파트": "양정",
        "월": "4",
        "일": "24",
        "전용면적": "36.77",
        "지번": "116-4",
        "지역코드": "11140",
        "층": "2",
        "해제사유발생일": null,
        "해제여부": null
    },
    {
        "거래금액": "8,400",
        "건축년도": "1999",
        "년": "2006",
        "법정동": "누상동",
        "아파트": "청호그린빌",
        "월": "4",
        "일": "30",
        "전용면적": "56.4",
        "지번": "40",
        "지역코드": "11110",
        "층": "1",
        "해제사유발생일": null,
        "해제여부": null
    },
    {
        "거래금액": "3,400",
        "건축년도": "1999",
        "년": "2006",
        "법정동": "누상동",
        "아파트": "청호그린빌",
        "월": "4",
        "일": "30",
        "전용면적": "26.64",
        "지번": "40",
        "지역코드": "11110",
        "층": "2",
        "해제사유발생일": null,
        "해제여부": null
    },
    {
        "거래금액": "3,600",
        "건축년도": "1999",
        "년": "2006",
        "법정동": "누상동",
        "아파트": "청호그린빌",
        "월": "4",
        "일": "30",
        "전용면적": "29.76",
        "지번": "40",
        "지역코드": "11110",
        "층": "2",
        "해제사유발생일": null,
        "해제여부": null
    },
    {
        "거래금액": "3,400",
        "건축년도": "1999",
        "년": "2006",
        "법정동": "누상동",
        "아파트": "청호그린빌",
        "월": "4",
        "일": "30",
        "전용면적": "26.64",
        "지번": "40",
        "지역코드": "11110",
        "층": "3",
        "해제사유발생일": null,
        "해제여부": null
    },
    {
        "거래금액": "3,600",
        "건축년도": "1999",
        "년": "2006",
        "법정동": "누상동",
        "아파트": "청호그린빌",
        "월": "4",
        "일": "30",
        "전용면적": "29.76",
        "지번": "40",
        "지역코드": "11110",
        "층": "3",
        "해제사유발생일": null,
        "해제여부": null
    },
    {
        "거래금액": "8,600",
        "건축년도": "1999",
        "년": "2006",
        "법정동": "누상동",
        "아파트": "청호그린빌",
        "월": "4",
        "일": "30",
        "전용면적": "56.4",
        "지번": "40",
        "지역코드": "11110",
        "층": "5",
        "해제사유발생일": null,
        "해제여부": null
    },
    {
        "거래금액": "3,400",
        "건축년도": "1999",
        "년": "2006",
        "법정동": "누상동",
        "아파트": "청호그린빌",
        "월": "4",
        "일": "30",
        "전용면적": "26.64",
        "지번": "40",
        "지역코드": "11110",
        "층": "4",
        "해제사유발생일": null,
        "해제여부": null
    },
    {
        "거래금액": "3,600",
        "건축년도": "1999",
        "년": "2006",
        "법정동": "누상동",
        "아파트": "청호그린빌",
        "월": "4",
        "일": "30",
        "전용면적": "29.76",
        "지번": "40",
        "지역코드": "11110",
        "층": "4",
        "해제사유발생일": null,
        "해제여부": null
    },
    {
        "거래금액": "28,000",
        "건축년도": "1983",
        "년": "2006",
        "법정동": "당주동",
        "아파트": "세종",
        "월": "4",
        "일": "25",
        "전용면적": "104.73",
        "지번": "100",
        "지역코드": "11110",
        "층": "3",
        "해제사유발생일": null,
        "해제여부": null
    },
    {
        "거래금액": "35,500",
        "건축년도": "2003",
        "년": "2006",
        "법정동": "내수동",
        "아파트": "경희궁 파크팰리스",
        "월": "4",
        "일": "20",
        "전용면적": "103.77",
        "지번": "95",
        "지역코드": "11110",
        "층": "5",
        "해제사유발생일": null,
        "해제여부": null
    },
    {
        "거래금액": "108,000",
        "건축년도": "2004",
        "년": "2006",
        "법정동": "내수동",
        "아파트": "경희궁의아침3단지",
        "월": "4",
        "일": "21",
        "전용면적": "150.48",
        "지번": "72",
        "지역코드": "11110",
        "층": "11",
        "해제사유발생일": null,
        "해제여부": null
    },
    {
        "거래금액": "15,000",
        "건축년도": "2003",
        "년": "2006",
        "법정동": "익선동",
        "아파트": "현대뜨레비앙",
        "월": "4",
        "일": "15",
        "전용면적": "48.54",
        "지번": "55",
        "지역코드": "11110",
        "층": "5",
        "해제사유발생일": null,
        "해제여부": null
    },
    {
        "거래금액": "12,000",
        "건축년도": "1968",
        "년": "2006",
        "법정동": "낙원동",
        "아파트": "낙원",
        "월": "4",
        "일": "10",
        "전용면적": "68.89",
        "지번": "288",
        "지역코드": "11110",
        "층": "14",
        "해제사유발생일": null,
        "해제여부": null
    },
    {
        "거래금액": "15,000",
        "건축년도": "1968",
        "년": "2006",
        "법정동": "낙원동",
        "아파트": "낙원",
        "월": "4",
        "일": "29",
        "전용면적": "70.61",
        "지번": "288",
        "지역코드": "11110",
        "층": "12",
        "해제사유발생일": null,
        "해제여부": null
    },
    {
        "거래금액": "22,000",
        "건축년도": "2004",
        "년": "2006",
        "법정동": "이화동",
        "아파트": "송림아마레스아파트",
        "월": "4",
        "일": "24",
        "전용면적": "84.42",
        "지번": "9-1",
        "지역코드": "11110",
        "층": "3",
        "해제사유발생일": null,
        "해제여부": null
    },
    {
        "거래금액": "21,500",
        "건축년도": "1993",
        "년": "2006",
        "법정동": "창신동",
        "아파트": "창신쌍용2",
        "월": "4",
        "일": "1",
        "전용면적": "79.87",
        "지번": "703",
        "지역코드": "11110",
        "층": "7",
        "해제사유발생일": null,
        "해제여부": null
    },
    {
        "거래금액": "34,750",
        "건축년도": "1999",
        "년": "2006",
        "법정동": "창신동",
        "아파트": "두산",
        "월": "4",
        "일": "3",
        "전용면적": "84.9",
        "지번": "232",
        "지역코드": "11110",
        "층": "6",
        "해제사유발생일": null,
        "해제여부": null
    },
    {
        "거래금액": "15,000",
        "건축년도": "1993",
        "년": "2006",
        "법정동": "창신동",
        "아파트": "창신쌍용2",
        "월": "4",
        "일": "3",
        "전용면적": "64.66",
        "지번": "703",
        "지역코드": "11110",
        "층": "8",
        "해제사유발생일": null,
        "해제여부": null
    },
    {
        "거래금액": "15,000",
        "건축년도": "1993",
        "년": "2006",
        "법정동": "창신동",
        "아파트": "창신쌍용2",
        "월": "4",
        "일": "3",
        "전용면적": "54.7",
        "지번": "703",
        "지역코드": "11110",
        "층": "12",
        "해제사유발생일": null,
        "해제여부": null
    },
    {
        "거래금액": "15,900",
        "건축년도": "1992",
        "년": "2006",
        "법정동": "창신동",
        "아파트": "창신쌍용1",
        "월": "4",
        "일": "5",
        "전용면적": "54.7",
        "지번": "702",
        "지역코드": "11110",
        "층": "9",
        "해제사유발생일": null,
        "해제여부": null
    },
    {
        "거래금액": "21,600",
        "건축년도": "1992",
        "년": "2006",
        "법정동": "창신동",
        "아파트": "창신쌍용1",
        "월": "4",
        "일": "6",
        "전용면적": "79.87",
        "지번": "702",
        "지역코드": "11110",
        "층": "11",
        "해제사유발생일": null,
        "해제여부": null
    },
    {
        "거래금액": "29,000",
        "건축년도": "1993",
        "년": "2006",
        "법정동": "창신동",
        "아파트": "창신쌍용2",
        "월": "4",
        "일": "11",
        "전용면적": "106.62",
        "지번": "703",
        "지역코드": "11110",
        "층": "4",
        "해제사유발생일": null,
        "해제여부": null
    },
    {
        "거래금액": "22,400",
        "건축년도": "1999",
        "년": "2006",
        "법정동": "창신동",
        "아파트": "두산",
        "월": "4",
        "일": "12",
        "전용면적": "59.95",
        "지번": "232",
        "지역코드": "11110",
        "층": "11",
        "해제사유발생일": null,
        "해제여부": null
    },
    {
        "거래금액": "29,200",
        "건축년도": "1993",
        "년": "2006",
        "법정동": "창신동",
        "아파트": "창신쌍용2",
        "월": "4",
        "일": "13",
        "전용면적": "106.62",
        "지번": "703",
        "지역코드": "11110",
        "층": "5",
        "해제사유발생일": null,
        "해제여부": null
    },
    {
        "거래금액": "14,500",
        "건축년도": "1968",
        "년": "2006",
        "법정동": "창신동",
        "아파트": "동대문",
        "월": "4",
        "일": "15",
        "전용면적": "28.8",
        "지번": "328-17",
        "지역코드": "11110",
        "층": "5",
        "해제사유발생일": null,
        "해제여부": null
    },
    {
        "거래금액": "16,500",
        "건축년도": "1992",
        "년": "2006",
        "법정동": "창신동",
        "아파트": "창신쌍용1",
        "월": "4",
        "일": "17",
        "전용면적": "54.7",
        "지번": "702",
        "지역코드": "11110",
        "층": "6",
        "해제사유발생일": null,
        "해제여부": null
    },
    {
        "거래금액": "20,300",
        "건축년도": "1993",
        "년": "2006",
        "법정동": "창신동",
        "아파트": "창신쌍용2",
        "월": "4",
        "일": "18",
        "전용면적": "79.87",
        "지번": "703",
        "지역코드": "11110",
        "층": "13",
        "해제사유발생일": null,
        "해제여부": null
    },
    {
        "거래금액": "14,900",
        "건축년도": "1968",
        "년": "2006",
        "법정동": "창신동",
        "아파트": "동대문",
        "월": "4",
        "일": "20",
        "전용면적": "28.8",
        "지번": "328-17",
        "지역코드": "11110",
        "층": "3",
        "해제사유발생일": null,
        "해제여부": null
    },
    {
        "거래금액": "23,000",
        "건축년도": "1992",
        "년": "2006",
        "법정동": "창신동",
        "아파트": "창신쌍용1",
        "월": "4",
        "일": "20",
        "전용면적": "79.87",
        "지번": "702",
        "지역코드": "11110",
        "층": "7",
        "해제사유발생일": null,
        "해제여부": null
    },
    {
        "거래금액": "20,000",
        "건축년도": "1992",
        "년": "2006",
        "법정동": "창신동",
        "아파트": "창신쌍용1",
        "월": "4",
        "일": "23",
        "전용면적": "79.87",
        "지번": "702",
        "지역코드": "11110",
        "층": "4",
        "해제사유발생일": null,
        "해제여부": null
    },
    {
        "거래금액": "39,000",
        "건축년도": "1999",
        "년": "2006",
        "법정동": "창신동",
        "아파트": "두산",
        "월": "4",
        "일": "27",
        "전용면적": "84.9",
        "지번": "232",
        "지역코드": "11110",
        "층": "11",
        "해제사유발생일": null,
        "해제여부": null
    },
    {
        "거래금액": "25,000",
        "건축년도": "2003",
        "년": "2006",
        "법정동": "창신동",
        "아파트": "창신이수",
        "월": "4",
        "일": "28",
        "전용면적": "84.5",
        "지번": "23-816",
        "지역코드": "11110",
        "층": "2",
        "해제사유발생일": null,
        "해제여부": null
    },
    {
        "거래금액": "16,500",
        "건축년도": "1992",
        "년": "2006",
        "법정동": "창신동",
        "아파트": "창신쌍용1",
        "월": "4",
        "일": "28",
        "전용면적": "54.7",
        "지번": "702",
        "지역코드": "11110",
        "층": "12",
        "해제사유발생일": null,
        "해제여부": null
    },
    {
        "거래금액": "16,000",
        "건축년도": "2002",
        "년": "2006",
        "법정동": "창신동",
        "아파트": "MID그린(1동)",
        "월": "4",
        "일": "29",
        "전용면적": "59.55",
        "지번": "601",
        "지역코드": "11110",
        "층": "4",
        "해제사유발생일": null,
        "해제여부": null
    },
    {
        "거래금액": "13,650",
        "건축년도": "2000",
        "년": "2006",
        "법정동": "숭인동",
        "아파트": "숭인동 103동 (569-4)",
        "월": "4",
        "일": "29",
        "전용면적": "59.74",
        "지번": "569-4",
        "지역코드": "11110",
        "층": "4",
        "해제사유발생일": null,
        "해제여부": null
    },
    {
        "거래금액": "18,400",
        "건축년도": "1998",
        "년": "2006",
        "법정동": "평창동",
        "아파트": "삼성",
        "월": "4",
        "일": "11",
        "전용면적": "59.97",
        "지번": "596",
        "지역코드": "11110",
        "층": "14",
        "해제사유발생일": null,
        "해제여부": null
    },
    {
        "거래금액": "59,000",
        "건축년도": "2001",
        "년": "2006",
        "법정동": "평창동",
        "아파트": "롯데낙천대",
        "월": "4",
        "일": "13",
        "전용면적": "110.53",
        "지번": "72",
        "지역코드": "11110",
        "층": "6",
        "해제사유발생일": null,
        "해제여부": null
    },
    {
        "거래금액": "24,500",
        "건축년도": "1998",
        "년": "2006",
        "법정동": "평창동",
        "아파트": "삼성",
        "월": "4",
        "일": "19",
        "전용면적": "84.93",
        "지번": "596",
        "지역코드": "11110",
        "층": "4",
        "해제사유발생일": null,
        "해제여부": null
    },
    {
        "거래금액": "52,600",
        "건축년도": "2000",
        "년": "2006",
        "법정동": "무악동",
        "아파트": "현대",
        "월": "4",
        "일": "5",
        "전용면적": "114.9",
        "지번": "82",
        "지역코드": "11110",
        "층": "2",
        "해제사유발생일": null,
        "해제여부": null
    },
    {
        "거래금액": "36,700",
        "건축년도": "2000",
        "년": "2006",
        "법정동": "무악동",
        "아파트": "현대",
        "월": "4",
        "일": "5",
        "전용면적": "84.92",
        "지번": "82",
        "지역코드": "11110",
        "층": "10",
        "해제사유발생일": null,
        "해제여부": null
    },
    {
        "거래금액": "39,000",
        "건축년도": "2000",
        "년": "2006",
        "법정동": "무악동",
        "아파트": "현대",
        "월": "4",
        "일": "5",
        "전용면적": "84.92",
        "지번": "82",
        "지역코드": "11110",
        "층": "13",
        "해제사유발생일": null,
        "해제여부": null
    },
    {
        "거래금액": "41,300",
        "건축년도": "2000",
        "년": "2006",
        "법정동": "무악동",
        "아파트": "현대",
        "월": "4",
        "일": "6",
        "전용면적": "84.92",
        "지번": "82",
        "지역코드": "11110",
        "층": "6",
        "해제사유발생일": null,
        "해제여부": null
    },
    {
        "거래금액": "43,900",
        "건축년도": "2000",
        "년": "2006",
        "법정동": "무악동",
        "아파트": "현대",
        "월": "4",
        "일": "8",
        "전용면적": "84.92",
        "지번": "82",
        "지역코드": "11110",
        "층": "15",
        "해제사유발생일": null,
        "해제여부": null
    },
    {
        "거래금액": "27,350",
        "건축년도": "2000",
        "년": "2006",
        "법정동": "무악동",
        "아파트": "현대",
        "월": "4",
        "일": "11",
        "전용면적": "60",
        "지번": "82",
        "지역코드": "11110",
        "층": "14",
        "해제사유발생일": null,
        "해제여부": null
    },
    {
        "거래금액": "42,000",
        "건축년도": "2000",
        "년": "2006",
        "법정동": "무악동",
        "아파트": "현대",
        "월": "4",
        "일": "19",
        "전용면적": "84.92",
        "지번": "82",
        "지역코드": "11110",
        "층": "14",
        "해제사유발생일": null,
        "해제여부": null
    },
    {
        "거래금액": "57,300",
        "건축년도": "2000",
        "년": "2006",
        "법정동": "무악동",
        "아파트": "현대",
        "월": "4",
        "일": "20",
        "전용면적": "114.9",
        "지번": "82",
        "지역코드": "11110",
        "층": "14",
        "해제사유발생일": null,
        "해제여부": null
    },
    {
        "거래금액": "44,700",
        "건축년도": "2000",
        "년": "2006",
        "법정동": "무악동",
        "아파트": "현대",
        "월": "4",
        "일": "21",
        "전용면적": "84.92",
        "지번": "82",
        "지역코드": "11110",
        "층": "16",
        "해제사유발생일": null,
        "해제여부": null
    },
    {
        "거래금액": "40,500",
        "건축년도": "2000",
        "년": "2006",
        "법정동": "무악동",
        "아파트": "현대",
        "월": "4",
        "일": "22",
        "전용면적": "84.92",
        "지번": "82",
        "지역코드": "11110",
        "층": "13",
        "해제사유발생일": null,
        "해제여부": null
    },
    {
        "거래금액": "42,500",
        "건축년도": "2000",
        "년": "2006",
        "법정동": "무악동",
        "아파트": "현대",
        "월": "4",
        "일": "26",
        "전용면적": "84.92",
        "지번": "82",
        "지역코드": "11110",
        "층": "10",
        "해제사유발생일": null,
        "해제여부": null
    },
    {
        "거래금액": "41,600",
        "건축년도": "2000",
        "년": "2006",
        "법정동": "무악동",
        "아파트": "현대",
        "월": "4",
        "일": "27",
        "전용면적": "84.92",
        "지번": "82",
        "지역코드": "11110",
        "층": "11",
        "해제사유발생일": null,
        "해제여부": null
    }
]