[
    {
        "거래금액": "13,000",
        "건축년도": "2003",
        "년": "2006",
        "대지권면적": "31.53",
        "법정동": "장충동1가",
        "연립다세대": "부광빌리지 비동",
        "월": "4",
        "일": "28",
        "전용면적": "61.03",
        "지번": "35-43",
        "지역코드": "11140",
        "층": "2",
        "해제사유발생일": null,
        "해제여부": null
    },
    {
        "거래금액": "25,000",
        "건축년도": "1991",
        "년": "2006",
        "대지권면적": "83.46",
        "법정동": "장충동2가",
        "연립다세대": "풍광빌라",
        "월": "4",
        "일": "17",
        "전용면적": "84.225",
        "지번": "192-11",
        "지역코드": "11140",
        "층": "1",
        "해제사유발생일": null,
        "해제여부": null
    },
    {
        "거래금액": "10,500",
        "건축년도": "1999",
        "년": "2006",
        "대지권면적": "21.21",
        "법정동": "신당동",
        "연립다세대": "타워빌라",
        "월": "4",
        "일": "3",
        "전용면적": "59.32",
        "지번": "432-513",
        "지역코드": "11140",
        "층": "4",
        "해제사유발생일": null,
        "해제여부": null
    },
    {
        "거래금액": "30,000",
        "건축년도": "1989",
        "년": "2006",
        "대지권면적": "158.23",
        "법정동": "신당동",
        "연립다세대": "장충퍼시픽하우스 에이비동",
        "월": "4",
        "일": "5",
        "전용면적": "128.97",
        "지번": "432-1280",
        "지역코드": "11140",
        "층": "3",
        "해제사유발생일": null,
        "해제여부": null
    },
    {
        "거래금액": "15,000",
        "건축년도": "2004",
        "년": "2006",
        "대지권면적": "31.8",
        "법정동": "신당동",
        "연립다세대": "장충아트빌라 17차",
        "월": "4",
        "일": "6",
        "전용면적": "56.68",
        "지번": "415-17",
        "지역코드": "11140",
        "층": "5",
        "해제사유발생일": null,
        "해제여부": null
    },
    {
        "거래금액": "6,000",
        "건축년도": "2000",
        "년": "2006",
        "대지권면적": "27.8",
        "법정동": "신당동",
        "연립다세대": "성지타운 6차",
        "월": "4",
        "일": "8",
        "전용면적": "59.77",
        "지번": "432-2060",
        "지역코드": "11140",
        "층": "1",
        "해제사유발생일": null,
        "해제여부": null
    },
    {
        "거래금액": "18,000",
        "건축년도": "2005",
        "년": "2006",
        "대지권면적": "40.13",
        "법정동": "신당동",
        "연립다세대": "명빌라트",
        "월": "4",
        "일": "8",
        "전용면적": "71.06",
        "지번": "425-14",
        "지역코드": "11140",
        "층": "3",
        "해제사유발생일": null,
        "해제여부": null
    },
    {
        "거래금액": "15,500",
        "건축년도": "2005",
        "년": "2006",
        "대지권면적": "34.23",
        "법정동": "신당동",
        "연립다세대": "(166-27)",
        "월": "4",
        "일": "11",
        "전용면적": "62.97",
        "지번": "166-27",
        "지역코드": "11140",
        "층": "4",
        "해제사유발생일": null,
        "해제여부": null
    },
    {
        "거래금액": "8,200",
        "건축년도": "2004",
        "년": "2006",
        "대지권면적": "31.9",
        "법정동": "신당동",
        "연립다세대": "(432-1850)",
        "월": "4",
        "일": "11",
        "전용면적": "51.52",
        "지번": "432-1850",
        "지역코드": "11140",
        "층": "2",
        "해제사유발생일": null,
        "해제여부": null
    },
    {
        "거래금액": "16,000",
        "건축년도": "2002",
        "년": "2006",
        "대지권면적": "34.9",
        "법정동": "신당동",
        "연립다세대": "남산팰리스 A동",
        "월": "4",
        "일": "12",
        "전용면적": "51.9",
        "지번": "366-71",
        "지역코드": "11140",
        "층": "3",
        "해제사유발생일": null,
        "해제여부": null
    },
    {
        "거래금액": "21,000",
        "건축년도": "1995",
        "년": "2006",
        "대지권면적": "39.6",
        "법정동": "신당동",
        "연립다세대": "동궁빌라",
        "월": "4",
        "일": "14",
        "전용면적": "83.27",
        "지번": "304-262",
        "지역코드": "11140",
        "층": "3",
        "해제사유발생일": null,
        "해제여부": null
    },
    {
        "거래금액": "19,000",
        "건축년도": "2000",
        "년": "2006",
        "대지권면적": "36.43",
        "법정동": "신당동",
        "연립다세대": "대찬빌라",
        "월": "4",
        "일": "15",
        "전용면적": "77.33",
        "지번": "333-121",
        "지역코드": "11140",
        "층": "3",
        "해제사유발생일": null,
        "해제여부": null
    },
    {
        "거래금액": "8,300",
        "건축년도": "2003",
        "년": "2006",
        "대지권면적": "31.87",
        "법정동": "신당동",
        "연립다세대": "인성빌라2차",
        "월": "4",
        "일": "15",
        "전용면적": "65.82",
        "지번": "432-1977",
        "지역코드": "11140",
        "층": "3",
        "해제사유발생일": null,
        "해제여부": null
    },
    {
        "거래금액": "11,850",
        "건축년도": "2004",
        "년": "2006",
        "대지권면적": "29",
        "법정동": "신당동",
        "연립다세대": "명경빌라",
        "월": "4",
        "일": "17",
        "전용면적": "61.17",
        "지번": "432-1984",
        "지역코드": "11140",
        "층": "3",
        "해제사유발생일": null,
        "해제여부": null
    },
    {
        "거래금액": "13,000",
        "건축년도": "2004",
        "년": "2006",
        "대지권면적": "30.76",
        "법정동": "신당동",
        "연립다세대": "약수스카이빌",
        "월": "4",
        "일": "20",
        "전용면적": "64.58",
        "지번": "349-450",
        "지역코드": "11140",
        "층": "4",
        "해제사유발생일": null,
        "해제여부": null
    },
    {
        "거래금액": "17,500",
        "건축년도": "2003",
        "년": "2006",
        "대지권면적": "30.41",
        "법정동": "신당동",
        "연립다세대": "청운하이츠16차",
        "월": "4",
        "일": "26",
        "전용면적": "65.56",
        "지번": "419-6",
        "지역코드": "11140",
        "층": "3",
        "해제사유발생일": null,
        "해제여부": null
    },
    {
        "거래금액": "11,350",
        "건축년도": "1999",
        "년": "2006",
        "대지권면적": "19.84",
        "법정동": "신당동",
        "연립다세대": "약수마을에이동",
        "월": "4",
        "일": "26",
        "전용면적": "56.15",
        "지번": "432-676",
        "지역코드": "11140",
        "층": "3",
        "해제사유발생일": null,
        "해제여부": null
    },
    {
        "거래금액": "8,000",
        "건축년도": "2004",
        "년": "2006",
        "대지권면적": "40.1",
        "법정동": "신당동",
        "연립다세대": "(432-1850)",
        "월": "4",
        "일": "26",
        "전용면적": "64.78",
        "지번": "432-1850",
        "지역코드": "11140",
        "층": "2",
        "해제사유발생일": null,
        "해제여부": null
    },
    {
        "거래금액": "15,000",
        "건축년도": "2005",
        "년": "2006",
        "대지권면적": "41.95",
        "법정동": "신당동",
        "연립다세대": "(166-27)",
        "월": "4",
        "일": "27",
        "전용면적": "77.19",
        "지번": "166-27",
        "지역코드": "11140",
        "층": "1",
        "해제사유발생일": null,
        "해제여부": null
    },
    {
        "거래금액": "19,800",
        "건축년도": "2004",
        "년": "2006",
        "대지권면적": "32.7",
        "법정동": "신당동",
        "연립다세대": "장충아트빌라 17차",
        "월": "4",
        "일": "28",
        "전용면적": "58.32",
        "지번": "415-17",
        "지역코드": "11140",
        "층": "3",
        "해제사유발생일": null,
        "해제여부": null
    },
    {
        "거래금액": "4,000",
        "건축년도": "1996",
        "년": "2006",
        "대지권면적": "15.1",
        "법정동": "황학동",
        "연립다세대": "(1570-0)",
        "월": "4",
        "일": "28",
        "전용면적": "28.08",
        "지번": "1570",
        "지역코드": "11140",
        "층": "1",
        "해제사유발생일": null,
        "해제여부": null
    },
    {
        "거래금액": "41,000",
        "건축년도": "1988",
        "년": "2006",
        "대지권면적": "81.03",
        "법정동": "청운동",
        "연립다세대": "청운벽산빌리지",
        "월": "4",
        "일": "11",
        "전용면적": "83.61",
        "지번": "1",
        "지역코드": "11110",
        "층": "3",
        "해제사유발생일": null,
        "해제여부": null
    },
    {
        "거래금액": "30,000",
        "건축년도": "2000",
        "년": "2006",
        "대지권면적": "45.24",
        "법정동": "청운동",
        "연립다세대": "경복파크빌",
        "월": "4",
        "일": "13",
        "전용면적": "96.48",
        "지번": "52-15",
        "지역코드": "11110",
        "층": "2",
        "해제사유발생일": null,
        "해제여부": null
    },
    {
        "거래금액": "29,000",
        "건축년도": "2002",
        "년": "2006",
        "대지권면적": "51.69",
        "법정동": "청운동",
        "연립다세대": "해피빌",
        "월": "4",
        "일": "18",
        "전용면적": "75.36",
        "지번": "89-22",
        "지역코드": "11110",
        "층": "1",
        "해제사유발생일": null,
        "해제여부": null
    },
    {
        "거래금액": "20,000",
        "건축년도": "1991",
        "년": "2006",
        "대지권면적": "70.8",
        "법정동": "신교동",
        "연립다세대": "가원빌라",
        "월": "4",
        "일": "24",
        "전용면적": "90.23",
        "지번": "6-25",
        "지역코드": "11110",
        "층": "1",
        "해제사유발생일": null,
        "해제여부": null
    },
    {
        "거래금액": "22,200",
        "건축년도": "2002",
        "년": "2006",
        "대지권면적": "47.25",
        "법정동": "통인동",
        "연립다세대": "세종아트빌",
        "월": "4",
        "일": "28",
        "전용면적": "83.74",
        "지번": "89-2",
        "지역코드": "11110",
        "층": "2",
        "해제사유발생일": null,
        "해제여부": null
    },
    {
        "거래금액": "9,550",
        "건축년도": "2000",
        "년": "2006",
        "대지권면적": "21.3",
        "법정동": "누상동",
        "연립다세대": "청마빌라A동",
        "월": "4",
        "일": "6",
        "전용면적": "53.72",
        "지번": "128",
        "지역코드": "11110",
        "층": "3",
        "해제사유발생일": null,
        "해제여부": null
    },
    {
        "거래금액": "10,000",
        "건축년도": "1998",
        "년": "2006",
        "대지권면적": "31.525",
        "법정동": "누상동",
        "연립다세대": "덕산빌라",
        "월": "4",
        "일": "6",
        "전용면적": "59.02",
        "지번": "166-3",
        "지역코드": "11110",
        "층": "2",
        "해제사유발생일": null,
        "해제여부": null
    },
    {
        "거래금액": "10,000",
        "건축년도": "1999",
        "년": "2006",
        "대지권면적": "31.7",
        "법정동": "누상동",
        "연립다세대": "녹원하이츠빌라7동",
        "월": "4",
        "일": "7",
        "전용면적": "59.73",
        "지번": "166-238",
        "지역코드": "11110",
        "층": "-1",
        "해제사유발생일": null,
        "해제여부": null
    },
    {
        "거래금액": "9,400",
        "건축년도": "1996",
        "년": "2006",
        "대지권면적": "23.165",
        "법정동": "누상동",
        "연립다세대": "(60-1)",
        "월": "4",
        "일": "12",
        "전용면적": "54.78",
        "지번": "60-1",
        "지역코드": "11110",
        "층": "3",
        "해제사유발생일": null,
        "해제여부": null
    },
    {
        "거래금액": "10,500",
        "건축년도": "1998",
        "년": "2006",
        "대지권면적": "22.83",
        "법정동": "누상동",
        "연립다세대": "녹원하이츠빌라1동",
        "월": "4",
        "일": "19",
        "전용면적": "58.09",
        "지번": "166-207",
        "지역코드": "11110",
        "층": "4",
        "해제사유발생일": null,
        "해제여부": null
    },
    {
        "거래금액": "8,300",
        "건축년도": "2001",
        "년": "2006",
        "대지권면적": "21.85",
        "법정동": "누상동",
        "연립다세대": "인왕5차넥스빌",
        "월": "4",
        "일": "25",
        "전용면적": "53.38",
        "지번": "166-169",
        "지역코드": "11110",
        "층": "1",
        "해제사유발생일": null,
        "해제여부": null
    },
    {
        "거래금액": "14,500",
        "건축년도": "2002",
        "년": "2006",
        "대지권면적": "23.39",
        "법정동": "누상동",
        "연립다세대": "코디골드빌105동",
        "월": "4",
        "일": "28",
        "전용면적": "59.32",
        "지번": "80",
        "지역코드": "11110",
        "층": "1",
        "해제사유발생일": null,
        "해제여부": null
    },
    {
        "거래금액": "12,000",
        "건축년도": "1998",
        "년": "2006",
        "대지권면적": "42.87",
        "법정동": "옥인동",
        "연립다세대": "기린빌라",
        "월": "4",
        "일": "2",
        "전용면적": "67.11",
        "지번": "66",
        "지역코드": "11110",
        "층": "1",
        "해제사유발생일": null,
        "해제여부": null
    },
    {
        "거래금액": "20,000",
        "건축년도": "2004",
        "년": "2006",
        "대지권면적": "41.27",
        "법정동": "옥인동",
        "연립다세대": "예지명가",
        "월": "4",
        "일": "12",
        "전용면적": "79.25",
        "지번": "142",
        "지역코드": "11110",
        "층": "3",
        "해제사유발생일": null,
        "해제여부": null
    },
    {
        "거래금액": "12,500",
        "건축년도": "1993",
        "년": "2006",
        "대지권면적": "26.13",
        "법정동": "사직동",
        "연립다세대": "(322-2)",
        "월": "4",
        "일": "5",
        "전용면적": "38.55",
        "지번": "322-2",
        "지역코드": "11110",
        "층": "1",
        "해제사유발생일": null,
        "해제여부": null
    },
    {
        "거래금액": "17,000",
        "건축년도": "1993",
        "년": "2006",
        "대지권면적": "21.52",
        "법정동": "사직동",
        "연립다세대": "반석빌라",
        "월": "4",
        "일": "29",
        "전용면적": "40.95",
        "지번": "311-15",
        "지역코드": "11110",
        "층": "-1",
        "해제사유발생일": null,
        "해제여부": null
    },
    {
        "거래금액": "50,000",
        "건축년도": "2003",
        "년": "2006",
        "대지권면적": "113.72",
        "법정동": "삼청동",
        "연립다세대": "삼청빌라",
        "월": "4",
        "일": "15",
        "전용면적": "179.345",
        "지번": "7",
        "지역코드": "11110",
        "층": "1",
        "해제사유발생일": null,
        "해제여부": null
    },
    {
        "거래금액": "9,500",
        "건축년도": "1998",
        "년": "2006",
        "대지권면적": "18.12",
        "법정동": "원서동",
        "연립다세대": "대성빌라",
        "월": "4",
        "일": "3",
        "전용면적": "56.56",
        "지번": "77-41",
        "지역코드": "11110",
        "층": "1",
        "해제사유발생일": null,
        "해제여부": null
    },
    {
        "거래금액": "10,000",
        "건축년도": "1996",
        "년": "2006",
        "대지권면적": "26.46",
        "법정동": "원서동",
        "연립다세대": "(104-0)",
        "월": "4",
        "일": "17",
        "전용면적": "59.98",
        "지번": "104",
        "지역코드": "11110",
        "층": "-1",
        "해제사유발생일": null,
        "해제여부": null
    },
    {
        "거래금액": "15,500",
        "건축년도": "1998",
        "년": "2006",
        "대지권면적": "27.3",
        "법정동": "원서동",
        "연립다세대": "이화빌라",
        "월": "4",
        "일": "25",
        "전용면적": "58.5",
        "지번": "135-104",
        "지역코드": "11110",
        "층": "2",
        "해제사유발생일": null,
        "해제여부": null
    },
    {
        "거래금액": "11,000",
        "건축년도": "2002",
        "년": "2006",
        "대지권면적": "18.71",
        "법정동": "원서동",
        "연립다세대": "우리빌라",
        "월": "4",
        "일": "28",
        "전용면적": "59.64",
        "지번": "76-47",
        "지역코드": "11110",
        "층": "1",
        "해제사유발생일": null,
        "해제여부": null
    },
    {
        "거래금액": "8,500",
        "건축년도": "1998",
        "년": "2006",
        "대지권면적": "23.78",
        "법정동": "동숭동",
        "연립다세대": "(4-54)",
        "월": "4",
        "일": "1",
        "전용면적": "59.46",
        "지번": "4-54",
        "지역코드": "11110",
        "층": "2",
        "해제사유발생일": null,
        "해제여부": null
    },
    {
        "거래금액": "9,800",
        "건축년도": "1989",
        "년": "2006",
        "대지권면적": "44.55",
        "법정동": "동숭동",
        "연립다세대": "(50-160)",
        "월": "4",
        "일": "20",
        "전용면적": "69.01",
        "지번": "50-160",
        "지역코드": "11110",
        "층": "1",
        "해제사유발생일": null,
        "해제여부": null
    },
    {
        "거래금액": "14,500",
        "건축년도": "1985",
        "년": "2006",
        "대지권면적": "81.1",
        "법정동": "혜화동",
        "연립다세대": "(5-22)",
        "월": "4",
        "일": "24",
        "전용면적": "79.99",
        "지번": "5-22",
        "지역코드": "11110",
        "층": "1",
        "해제사유발생일": null,
        "해제여부": null
    },
    {
        "거래금액": "17,670",
        "건축년도": "2003",
        "년": "2006",
        "대지권면적": "41.997",
        "법정동": "명륜1가",
        "연립다세대": "포스텔",
        "월": "4",
        "일": "20",
        "전용면적": "76.32",
        "지번": "2-18",
        "지역코드": "11110",
        "층": "2",
        "해제사유발생일": null,
        "해제여부": null
    },
    {
        "거래금액": "17,500",
        "건축년도": "2002",
        "년": "2006",
        "대지권면적": "31.73",
        "법정동": "명륜1가",
        "연립다세대": "효은쉐르빌A동",
        "월": "4",
        "일": "27",
        "전용면적": "64.83",
        "지번": "33-39",
        "지역코드": "11110",
        "층": "2",
        "해제사유발생일": null,
        "해제여부": null
    },
    {
        "거래금액": "17,000",
        "건축년도": "1996",
        "년": "2006",
        "대지권면적": "36.983",
        "법정동": "명륜2가",
        "연립다세대": "대보빌라6차",
        "월": "4",
        "일": "3",
        "전용면적": "76.44",
        "지번": "90-2",
        "지역코드": "11110",
        "층": "4",
        "해제사유발생일": null,
        "해제여부": null
    },
    {
        "거래금액": "4,500",
        "건축년도": "1998",
        "년": "2006",
        "대지권면적": "15.2",
        "법정동": "명륜3가",
        "연립다세대": "(1-99)",
        "월": "4",
        "일": "17",
        "전용면적": "39.48",
        "지번": "1-99",
        "지역코드": "11110",
        "층": "1",
        "해제사유발생일": null,
        "해제여부": null
    },
    {
        "거래금액": "4,500",
        "건축년도": "1998",
        "년": "2006",
        "대지권면적": "15.2",
        "법정동": "명륜3가",
        "연립다세대": "(1-99)",
        "월": "4",
        "일": "17",
        "전용면적": "39.48",
        "지번": "1-99",
        "지역코드": "11110",
        "층": "2",
        "해제사유발생일": null,
        "해제여부": null
    },
    {
        "거래금액": "4,500",
        "건축년도": "1998",
        "년": "2006",
        "대지권면적": "15.2",
        "법정동": "명륜3가",
        "연립다세대": "(1-99)",
        "월": "4",
        "일": "17",
        "전용면적": "39.48",
        "지번": "1-99",
        "지역코드": "11110",
        "층": "3",
        "해제사유발생일": null,
        "해제여부": null
    },
    {
        "거래금액": "4,500",
        "건축년도": "1998",
        "년": "2006",
        "대지권면적": "15.2",
        "법정동": "명륜3가",
        "연립다세대": "(1-99)",
        "월": "4",
        "일": "17",
        "전용면적": "39.48",
        "지번": "1-99",
        "지역코드": "11110",
        "층": "4",
        "해제사유발생일": null,
        "해제여부": null
    },
    {
        "거래금액": "4,500",
        "건축년도": "1998",
        "년": "2006",
        "대지권면적": "15.2",
        "법정동": "명륜3가",
        "연립다세대": "(1-99)",
        "월": "4",
        "일": "17",
        "전용면적": "39.48",
        "지번": "1-99",
        "지역코드": "11110",
        "층": "-1",
        "해제사유발생일": null,
        "해제여부": null
    },
    {
        "거래금액": "10,000",
        "건축년도": "1998",
        "년": "2006",
        "대지권면적": "16.86",
        "법정동": "창신동",
        "연립다세대": "(601-3)",
        "월": "4",
        "일": "3",
        "전용면적": "24.8",
        "지번": "601-3",
        "지역코드": "11110",
        "층": "3",
        "해제사유발생일": null,
        "해제여부": null
    },
    {
        "거래금액": "22,000",
        "건축년도": "1999",
        "년": "2006",
        "대지권면적": "43.48",
        "법정동": "창신동",
        "연립다세대": "동광그린빌라",
        "월": "4",
        "일": "14",
        "전용면적": "100.24",
        "지번": "130-70",
        "지역코드": "11110",
        "층": "1",
        "해제사유발생일": null,
        "해제여부": null
    },
    {
        "거래금액": "9,200",
        "건축년도": "2000",
        "년": "2006",
        "대지권면적": "13.78",
        "법정동": "창신동",
        "연립다세대": "(660-111)",
        "월": "4",
        "일": "15",
        "전용면적": "39.07",
        "지번": "660-111",
        "지역코드": "11110",
        "층": "-1",
        "해제사유발생일": null,
        "해제여부": null
    },
    {
        "거래금액": "8,300",
        "건축년도": "1996",
        "년": "2006",
        "대지권면적": "13.18",
        "법정동": "창신동",
        "연립다세대": "(615-9)",
        "월": "4",
        "일": "19",
        "전용면적": "36.06",
        "지번": "615-9",
        "지역코드": "11110",
        "층": "4",
        "해제사유발생일": null,
        "해제여부": null
    },
    {
        "거래금액": "12,180",
        "건축년도": "2000",
        "년": "2006",
        "대지권면적": "19.29",
        "법정동": "창신동",
        "연립다세대": "(638-34)",
        "월": "4",
        "일": "20",
        "전용면적": "51.57",
        "지번": "638-34",
        "지역코드": "11110",
        "층": "3",
        "해제사유발생일": null,
        "해제여부": null
    },
    {
        "거래금액": "7,600",
        "건축년도": "1997",
        "년": "2006",
        "대지권면적": "7.211",
        "법정동": "창신동",
        "연립다세대": "(626-35)",
        "월": "4",
        "일": "26",
        "전용면적": "18.51",
        "지번": "626-35",
        "지역코드": "11110",
        "층": "2",
        "해제사유발생일": null,
        "해제여부": null
    },
    {
        "거래금액": "8,500",
        "건축년도": "2001",
        "년": "2006",
        "대지권면적": "13.58",
        "법정동": "창신동",
        "연립다세대": "(627-180)",
        "월": "4",
        "일": "28",
        "전용면적": "41.16",
        "지번": "627-180",
        "지역코드": "11110",
        "층": "2",
        "해제사유발생일": null,
        "해제여부": null
    },
    {
        "거래금액": "15,000",
        "건축년도": "2000",
        "년": "2006",
        "대지권면적": "21.28",
        "법정동": "창신동",
        "연립다세대": "(660-112)",
        "월": "4",
        "일": "29",
        "전용면적": "59.7",
        "지번": "660-112",
        "지역코드": "11110",
        "층": "1",
        "해제사유발생일": null,
        "해제여부": null
    },
    {
        "거래금액": "14,000",
        "건축년도": "2001",
        "년": "2006",
        "대지권면적": "16",
        "법정동": "숭인동",
        "연립다세대": "좋은빌라",
        "월": "4",
        "일": "7",
        "전용면적": "53.3",
        "지번": "809",
        "지역코드": "11110",
        "층": "-1",
        "해제사유발생일": null,
        "해제여부": null
    },
    {
        "거래금액": "11,800",
        "건축년도": "2002",
        "년": "2006",
        "대지권면적": "23.74",
        "법정동": "숭인동",
        "연립다세대": "한서아트빌A",
        "월": "4",
        "일": "26",
        "전용면적": "69.51",
        "지번": "646",
        "지역코드": "11110",
        "층": "-1",
        "해제사유발생일": null,
        "해제여부": null
    },
    {
        "거래금액": "24,000",
        "건축년도": "2002",
        "년": "2006",
        "대지권면적": "23.67",
        "법정동": "송월동",
        "연립다세대": "로얄빌라",
        "월": "4",
        "일": "6",
        "전용면적": "57",
        "지번": "41",
        "지역코드": "11110",
        "층": "4",
        "해제사유발생일": null,
        "해제여부": null
    },
    {
        "거래금액": "23,000",
        "건축년도": "1993",
        "년": "2006",
        "대지권면적": "28.43",
        "법정동": "교북동",
        "연립다세대": "(35-4)",
        "월": "4",
        "일": "6",
        "전용면적": "42.02",
        "지번": "35-4",
        "지역코드": "11110",
        "층": "2",
        "해제사유발생일": null,
        "해제여부": null
    },
    {
        "거래금액": "18,000",
        "건축년도": "2002",
        "년": "2006",
        "대지권면적": "17.67",
        "법정동": "행촌동",
        "연립다세대": "김재원씨댁",
        "월": "4",
        "일": "25",
        "전용면적": "28.99",
        "지번": "25-4",
        "지역코드": "11110",
        "층": "1",
        "해제사유발생일": null,
        "해제여부": null
    },
    {
        "거래금액": "13,000",
        "건축년도": "1982",
        "년": "2006",
        "대지권면적": "73.22",
        "법정동": "구기동",
        "연립다세대": "상신맨션",
        "월": "4",
        "일": "8",
        "전용면적": "76.63",
        "지번": "67-1",
        "지역코드": "11110",
        "층": "2",
        "해제사유발생일": null,
        "해제여부": null
    },
    {
        "거래금액": "40,000",
        "건축년도": "1988",
        "년": "2006",
        "대지권면적": "113.9",
        "법정동": "구기동",
        "연립다세대": "현대구기빌라",
        "월": "4",
        "일": "10",
        "전용면적": "84.44",
        "지번": "130",
        "지역코드": "11110",
        "층": "3",
        "해제사유발생일": null,
        "해제여부": null
    },
    {
        "거래금액": "25,000",
        "건축년도": "1997",
        "년": "2006",
        "대지권면적": "107.11",
        "법정동": "구기동",
        "연립다세대": "청구빌라",
        "월": "4",
        "일": "13",
        "전용면적": "84.72",
        "지번": "266",
        "지역코드": "11110",
        "층": "1",
        "해제사유발생일": null,
        "해제여부": null
    },
    {
        "거래금액": "11,500",
        "건축년도": "1989",
        "년": "2006",
        "대지권면적": "50.81",
        "법정동": "평창동",
        "연립다세대": "금강하이츠빌라",
        "월": "4",
        "일": "5",
        "전용면적": "39.67",
        "지번": "64-3",
        "지역코드": "11110",
        "층": "1",
        "해제사유발생일": null,
        "해제여부": null
    },
    {
        "거래금액": "19,500",
        "건축년도": "1989",
        "년": "2006",
        "대지권면적": "69.57",
        "법정동": "평창동",
        "연립다세대": "금강하이츠빌라",
        "월": "4",
        "일": "10",
        "전용면적": "56.32",
        "지번": "64-3",
        "지역코드": "11110",
        "층": "2",
        "해제사유발생일": null,
        "해제여부": null
    },
    {
        "거래금액": "11,500",
        "건축년도": "2001",
        "년": "2006",
        "대지권면적": "20.09",
        "법정동": "평창동",
        "연립다세대": "화이트빌",
        "월": "4",
        "일": "12",
        "전용면적": "45.45",
        "지번": "153-6",
        "지역코드": "11110",
        "층": "3",
        "해제사유발생일": null,
        "해제여부": null
    },
    {
        "거래금액": "27,800",
        "건축년도": "1992",
        "년": "2006",
        "대지권면적": "104.37",
        "법정동": "평창동",
        "연립다세대": "금강주택",
        "월": "4",
        "일": "17",
        "전용면적": "84.95",
        "지번": "170",
        "지역코드": "11110",
        "층": "2",
        "해제사유발생일": null,
        "해제여부": null
    },
    {
        "거래금액": "47,000",
        "건축년도": "2003",
        "년": "2006",
        "대지권면적": "48",
        "법정동": "평창동",
        "연립다세대": "해든숲빌라",
        "월": "4",
        "일": "19",
        "전용면적": "121.28",
        "지번": "148-21",
        "지역코드": "11110",
        "층": "-1",
        "해제사유발생일": null,
        "해제여부": null
    },
    {
        "거래금액": "28,700",
        "건축년도": "1986",
        "년": "2006",
        "대지권면적": "105.13",
        "법정동": "평창동",
        "연립다세대": "현대평창빌라",
        "월": "4",
        "일": "24",
        "전용면적": "84.96",
        "지번": "176",
        "지역코드": "11110",
        "층": "1",
        "해제사유발생일": null,
        "해제여부": null
    },
    {
        "거래금액": "25,000",
        "건축년도": "1982",
        "년": "2006",
        "대지권면적": "153",
        "법정동": "평창동",
        "연립다세대": "삼형파크맨션",
        "월": "4",
        "일": "26",
        "전용면적": "131.55",
        "지번": "154-1",
        "지역코드": "11110",
        "층": "1",
        "해제사유발생일": null,
        "해제여부": null
    },
    {
        "거래금액": "39,000",
        "건축년도": "1995",
        "년": "2006",
        "대지권면적": "140.29",
        "법정동": "평창동",
        "연립다세대": "삼성그린빌리지",
        "월": "4",
        "일": "30",
        "전용면적": "126.9",
        "지번": "345-23",
        "지역코드": "11110",
        "층": "3",
        "해제사유발생일": null,
        "해제여부": null
    },
    {
        "거래금액": "4,700",
        "건축년도": "1988",
        "년": "2006",
        "대지권면적": "36.71",
        "법정동": "부암동",
        "연립다세대": "(148-31)",
        "월": "4",
        "일": "2",
        "전용면적": "28.78",
        "지번": "148-31",
        "지역코드": "11110",
        "층": "2",
        "해제사유발생일": null,
        "해제여부": null
    },
    {
        "거래금액": "74,000",
        "건축년도": "1992",
        "년": "2006",
        "대지권면적": "227.12",
        "법정동": "부암동",
        "연립다세대": "유원빌라",
        "월": "4",
        "일": "9",
        "전용면적": "202.08",
        "지번": "129-43",
        "지역코드": "11110",
        "층": "3",
        "해제사유발생일": null,
        "해제여부": null
    },
    {
        "거래금액": "79,000",
        "건축년도": "1992",
        "년": "2006",
        "대지권면적": "237.76",
        "법정동": "부암동",
        "연립다세대": "유원빌라",
        "월": "4",
        "일": "13",
        "전용면적": "207.77",
        "지번": "129-43",
        "지역코드": "11110",
        "층": "2",
        "해제사유발생일": null,
        "해제여부": null
    },
    {
        "거래금액": "38,000",
        "건축년도": "1998",
        "년": "2006",
        "대지권면적": "233.75",
        "법정동": "부암동",
        "연립다세대": "승림힐스",
        "월": "4",
        "일": "18",
        "전용면적": "231.44",
        "지번": "126",
        "지역코드": "11110",
        "층": "1",
        "해제사유발생일": null,
        "해제여부": null
    },
    {
        "거래금액": "40,000",
        "건축년도": "1998",
        "년": "2006",
        "대지권면적": "233.75",
        "법정동": "부암동",
        "연립다세대": "승림힐스",
        "월": "4",
        "일": "18",
        "전용면적": "231.44",
        "지번": "126",
        "지역코드": "11110",
        "층": "1",
        "해제사유발생일": null,
        "해제여부": null
    },
    {
        "거래금액": "14,500",
        "건축년도": "1987",
        "년": "2006",
        "대지권면적": "87.58",
        "법정동": "부암동",
        "연립다세대": "중앙하이츠빌라",
        "월": "4",
        "일": "20",
        "전용면적": "63.16",
        "지번": "185-8",
        "지역코드": "11110",
        "층": "1",
        "해제사유발생일": null,
        "해제여부": null
    },
    {
        "거래금액": "7,200",
        "건축년도": "2001",
        "년": "2006",
        "대지권면적": "45.61",
        "법정동": "신영동",
        "연립다세대": "한솔리더빌(C동)",
        "월": "4",
        "일": "10",
        "전용면적": "62.01",
        "지번": "239-7",
        "지역코드": "11110",
        "층": "-1",
        "해제사유발생일": null,
        "해제여부": null
    },
    {
        "거래금액": "17,000",
        "건축년도": "2004",
        "년": "2006",
        "대지권면적": "76.59",
        "법정동": "신영동",
        "연립다세대": "기린하이츠빌라",
        "월": "4",
        "일": "11",
        "전용면적": "58.95",
        "지번": "206",
        "지역코드": "11110",
        "층": "2",
        "해제사유발생일": null,
        "해제여부": null
    },
    {
        "거래금액": "5,800",
        "건축년도": "1995",
        "년": "2006",
        "대지권면적": "36.03",
        "법정동": "신영동",
        "연립다세대": "현대빌리지",
        "월": "4",
        "일": "13",
        "전용면적": "54.2",
        "지번": "103-1",
        "지역코드": "11110",
        "층": "-1",
        "해제사유발생일": null,
        "해제여부": null
    },
    {
        "거래금액": "6,400",
        "건축년도": "2002",
        "년": "2006",
        "대지권면적": "51.09",
        "법정동": "신영동",
        "연립다세대": "초원빌라",
        "월": "4",
        "일": "26",
        "전용면적": "52.65",
        "지번": "30-7",
        "지역코드": "11110",
        "층": "-1",
        "해제사유발생일": null,
        "해제여부": null
    },
    {
        "거래금액": "9,500",
        "건축년도": "2002",
        "년": "2006",
        "대지권면적": "51.09",
        "법정동": "신영동",
        "연립다세대": "초원빌라",
        "월": "4",
        "일": "26",
        "전용면적": "52.65",
        "지번": "30-7",
        "지역코드": "11110",
        "층": "1",
        "해제사유발생일": null,
        "해제여부": null
    },
    {
        "거래금액": "9,500",
        "건축년도": "2002",
        "년": "2006",
        "대지권면적": "51.09",
        "법정동": "신영동",
        "연립다세대": "초원빌라",
        "월": "4",
        "일": "26",
        "전용면적": "52.65",
        "지번": "30-7",
        "지역코드": "11110",
        "층": "1",
        "해제사유발생일": null,
        "해제여부": null
    },
    {
        "거래금액": "6,400",
        "건축년도": "2002",
        "년": "2006",
        "대지권면적": "51.09",
        "법정동": "신영동",
        "연립다세대": "초원빌라",
        "월": "4",
        "일": "26",
        "전용면적": "52.65",
        "지번": "30-7",
        "지역코드": "11110",
        "층": "-1",
        "해제사유발생일": null,
        "해제여부": null
    },
    {
        "거래금액": "12,000",
        "건축년도": "1978",
        "년": "2006",
        "대지권면적": "103.9",
        "법정동": "신영동",
        "연립다세대": "청암빌라",
        "월": "4",
        "일": "28",
        "전용면적": "64.5",
        "지번": "72-33",
        "지역코드": "11110",
        "층": "1",
        "해제사유발생일": null,
        "해제여부": null
    },
    {
        "거래금액": "23,000",
        "건축년도": "2002",
        "년": "2006",
        "대지권면적": "64.2",
        "법정동": "신영동",
        "연립다세대": "목화빌",
        "월": "4",
        "일": "30",
        "전용면적": "99.41",
        "지번": "10-7",
        "지역코드": "11110",
        "층": "1",
        "해제사유발생일": null,
        "해제여부": null
    }
]