[
    {
        "거래금액": "12,400",
        "건축년도": "2005",
        "년": "2006",
        "단지": "충무로 현대 프레스타워",
        "법정동": "충무로5가",
        "시군구": "중구",
        "월": "4",
        "일": "25",
        "전용면적": "29.06",
        "지번": "22-5",
        "지역코드": "11140",
        "층": "14",
        "해제사유발생일": null,
        "해제여부": null
    },
    {
        "거래금액": "8,500",
        "건축년도": "1999",
        "년": "2006",
        "단지": "광희동금호트윈 오피스텔",
        "법정동": "광희동1가",
        "시군구": "중구",
        "월": "4",
        "일": "12",
        "전용면적": "29.88",
        "지번": "89-1",
        "지역코드": "11140",
        "층": "9",
        "해제사유발생일": null,
        "해제여부": null
    },
    {
        "거래금액": "7,593",
        "건축년도": "2004",
        "년": "2006",
        "단지": "신당역올리브2",
        "법정동": "황학동",
        "시군구": "중구",
        "월": "4",
        "일": "3",
        "전용면적": "23.82",
        "지번": "2484",
        "지역코드": "11140",
        "층": "5",
        "해제사유발생일": null,
        "해제여부": null
    },
    {
        "거래금액": "7,300",
        "건축년도": "2004",
        "년": "2006",
        "단지": "신당역올리브2",
        "법정동": "황학동",
        "시군구": "중구",
        "월": "4",
        "일": "6",
        "전용면적": "23.82",
        "지번": "2484",
        "지역코드": "11140",
        "층": "7",
        "해제사유발생일": null,
        "해제여부": null
    },
    {
        "거래금액": "5,900",
        "건축년도": "2001",
        "년": "2006",
        "단지": "골든빌",
        "법정동": "황학동",
        "시군구": "중구",
        "월": "4",
        "일": "14",
        "전용면적": "23.52",
        "지번": "1752",
        "지역코드": "11140",
        "층": "5",
        "해제사유발생일": null,
        "해제여부": null
    },
    {
        "거래금액": "6,100",
        "건축년도": "2001",
        "년": "2006",
        "단지": "골든빌",
        "법정동": "황학동",
        "시군구": "중구",
        "월": "4",
        "일": "17",
        "전용면적": "23.52",
        "지번": "1752",
        "지역코드": "11140",
        "층": "6",
        "해제사유발생일": null,
        "해제여부": null
    },
    {
        "거래금액": "7,890",
        "건축년도": "2004",
        "년": "2006",
        "단지": "신당역올리브2",
        "법정동": "황학동",
        "시군구": "중구",
        "월": "4",
        "일": "24",
        "전용면적": "23.82",
        "지번": "2484",
        "지역코드": "11140",
        "층": "15",
        "해제사유발생일": null,
        "해제여부": null
    },
    {
        "거래금액": "8,295",
        "건축년도": "2006",
        "년": "2006",
        "단지": "브라운스톤서울",
        "법정동": "중림동",
        "시군구": "중구",
        "월": "4",
        "일": "5",
        "전용면적": "30.99",
        "지번": "355",
        "지역코드": "11140",
        "층": "4",
        "해제사유발생일": null,
        "해제여부": null
    },
    {
        "거래금액": "16,520",
        "건축년도": "2006",
        "년": "2006",
        "단지": "브라운스톤서울",
        "법정동": "중림동",
        "시군구": "중구",
        "월": "4",
        "일": "14",
        "전용면적": "62.82",
        "지번": "355",
        "지역코드": "11140",
        "층": "5",
        "해제사유발생일": null,
        "해제여부": null
    },
    {
        "거래금액": "20,470",
        "건축년도": "2006",
        "년": "2006",
        "단지": "브라운스톤서울",
        "법정동": "중림동",
        "시군구": "중구",
        "월": "4",
        "일": "14",
        "전용면적": "62.82",
        "지번": "355",
        "지역코드": "11140",
        "층": "21",
        "해제사유발생일": null,
        "해제여부": null
    },
    {
        "거래금액": "16,836",
        "건축년도": "2006",
        "년": "2006",
        "단지": "브라운스톤서울",
        "법정동": "중림동",
        "시군구": "중구",
        "월": "4",
        "일": "19",
        "전용면적": "62.82",
        "지번": "355",
        "지역코드": "11140",
        "층": "6",
        "해제사유발생일": null,
        "해제여부": null
    },
    {
        "거래금액": "49,214",
        "건축년도": "2006",
        "년": "2006",
        "단지": "브라운스톤서울",
        "법정동": "중림동",
        "시군구": "중구",
        "월": "4",
        "일": "20",
        "전용면적": "107.96",
        "지번": "355",
        "지역코드": "11140",
        "층": "11",
        "해제사유발생일": null,
        "해제여부": null
    },
    {
        "거래금액": "36,293",
        "건축년도": "2006",
        "년": "2006",
        "단지": "브라운스톤서울",
        "법정동": "중림동",
        "시군구": "중구",
        "월": "4",
        "일": "20",
        "전용면적": "107.96",
        "지번": "355",
        "지역코드": "11140",
        "층": "19",
        "해제사유발생일": null,
        "해제여부": null
    },
    {
        "거래금액": "51,979",
        "건축년도": "2006",
        "년": "2006",
        "단지": "브라운스톤서울",
        "법정동": "중림동",
        "시군구": "중구",
        "월": "4",
        "일": "20",
        "전용면적": "113.2",
        "지번": "355",
        "지역코드": "11140",
        "층": "11",
        "해제사유발생일": null,
        "해제여부": null
    },
    {
        "거래금액": "16,520",
        "건축년도": "2006",
        "년": "2006",
        "단지": "브라운스톤서울",
        "법정동": "중림동",
        "시군구": "중구",
        "월": "4",
        "일": "20",
        "전용면적": "62.82",
        "지번": "355",
        "지역코드": "11140",
        "층": "5",
        "해제사유발생일": null,
        "해제여부": null
    },
    {
        "거래금액": "16,520",
        "건축년도": "2006",
        "년": "2006",
        "단지": "브라운스톤서울",
        "법정동": "중림동",
        "시군구": "중구",
        "월": "4",
        "일": "20",
        "전용면적": "62.82",
        "지번": "355",
        "지역코드": "11140",
        "층": "5",
        "해제사유발생일": null,
        "해제여부": null
    },
    {
        "거래금액": "27,408",
        "건축년도": "2006",
        "년": "2006",
        "단지": "브라운스톤서울",
        "법정동": "중림동",
        "시군구": "중구",
        "월": "4",
        "일": "20",
        "전용면적": "62.82",
        "지번": "355",
        "지역코드": "11140",
        "층": "11",
        "해제사유발생일": null,
        "해제여부": null
    },
    {
        "거래금액": "38,330",
        "건축년도": "2006",
        "년": "2006",
        "단지": "브라운스톤서울",
        "법정동": "중림동",
        "시군구": "중구",
        "월": "4",
        "일": "21",
        "전용면적": "113.2",
        "지번": "355",
        "지역코드": "11140",
        "층": "18",
        "해제사유발생일": null,
        "해제여부": null
    },
    {
        "거래금액": "36,753",
        "건축년도": "2006",
        "년": "2006",
        "단지": "브라운스톤서울",
        "법정동": "중림동",
        "시군구": "중구",
        "월": "4",
        "일": "21",
        "전용면적": "107.96",
        "지번": "355",
        "지역코드": "11140",
        "층": "20",
        "해제사유발생일": null,
        "해제여부": null
    },
    {
        "거래금액": "37,358",
        "건축년도": "2006",
        "년": "2006",
        "단지": "브라운스톤서울",
        "법정동": "중림동",
        "시군구": "중구",
        "월": "4",
        "일": "21",
        "전용면적": "113.2",
        "지번": "355",
        "지역코드": "11140",
        "층": "15",
        "해제사유발생일": null,
        "해제여부": null
    },
    {
        "거래금액": "37,844",
        "건축년도": "2006",
        "년": "2006",
        "단지": "브라운스톤서울",
        "법정동": "중림동",
        "시군구": "중구",
        "월": "4",
        "일": "21",
        "전용면적": "113.2",
        "지번": "355",
        "지역코드": "11140",
        "층": "17",
        "해제사유발생일": null,
        "해제여부": null
    },
    {
        "거래금액": "16,836",
        "건축년도": "2006",
        "년": "2006",
        "단지": "브라운스톤서울",
        "법정동": "중림동",
        "시군구": "중구",
        "월": "4",
        "일": "21",
        "전용면적": "62.82",
        "지번": "355",
        "지역코드": "11140",
        "층": "6",
        "해제사유발생일": null,
        "해제여부": null
    },
    {
        "거래금액": "19,702",
        "건축년도": "2006",
        "년": "2006",
        "단지": "브라운스톤서울",
        "법정동": "중림동",
        "시군구": "중구",
        "월": "4",
        "일": "25",
        "전용면적": "68.04",
        "지번": "355",
        "지역코드": "11140",
        "층": "8",
        "해제사유발생일": null,
        "해제여부": null
    },
    {
        "거래금액": "22,697",
        "건축년도": "2006",
        "년": "2006",
        "단지": "브라운스톤서울",
        "법정동": "중림동",
        "시군구": "중구",
        "월": "4",
        "일": "28",
        "전용면적": "68.04",
        "지번": "355",
        "지역코드": "11140",
        "층": "24",
        "해제사유발생일": null,
        "해제여부": null
    },
    {
        "거래금액": "15,086",
        "건축년도": "2005",
        "년": "2006",
        "단지": "서울역 디오빌",
        "법정동": "만리동1가",
        "시군구": "중구",
        "월": "4",
        "일": "14",
        "전용면적": "56.17",
        "지번": "62-7",
        "지역코드": "11140",
        "층": "6",
        "해제사유발생일": null,
        "해제여부": null
    },
    {
        "거래금액": "17,684",
        "건축년도": "2003",
        "년": "2006",
        "단지": "광화문 플래티넘",
        "법정동": "적선동",
        "시군구": "종로구",
        "월": "4",
        "일": "3",
        "전용면적": "45.36",
        "지번": "156",
        "지역코드": "11110",
        "층": "7",
        "해제사유발생일": null,
        "해제여부": null
    },
    {
        "거래금액": "19,187",
        "건축년도": "2003",
        "년": "2006",
        "단지": "광화문 플래티넘",
        "법정동": "적선동",
        "시군구": "종로구",
        "월": "4",
        "일": "24",
        "전용면적": "51.24",
        "지번": "156",
        "지역코드": "11110",
        "층": "10",
        "해제사유발생일": null,
        "해제여부": null
    },
    {
        "거래금액": "15,677",
        "건축년도": "2004",
        "년": "2006",
        "단지": "경희궁의 아침 3단지",
        "법정동": "내수동",
        "시군구": "종로구",
        "월": "4",
        "일": "3",
        "전용면적": "37.5",
        "지번": "72",
        "지역코드": "11110",
        "층": "12",
        "해제사유발생일": null,
        "해제여부": null
    },
    {
        "거래금액": "17,800",
        "건축년도": "2004",
        "년": "2006",
        "단지": "광화문시대",
        "법정동": "내수동",
        "시군구": "종로구",
        "월": "4",
        "일": "4",
        "전용면적": "40.26",
        "지번": "74",
        "지역코드": "11110",
        "층": "2",
        "해제사유발생일": null,
        "해제여부": null
    },
    {
        "거래금액": "11,400",
        "건축년도": "2004",
        "년": "2006",
        "단지": "용비어천가",
        "법정동": "내수동",
        "시군구": "종로구",
        "월": "4",
        "일": "13",
        "전용면적": "30.42",
        "지번": "75",
        "지역코드": "11110",
        "층": "3",
        "해제사유발생일": null,
        "해제여부": null
    },
    {
        "거래금액": "16,000",
        "건축년도": "2004",
        "년": "2006",
        "단지": "용비어천가",
        "법정동": "내수동",
        "시군구": "종로구",
        "월": "4",
        "일": "14",
        "전용면적": "37.67",
        "지번": "75",
        "지역코드": "11110",
        "층": "7",
        "해제사유발생일": null,
        "해제여부": null
    },
    {
        "거래금액": "14,000",
        "건축년도": "2004",
        "년": "2006",
        "단지": "광화문시대",
        "법정동": "내수동",
        "시군구": "종로구",
        "월": "4",
        "일": "27",
        "전용면적": "34.9",
        "지번": "74",
        "지역코드": "11110",
        "층": "2",
        "해제사유발생일": null,
        "해제여부": null
    },
    {
        "거래금액": "14,700",
        "건축년도": "2004",
        "년": "2006",
        "단지": "광화문시대",
        "법정동": "내수동",
        "시군구": "종로구",
        "월": "4",
        "일": "28",
        "전용면적": "34.9",
        "지번": "74",
        "지역코드": "11110",
        "층": "6",
        "해제사유발생일": null,
        "해제여부": null
    },
    {
        "거래금액": "13,500",
        "건축년도": "2004",
        "년": "2006",
        "단지": "두산위브파빌리온",
        "법정동": "수송동",
        "시군구": "종로구",
        "월": "4",
        "일": "10",
        "전용면적": "35.22",
        "지번": "58",
        "지역코드": "11110",
        "층": "5",
        "해제사유발생일": null,
        "해제여부": null
    },
    {
        "거래금액": "30,300",
        "건축년도": "2004",
        "년": "2006",
        "단지": "두산위브파빌리온",
        "법정동": "수송동",
        "시군구": "종로구",
        "월": "4",
        "일": "20",
        "전용면적": "61.47",
        "지번": "58",
        "지역코드": "11110",
        "층": "12",
        "해제사유발생일": null,
        "해제여부": null
    },
    {
        "거래금액": "14,950",
        "건축년도": "2004",
        "년": "2006",
        "단지": "두산위브파빌리온",
        "법정동": "수송동",
        "시군구": "종로구",
        "월": "4",
        "일": "25",
        "전용면적": "35.22",
        "지번": "58",
        "지역코드": "11110",
        "층": "13",
        "해제사유발생일": null,
        "해제여부": null
    },
    {
        "거래금액": "5,000",
        "건축년도": "2004",
        "년": "2006",
        "단지": "BIZ-WELL 종로 오피스텔",
        "법정동": "익선동",
        "시군구": "종로구",
        "월": "4",
        "일": "7",
        "전용면적": "17.2",
        "지번": "34",
        "지역코드": "11110",
        "층": "4",
        "해제사유발생일": null,
        "해제여부": null
    },
    {
        "거래금액": "5,000",
        "건축년도": "2004",
        "년": "2006",
        "단지": "BIZ-WELL 종로 오피스텔",
        "법정동": "익선동",
        "시군구": "종로구",
        "월": "4",
        "일": "7",
        "전용면적": "17.2",
        "지번": "34",
        "지역코드": "11110",
        "층": "12",
        "해제사유발생일": null,
        "해제여부": null
    },
    {
        "거래금액": "20,974",
        "건축년도": "2005",
        "년": "2006",
        "단지": "운현궁 에스케이 허브",
        "법정동": "경운동",
        "시군구": "종로구",
        "월": "4",
        "일": "10",
        "전용면적": "41.12",
        "지번": "89-4",
        "지역코드": "11110",
        "층": "14",
        "해제사유발생일": null,
        "해제여부": null
    },
    {
        "거래금액": "15,449",
        "건축년도": "2005",
        "년": "2006",
        "단지": "운현궁 에스케이 허브",
        "법정동": "경운동",
        "시군구": "종로구",
        "월": "4",
        "일": "25",
        "전용면적": "31.77",
        "지번": "89-4",
        "지역코드": "11110",
        "층": "5",
        "해제사유발생일": null,
        "해제여부": null
    },
    {
        "거래금액": "10,200",
        "건축년도": "2005",
        "년": "2006",
        "단지": "종로1번가",
        "법정동": "관철동",
        "시군구": "종로구",
        "월": "4",
        "일": "27",
        "전용면적": "23.86",
        "지번": "155",
        "지역코드": "11110",
        "층": "14",
        "해제사유발생일": null,
        "해제여부": null
    },
    {
        "거래금액": "7,000",
        "건축년도": "1994",
        "년": "2006",
        "단지": "종로오피스텔",
        "법정동": "낙원동",
        "시군구": "종로구",
        "월": "4",
        "일": "14",
        "전용면적": "34.27",
        "지번": "58-1",
        "지역코드": "11110",
        "층": "6",
        "해제사유발생일": null,
        "해제여부": null
    },
    {
        "거래금액": "7,200",
        "건축년도": "1994",
        "년": "2006",
        "단지": "종로오피스텔",
        "법정동": "낙원동",
        "시군구": "종로구",
        "월": "4",
        "일": "17",
        "전용면적": "29.7",
        "지번": "58-1",
        "지역코드": "11110",
        "층": "12",
        "해제사유발생일": null,
        "해제여부": null
    },
    {
        "거래금액": "3,500",
        "건축년도": "1991",
        "년": "2006",
        "단지": "낙원오피스텔",
        "법정동": "돈의동",
        "시군구": "종로구",
        "월": "4",
        "일": "10",
        "전용면적": "40.96",
        "지번": "39-2",
        "지역코드": "11110",
        "층": "7",
        "해제사유발생일": null,
        "해제여부": null
    },
    {
        "거래금액": "11,000",
        "건축년도": "2004",
        "년": "2006",
        "단지": "롯데캐슬 천지인",
        "법정동": "숭인동",
        "시군구": "종로구",
        "월": "4",
        "일": "13",
        "전용면적": "39.6",
        "지번": "76",
        "지역코드": "11110",
        "층": "9",
        "해제사유발생일": null,
        "해제여부": null
    },
    {
        "거래금액": "10,500",
        "건축년도": "2004",
        "년": "2006",
        "단지": "롯데캐슬 천지인",
        "법정동": "숭인동",
        "시군구": "종로구",
        "월": "4",
        "일": "23",
        "전용면적": "39.6",
        "지번": "76",
        "지역코드": "11110",
        "층": "2",
        "해제사유발생일": null,
        "해제여부": null
    },
    {
        "거래금액": "13,000",
        "건축년도": "2004",
        "년": "2006",
        "단지": "롯데캐슬 천지인",
        "법정동": "숭인동",
        "시군구": "종로구",
        "월": "4",
        "일": "29",
        "전용면적": "39.6",
        "지번": "76",
        "지역코드": "11110",
        "층": "19",
        "해제사유발생일": null,
        "해제여부": null
    }
]