[
    {
        "거래금액": -1,
        "년": -1,
        "단지": -1,
        "법정동": -1,
        "시군구": -1,
        "월": -1,
        "일": -1,
        "전용면적": -1,
        "지번": -1,
        "지역코드": -1,
        "층": -1,
        "해제사유발생일": -1,
        "해제여부": -1
    },
    {
        "거래금액": -1,
        "년": -1,
        "단지": -1,
        "법정동": -1,
        "시군구": -1,
        "월": -1,
        "일": -1,
        "전용면적": -1,
        "지번": -1,
        "지역코드": -1,
        "층": -1,
        "해제사유발생일": -1,
        "해제여부": -1
    }
]