[
    {
        "건축년도": -1,
        "년": -1,
        "법정동": -1,
        "보증금액": -1,
        "아파트": -1,
        "월": -1,
        "월세금액": -1,
        "일": -1,
        "전용면적": -1,
        "지번": -1,
        "지역코드": -1,
        "층": -1
    },
    {
        "건축년도": -1,
        "년": -1,
        "법정동": -1,
        "보증금액": -1,
        "아파트": -1,
        "월": -1,
        "월세금액": -1,
        "일": -1,
        "전용면적": -1,
        "지번": -1,
        "지역코드": -1,
        "층": -1
    }
]