[
    {
        "거래금액": -1,
        "건축년도": -1,
        "년": -1,
        "대지권면적": -1,
        "법정동": -1,
        "연립다세대": -1,
        "월": -1,
        "일": -1,
        "전용면적": -1,
        "지번": -1,
        "지역코드": -1,
        "층": -1,
        "해제사유발생일": -1,
        "해제여부": -1
    },
    {
        "거래금액": -1,
        "건축년도": -1,
        "년": -1,
        "대지권면적": -1,
        "법정동": -1,
        "연립다세대": -1,
        "월": -1,
        "일": -1,
        "전용면적": -1,
        "지번": -1,
        "지역코드": -1,
        "층": -1,
        "해제사유발생일": -1,
        "해제여부": -1
    }
]