[
    {
        "건축년도": -1,
        "년": -1,
        "단지": -1,
        "법정동": -1,
        "보증금": -1,
        "시군구": -1,
        "월": -1,
        "월세": -1,
        "일": -1,
        "전용면적": -1,
        "지번": -1,
        "지역코드": -1,
        "층": -1
    },
    {
        "건축년도": -1,
        "년": -1,
        "단지": -1,
        "법정동": -1,
        "보증금": -1,
        "시군구": -1,
        "월": -1,
        "월세": -1,
        "일": -1,
        "전용면적": -1,
        "지번": -1,
        "지역코드": -1,
        "층": -1
    }
]