[
    {
        "거래금액": "17,500",
        "건축년도": "1976",
        "년": "2006",
        "법정동": "회현동1가",
        "아파트": "평화",
        "월": "2",
        "일": "20",
        "전용면적": "64.12",
        "지번": "97-2",
        "지역코드": "11140",
        "층": "1",
        "해제사유발생일": null,
        "해제여부": null
    },
    {
        "거래금액": "7,100",
        "건축년도": "1968",
        "년": "2006",
        "법정동": "인현동2가",
        "아파트": "신성상가",
        "월": "2",
        "일": "13",
        "전용면적": "42.31",
        "지번": "192-30",
        "지역코드": "11140",
        "층": "7",
        "해제사유발생일": null,
        "해제여부": null
    },
    {
        "거래금액": "39,058",
        "건축년도": "2006",
        "년": "2006",
        "법정동": "을지로5가",
        "아파트": "삼성파크빌(39-1)",
        "월": "2",
        "일": "25",
        "전용면적": "84.92",
        "지번": "39-1",
        "지역코드": "11140",
        "층": "11",
        "해제사유발생일": null,
        "해제여부": null
    },
    {
        "거래금액": "27,500",
        "건축년도": "2002",
        "년": "2006",
        "법정동": "신당동",
        "아파트": "남산타운",
        "월": "2",
        "일": "1",
        "전용면적": "59.94",
        "지번": "844",
        "지역코드": "11140",
        "층": "15",
        "해제사유발생일": null,
        "해제여부": null
    },
    {
        "거래금액": "22,000",
        "건축년도": "1993",
        "년": "2006",
        "법정동": "신당동",
        "아파트": "현대",
        "월": "2",
        "일": "1",
        "전용면적": "83.97",
        "지번": "840",
        "지역코드": "11140",
        "층": "2",
        "해제사유발생일": null,
        "해제여부": null
    },
    {
        "거래금액": "66,704",
        "건축년도": "2005",
        "년": "2006",
        "법정동": "신당동",
        "아파트": "남산정은스카이",
        "월": "2",
        "일": "2",
        "전용면적": "143.049",
        "지번": "366-126",
        "지역코드": "11140",
        "층": "10",
        "해제사유발생일": null,
        "해제여부": null
    },
    {
        "거래금액": "11,500",
        "건축년도": "2001",
        "년": "2006",
        "법정동": "신당동",
        "아파트": "도현블랑빌",
        "월": "2",
        "일": "2",
        "전용면적": "49.14",
        "지번": "432-2164",
        "지역코드": "11140",
        "층": "4",
        "해제사유발생일": null,
        "해제여부": null
    },
    {
        "거래금액": "72,800",
        "건축년도": "2002",
        "년": "2006",
        "법정동": "신당동",
        "아파트": "남산타운",
        "월": "2",
        "일": "4",
        "전용면적": "114.88",
        "지번": "844",
        "지역코드": "11140",
        "층": "12",
        "해제사유발생일": null,
        "해제여부": null
    },
    {
        "거래금액": "25,000",
        "건축년도": "2004",
        "년": "2006",
        "법정동": "신당동",
        "아파트": "태원팰리스",
        "월": "2",
        "일": "4",
        "전용면적": "77.19",
        "지번": "413-4",
        "지역코드": "11140",
        "층": "3",
        "해제사유발생일": null,
        "해제여부": null
    },
    {
        "거래금액": "46,000",
        "건축년도": "2002",
        "년": "2006",
        "법정동": "신당동",
        "아파트": "남산타운",
        "월": "2",
        "일": "4",
        "전용면적": "84.88",
        "지번": "844",
        "지역코드": "11140",
        "층": "14",
        "해제사유발생일": null,
        "해제여부": null
    },
    {
        "거래금액": "32,000",
        "건축년도": "1999",
        "년": "2006",
        "법정동": "신당동",
        "아파트": "약수하이츠",
        "월": "2",
        "일": "4",
        "전용면적": "84.88",
        "지번": "842",
        "지역코드": "11140",
        "층": "1",
        "해제사유발생일": null,
        "해제여부": null
    },
    {
        "거래금액": "38,500",
        "건축년도": "1999",
        "년": "2006",
        "법정동": "신당동",
        "아파트": "삼성",
        "월": "2",
        "일": "6",
        "전용면적": "84.96",
        "지번": "843",
        "지역코드": "11140",
        "층": "14",
        "해제사유발생일": null,
        "해제여부": null
    },
    {
        "거래금액": "26,700",
        "건축년도": "2002",
        "년": "2006",
        "법정동": "신당동",
        "아파트": "남산타운",
        "월": "2",
        "일": "6",
        "전용면적": "59.94",
        "지번": "844",
        "지역코드": "11140",
        "층": "4",
        "해제사유발생일": null,
        "해제여부": null
    },
    {
        "거래금액": "20,000",
        "건축년도": "1993",
        "년": "2006",
        "법정동": "신당동",
        "아파트": "현대",
        "월": "2",
        "일": "6",
        "전용면적": "66.6",
        "지번": "840",
        "지역코드": "11140",
        "층": "4",
        "해제사유발생일": null,
        "해제여부": null
    },
    {
        "거래금액": "47,900",
        "건축년도": "1999",
        "년": "2006",
        "법정동": "신당동",
        "아파트": "삼성",
        "월": "2",
        "일": "7",
        "전용면적": "114.91",
        "지번": "843",
        "지역코드": "11140",
        "층": "16",
        "해제사유발생일": null,
        "해제여부": null
    },
    {
        "거래금액": "44,150",
        "건축년도": "2002",
        "년": "2006",
        "법정동": "신당동",
        "아파트": "남산타운",
        "월": "2",
        "일": "7",
        "전용면적": "84.88",
        "지번": "844",
        "지역코드": "11140",
        "층": "3",
        "해제사유발생일": null,
        "해제여부": null
    },
    {
        "거래금액": "24,000",
        "건축년도": "1993",
        "년": "2006",
        "법정동": "신당동",
        "아파트": "현대",
        "월": "2",
        "일": "7",
        "전용면적": "83.97",
        "지번": "840",
        "지역코드": "11140",
        "층": "5",
        "해제사유발생일": null,
        "해제여부": null
    },
    {
        "거래금액": "36,000",
        "건축년도": "1999",
        "년": "2006",
        "법정동": "신당동",
        "아파트": "삼성",
        "월": "2",
        "일": "8",
        "전용면적": "84.96",
        "지번": "843",
        "지역코드": "11140",
        "층": "21",
        "해제사유발생일": null,
        "해제여부": null
    },
    {
        "거래금액": "20,800",
        "건축년도": "1993",
        "년": "2006",
        "법정동": "신당동",
        "아파트": "현대",
        "월": "2",
        "일": "8",
        "전용면적": "66.6",
        "지번": "840",
        "지역코드": "11140",
        "층": "4",
        "해제사유발생일": null,
        "해제여부": null
    },
    {
        "거래금액": "36,900",
        "건축년도": "1999",
        "년": "2006",
        "법정동": "신당동",
        "아파트": "삼성",
        "월": "2",
        "일": "8",
        "전용면적": "84.96",
        "지번": "843",
        "지역코드": "11140",
        "층": "8",
        "해제사유발생일": null,
        "해제여부": null
    },
    {
        "거래금액": "62,200",
        "건축년도": "2005",
        "년": "2006",
        "법정동": "신당동",
        "아파트": "신당푸르지오",
        "월": "2",
        "일": "10",
        "전용면적": "145.1",
        "지번": "850",
        "지역코드": "11140",
        "층": "2",
        "해제사유발생일": null,
        "해제여부": null
    },
    {
        "거래금액": "27,600",
        "건축년도": "1999",
        "년": "2006",
        "법정동": "신당동",
        "아파트": "약수하이츠",
        "월": "2",
        "일": "11",
        "전용면적": "57.63",
        "지번": "842",
        "지역코드": "11140",
        "층": "9",
        "해제사유발생일": null,
        "해제여부": null
    },
    {
        "거래금액": "55,800",
        "건축년도": "2002",
        "년": "2006",
        "법정동": "신당동",
        "아파트": "남산타운",
        "월": "2",
        "일": "12",
        "전용면적": "84.88",
        "지번": "844",
        "지역코드": "11140",
        "층": "11",
        "해제사유발생일": null,
        "해제여부": null
    },
    {
        "거래금액": "42,800",
        "건축년도": "1993",
        "년": "2006",
        "법정동": "신당동",
        "아파트": "현대",
        "월": "2",
        "일": "12",
        "전용면적": "121.14",
        "지번": "840",
        "지역코드": "11140",
        "층": "9",
        "해제사유발생일": null,
        "해제여부": null
    },
    {
        "거래금액": "11,700",
        "건축년도": "1968",
        "년": "2006",
        "법정동": "신당동",
        "아파트": "약수(372-13)",
        "월": "2",
        "일": "13",
        "전용면적": "52.69",
        "지번": "372-13",
        "지역코드": "11140",
        "층": "5",
        "해제사유발생일": null,
        "해제여부": null
    },
    {
        "거래금액": "39,700",
        "건축년도": "1999",
        "년": "2006",
        "법정동": "신당동",
        "아파트": "삼성",
        "월": "2",
        "일": "13",
        "전용면적": "84.96",
        "지번": "843",
        "지역코드": "11140",
        "층": "10",
        "해제사유발생일": null,
        "해제여부": null
    },
    {
        "거래금액": "24,500",
        "건축년도": "2004",
        "년": "2006",
        "법정동": "신당동",
        "아파트": "태원팰리스",
        "월": "2",
        "일": "14",
        "전용면적": "77.19",
        "지번": "413-4",
        "지역코드": "11140",
        "층": "1",
        "해제사유발생일": null,
        "해제여부": null
    },
    {
        "거래금액": "43,000",
        "건축년도": "2002",
        "년": "2006",
        "법정동": "신당동",
        "아파트": "남산타운",
        "월": "2",
        "일": "14",
        "전용면적": "84.88",
        "지번": "844",
        "지역코드": "11140",
        "층": "3",
        "해제사유발생일": null,
        "해제여부": null
    },
    {
        "거래금액": "22,400",
        "건축년도": "2004",
        "년": "2006",
        "법정동": "신당동",
        "아파트": "기린",
        "월": "2",
        "일": "14",
        "전용면적": "80.73",
        "지번": "333-26",
        "지역코드": "11140",
        "층": "2",
        "해제사유발생일": null,
        "해제여부": null
    },
    {
        "거래금액": "37,000",
        "건축년도": "2005",
        "년": "2006",
        "법정동": "신당동",
        "아파트": "신당푸르지오",
        "월": "2",
        "일": "15",
        "전용면적": "84.39",
        "지번": "850",
        "지역코드": "11140",
        "층": "13",
        "해제사유발생일": null,
        "해제여부": null
    },
    {
        "거래금액": "60,700",
        "건축년도": "1999",
        "년": "2006",
        "법정동": "신당동",
        "아파트": "약수하이츠",
        "월": "2",
        "일": "15",
        "전용면적": "114.92",
        "지번": "842",
        "지역코드": "11140",
        "층": "11",
        "해제사유발생일": null,
        "해제여부": null
    },
    {
        "거래금액": "17,500",
        "건축년도": "2004",
        "년": "2006",
        "법정동": "신당동",
        "아파트": "삼성홈타운",
        "월": "2",
        "일": "15",
        "전용면적": "52.59",
        "지번": "849",
        "지역코드": "11140",
        "층": "1",
        "해제사유발생일": null,
        "해제여부": null
    },
    {
        "거래금액": "67,000",
        "건축년도": "2002",
        "년": "2006",
        "법정동": "신당동",
        "아파트": "남산타운",
        "월": "2",
        "일": "15",
        "전용면적": "114.88",
        "지번": "844",
        "지역코드": "11140",
        "층": "15",
        "해제사유발생일": null,
        "해제여부": null
    },
    {
        "거래금액": "28,500",
        "건축년도": "2004",
        "년": "2006",
        "법정동": "신당동",
        "아파트": "삼성홈타운",
        "월": "2",
        "일": "16",
        "전용면적": "83.94",
        "지번": "849",
        "지역코드": "11140",
        "층": "5",
        "해제사유발생일": null,
        "해제여부": null
    },
    {
        "거래금액": "51,000",
        "건축년도": "2002",
        "년": "2006",
        "법정동": "신당동",
        "아파트": "남산타운",
        "월": "2",
        "일": "17",
        "전용면적": "114.88",
        "지번": "844",
        "지역코드": "11140",
        "층": "1",
        "해제사유발생일": null,
        "해제여부": null
    },
    {
        "거래금액": "59,800",
        "건축년도": "1999",
        "년": "2006",
        "법정동": "신당동",
        "아파트": "약수하이츠",
        "월": "2",
        "일": "17",
        "전용면적": "114.92",
        "지번": "842",
        "지역코드": "11140",
        "층": "15",
        "해제사유발생일": null,
        "해제여부": null
    },
    {
        "거래금액": "27,750",
        "건축년도": "2000",
        "년": "2006",
        "법정동": "신당동",
        "아파트": "신당동파라다이스",
        "월": "2",
        "일": "17",
        "전용면적": "84.85",
        "지번": "846",
        "지역코드": "11140",
        "층": "8",
        "해제사유발생일": null,
        "해제여부": null
    },
    {
        "거래금액": "22,000",
        "건축년도": "1993",
        "년": "2006",
        "법정동": "신당동",
        "아파트": "현대",
        "월": "2",
        "일": "18",
        "전용면적": "83.97",
        "지번": "840",
        "지역코드": "11140",
        "층": "1",
        "해제사유발생일": null,
        "해제여부": null
    },
    {
        "거래금액": "31,700",
        "건축년도": "2005",
        "년": "2006",
        "법정동": "신당동",
        "아파트": "신당푸르지오",
        "월": "2",
        "일": "19",
        "전용면적": "59.85",
        "지번": "850",
        "지역코드": "11140",
        "층": "8",
        "해제사유발생일": null,
        "해제여부": null
    },
    {
        "거래금액": "26,000",
        "건축년도": "1993",
        "년": "2006",
        "법정동": "신당동",
        "아파트": "현대",
        "월": "2",
        "일": "19",
        "전용면적": "83.97",
        "지번": "840",
        "지역코드": "11140",
        "층": "6",
        "해제사유발생일": null,
        "해제여부": null
    },
    {
        "거래금액": "27,500",
        "건축년도": "2002",
        "년": "2006",
        "법정동": "신당동",
        "아파트": "남산타운",
        "월": "2",
        "일": "20",
        "전용면적": "59.94",
        "지번": "844",
        "지역코드": "11140",
        "층": "14",
        "해제사유발생일": null,
        "해제여부": null
    },
    {
        "거래금액": "38,500",
        "건축년도": "1999",
        "년": "2006",
        "법정동": "신당동",
        "아파트": "삼성",
        "월": "2",
        "일": "21",
        "전용면적": "84.96",
        "지번": "843",
        "지역코드": "11140",
        "층": "11",
        "해제사유발생일": null,
        "해제여부": null
    },
    {
        "거래금액": "25,000",
        "건축년도": "1999",
        "년": "2006",
        "법정동": "신당동",
        "아파트": "삼성",
        "월": "2",
        "일": "22",
        "전용면적": "59.97",
        "지번": "843",
        "지역코드": "11140",
        "층": "22",
        "해제사유발생일": null,
        "해제여부": null
    },
    {
        "거래금액": "40,000",
        "건축년도": "1999",
        "년": "2006",
        "법정동": "신당동",
        "아파트": "약수하이츠",
        "월": "2",
        "일": "22",
        "전용면적": "84.88",
        "지번": "842",
        "지역코드": "11140",
        "층": "16",
        "해제사유발생일": null,
        "해제여부": null
    },
    {
        "거래금액": "25,500",
        "건축년도": "1993",
        "년": "2006",
        "법정동": "신당동",
        "아파트": "현대",
        "월": "2",
        "일": "23",
        "전용면적": "79.11",
        "지번": "840",
        "지역코드": "11140",
        "층": "4",
        "해제사유발생일": null,
        "해제여부": null
    },
    {
        "거래금액": "28,500",
        "건축년도": "1999",
        "년": "2006",
        "법정동": "신당동",
        "아파트": "약수하이츠",
        "월": "2",
        "일": "23",
        "전용면적": "65.37",
        "지번": "842",
        "지역코드": "11140",
        "층": "6",
        "해제사유발생일": null,
        "해제여부": null
    },
    {
        "거래금액": "57,500",
        "건축년도": "2002",
        "년": "2006",
        "법정동": "신당동",
        "아파트": "남산타운",
        "월": "2",
        "일": "23",
        "전용면적": "114.88",
        "지번": "844",
        "지역코드": "11140",
        "층": "7",
        "해제사유발생일": null,
        "해제여부": null
    },
    {
        "거래금액": "25,600",
        "건축년도": "2002",
        "년": "2006",
        "법정동": "신당동",
        "아파트": "남산타운",
        "월": "2",
        "일": "23",
        "전용면적": "59.94",
        "지번": "844",
        "지역코드": "11140",
        "층": "5",
        "해제사유발생일": null,
        "해제여부": null
    },
    {
        "거래금액": "39,000",
        "건축년도": "1999",
        "년": "2006",
        "법정동": "신당동",
        "아파트": "삼성",
        "월": "2",
        "일": "23",
        "전용면적": "84.96",
        "지번": "843",
        "지역코드": "11140",
        "층": "15",
        "해제사유발생일": null,
        "해제여부": null
    },
    {
        "거래금액": "54,500",
        "건축년도": "1999",
        "년": "2006",
        "법정동": "신당동",
        "아파트": "약수하이츠",
        "월": "2",
        "일": "24",
        "전용면적": "114.92",
        "지번": "842",
        "지역코드": "11140",
        "층": "6",
        "해제사유발생일": null,
        "해제여부": null
    },
    {
        "거래금액": "56,250",
        "건축년도": "1999",
        "년": "2006",
        "법정동": "신당동",
        "아파트": "약수하이츠",
        "월": "2",
        "일": "27",
        "전용면적": "114.92",
        "지번": "842",
        "지역코드": "11140",
        "층": "10",
        "해제사유발생일": null,
        "해제여부": null
    },
    {
        "거래금액": "31,000",
        "건축년도": "2005",
        "년": "2006",
        "법정동": "신당동",
        "아파트": "신당푸르지오",
        "월": "2",
        "일": "28",
        "전용면적": "84.76",
        "지번": "850",
        "지역코드": "11140",
        "층": "1",
        "해제사유발생일": null,
        "해제여부": null
    },
    {
        "거래금액": "26,000",
        "건축년도": "1999",
        "년": "2006",
        "법정동": "신당동",
        "아파트": "삼성",
        "월": "2",
        "일": "28",
        "전용면적": "59.97",
        "지번": "843",
        "지역코드": "11140",
        "층": "8",
        "해제사유발생일": null,
        "해제여부": null
    },
    {
        "거래금액": "72,700",
        "건축년도": "2002",
        "년": "2006",
        "법정동": "신당동",
        "아파트": "남산타운",
        "월": "2",
        "일": "28",
        "전용면적": "114.88",
        "지번": "844",
        "지역코드": "11140",
        "층": "18",
        "해제사유발생일": null,
        "해제여부": null
    },
    {
        "거래금액": "62,800",
        "건축년도": "2005",
        "년": "2006",
        "법정동": "신당동",
        "아파트": "신당푸르지오",
        "월": "2",
        "일": "28",
        "전용면적": "145.1",
        "지번": "850",
        "지역코드": "11140",
        "층": "3",
        "해제사유발생일": null,
        "해제여부": null
    },
    {
        "거래금액": "43,000",
        "건축년도": "2001",
        "년": "2006",
        "법정동": "중림동",
        "아파트": "삼성사이버빌리지",
        "월": "2",
        "일": "25",
        "전용면적": "84.95",
        "지번": "200",
        "지역코드": "11140",
        "층": "6",
        "해제사유발생일": null,
        "해제여부": null
    },
    {
        "거래금액": "60,000",
        "건축년도": "2001",
        "년": "2006",
        "법정동": "중림동",
        "아파트": "삼성사이버빌리지",
        "월": "2",
        "일": "28",
        "전용면적": "114.77",
        "지번": "200",
        "지역코드": "11140",
        "층": "2",
        "해제사유발생일": null,
        "해제여부": null
    },
    {
        "거래금액": "22,555",
        "건축년도": "2005",
        "년": "2006",
        "법정동": "수송동",
        "아파트": "로얄팰리스스위트",
        "월": "2",
        "일": "6",
        "전용면적": "40.07",
        "지번": "85",
        "지역코드": "11110",
        "층": "7",
        "해제사유발생일": null,
        "해제여부": null
    },
    {
        "거래금액": "24,813",
        "건축년도": "1998",
        "년": "2006",
        "법정동": "익선동",
        "아파트": "운현신화타워",
        "월": "2",
        "일": "2",
        "전용면적": "90.13",
        "지번": "30-6",
        "지역코드": "11110",
        "층": "8",
        "해제사유발생일": null,
        "해제여부": null
    },
    {
        "거래금액": "24,813",
        "건축년도": "1998",
        "년": "2006",
        "법정동": "익선동",
        "아파트": "운현신화타워",
        "월": "2",
        "일": "10",
        "전용면적": "90.13",
        "지번": "30-6",
        "지역코드": "11110",
        "층": "8",
        "해제사유발생일": null,
        "해제여부": null
    },
    {
        "거래금액": "30,000",
        "건축년도": "1968",
        "년": "2006",
        "법정동": "낙원동",
        "아파트": "낙원",
        "월": "2",
        "일": "17",
        "전용면적": "108.89",
        "지번": "288",
        "지역코드": "11110",
        "층": "9",
        "해제사유발생일": null,
        "해제여부": null
    },
    {
        "거래금액": "22,000",
        "건축년도": "2004",
        "년": "2006",
        "법정동": "이화동",
        "아파트": "송림아마레스아파트",
        "월": "2",
        "일": "5",
        "전용면적": "84.42",
        "지번": "9-1",
        "지역코드": "11110",
        "층": "6",
        "해제사유발생일": null,
        "해제여부": null
    },
    {
        "거래금액": "38,000",
        "건축년도": "1999",
        "년": "2006",
        "법정동": "명륜2가",
        "아파트": "아남3",
        "월": "2",
        "일": "8",
        "전용면적": "88.74",
        "지번": "237",
        "지역코드": "11110",
        "층": "8",
        "해제사유발생일": null,
        "해제여부": null
    },
    {
        "거래금액": "31,000",
        "건축년도": "1999",
        "년": "2006",
        "법정동": "명륜2가",
        "아파트": "아남3",
        "월": "2",
        "일": "8",
        "전용면적": "65.78",
        "지번": "237",
        "지역코드": "11110",
        "층": "6",
        "해제사유발생일": null,
        "해제여부": null
    },
    {
        "거래금액": "44,000",
        "건축년도": "1995",
        "년": "2006",
        "법정동": "명륜2가",
        "아파트": "아남1",
        "월": "2",
        "일": "14",
        "전용면적": "84.9",
        "지번": "4",
        "지역코드": "11110",
        "층": "16",
        "해제사유발생일": null,
        "해제여부": null
    },
    {
        "거래금액": "23,500",
        "건축년도": "1999",
        "년": "2006",
        "법정동": "명륜2가",
        "아파트": "아남3",
        "월": "2",
        "일": "15",
        "전용면적": "47.43",
        "지번": "237",
        "지역코드": "11110",
        "층": "7",
        "해제사유발생일": null,
        "해제여부": null
    },
    {
        "거래금액": "24,100",
        "건축년도": "1996",
        "년": "2006",
        "법정동": "명륜2가",
        "아파트": "아남2",
        "월": "2",
        "일": "15",
        "전용면적": "59.4",
        "지번": "236",
        "지역코드": "11110",
        "층": "1",
        "해제사유발생일": null,
        "해제여부": null
    },
    {
        "거래금액": "41,000",
        "건축년도": "1995",
        "년": "2006",
        "법정동": "명륜2가",
        "아파트": "아남1",
        "월": "2",
        "일": "16",
        "전용면적": "84.9",
        "지번": "4",
        "지역코드": "11110",
        "층": "11",
        "해제사유발생일": null,
        "해제여부": null
    },
    {
        "거래금액": "40,000",
        "건축년도": "1995",
        "년": "2006",
        "법정동": "명륜2가",
        "아파트": "아남1",
        "월": "2",
        "일": "24",
        "전용면적": "84.8",
        "지번": "4",
        "지역코드": "11110",
        "층": "4",
        "해제사유발생일": null,
        "해제여부": null
    },
    {
        "거래금액": "23,500",
        "건축년도": "1992",
        "년": "2006",
        "법정동": "창신동",
        "아파트": "창신쌍용1",
        "월": "2",
        "일": "1",
        "전용면적": "79.87",
        "지번": "702",
        "지역코드": "11110",
        "층": "13",
        "해제사유발생일": null,
        "해제여부": null
    },
    {
        "거래금액": "20,500",
        "건축년도": "1999",
        "년": "2006",
        "법정동": "창신동",
        "아파트": "두산",
        "월": "2",
        "일": "2",
        "전용면적": "59.95",
        "지번": "232",
        "지역코드": "11110",
        "층": "2",
        "해제사유발생일": null,
        "해제여부": null
    },
    {
        "거래금액": "13,700",
        "건축년도": "1968",
        "년": "2006",
        "법정동": "창신동",
        "아파트": "동대문",
        "월": "2",
        "일": "9",
        "전용면적": "28.8",
        "지번": "328-17",
        "지역코드": "11110",
        "층": "4",
        "해제사유발생일": null,
        "해제여부": null
    },
    {
        "거래금액": "16,250",
        "건축년도": "1992",
        "년": "2006",
        "법정동": "창신동",
        "아파트": "창신쌍용1",
        "월": "2",
        "일": "12",
        "전용면적": "54.7",
        "지번": "702",
        "지역코드": "11110",
        "층": "5",
        "해제사유발생일": null,
        "해제여부": null
    },
    {
        "거래금액": "36,000",
        "건축년도": "1999",
        "년": "2006",
        "법정동": "창신동",
        "아파트": "두산",
        "월": "2",
        "일": "14",
        "전용면적": "84.9",
        "지번": "232",
        "지역코드": "11110",
        "층": "9",
        "해제사유발생일": null,
        "해제여부": null
    },
    {
        "거래금액": "21,000",
        "건축년도": "1992",
        "년": "2006",
        "법정동": "창신동",
        "아파트": "창신쌍용1",
        "월": "2",
        "일": "14",
        "전용면적": "79.87",
        "지번": "702",
        "지역코드": "11110",
        "층": "2",
        "해제사유발생일": null,
        "해제여부": null
    },
    {
        "거래금액": "24,500",
        "건축년도": "1992",
        "년": "2006",
        "법정동": "창신동",
        "아파트": "창신쌍용1",
        "월": "2",
        "일": "20",
        "전용면적": "79.87",
        "지번": "702",
        "지역코드": "11110",
        "층": "3",
        "해제사유발생일": null,
        "해제여부": null
    },
    {
        "거래금액": "22,950",
        "건축년도": "1992",
        "년": "2006",
        "법정동": "창신동",
        "아파트": "창신쌍용1",
        "월": "2",
        "일": "24",
        "전용면적": "79.87",
        "지번": "702",
        "지역코드": "11110",
        "층": "11",
        "해제사유발생일": null,
        "해제여부": null
    },
    {
        "거래금액": "31,000",
        "건축년도": "2003",
        "년": "2006",
        "법정동": "창신동",
        "아파트": "창신이수",
        "월": "2",
        "일": "24",
        "전용면적": "84.5",
        "지번": "23-816",
        "지역코드": "11110",
        "층": "19",
        "해제사유발생일": null,
        "해제여부": null
    },
    {
        "거래금액": "23,800",
        "건축년도": "1999",
        "년": "2006",
        "법정동": "창신동",
        "아파트": "두산",
        "월": "2",
        "일": "27",
        "전용면적": "59.95",
        "지번": "232",
        "지역코드": "11110",
        "층": "6",
        "해제사유발생일": null,
        "해제여부": null
    },
    {
        "거래금액": "16,000",
        "건축년도": "1993",
        "년": "2006",
        "법정동": "창신동",
        "아파트": "창신쌍용2",
        "월": "2",
        "일": "27",
        "전용면적": "64.66",
        "지번": "703",
        "지역코드": "11110",
        "층": "9",
        "해제사유발생일": null,
        "해제여부": null
    },
    {
        "거래금액": "22,450",
        "건축년도": "1999",
        "년": "2006",
        "법정동": "창신동",
        "아파트": "두산",
        "월": "2",
        "일": "27",
        "전용면적": "59.95",
        "지번": "232",
        "지역코드": "11110",
        "층": "6",
        "해제사유발생일": null,
        "해제여부": null
    },
    {
        "거래금액": "31,700",
        "건축년도": "1992",
        "년": "2006",
        "법정동": "창신동",
        "아파트": "창신쌍용1",
        "월": "2",
        "일": "27",
        "전용면적": "106.62",
        "지번": "702",
        "지역코드": "11110",
        "층": "9",
        "해제사유발생일": null,
        "해제여부": null
    },
    {
        "거래금액": "2,300",
        "건축년도": "1971",
        "년": "2006",
        "법정동": "행촌동",
        "아파트": "대성아파트",
        "월": "2",
        "일": "27",
        "전용면적": "19.27",
        "지번": "41-1",
        "지역코드": "11110",
        "층": "1",
        "해제사유발생일": null,
        "해제여부": null
    },
    {
        "거래금액": "93,000",
        "건축년도": "2004",
        "년": "2006",
        "법정동": "평창동",
        "아파트": "벽산블루밍평창힐스",
        "월": "2",
        "일": "2",
        "전용면적": "186.9",
        "지번": "45",
        "지역코드": "11110",
        "층": "4",
        "해제사유발생일": null,
        "해제여부": null
    },
    {
        "거래금액": "30,000",
        "건축년도": "2005",
        "년": "2006",
        "법정동": "평창동",
        "아파트": "형우럭스빌(33-1)",
        "월": "2",
        "일": "14",
        "전용면적": "92.87",
        "지번": "33-1",
        "지역코드": "11110",
        "층": "3",
        "해제사유발생일": null,
        "해제여부": null
    },
    {
        "거래금액": "24,300",
        "건축년도": "1998",
        "년": "2006",
        "법정동": "평창동",
        "아파트": "삼성",
        "월": "2",
        "일": "17",
        "전용면적": "84.93",
        "지번": "596",
        "지역코드": "11110",
        "층": "9",
        "해제사유발생일": null,
        "해제여부": null
    },
    {
        "거래금액": "21,000",
        "건축년도": "1996",
        "년": "2006",
        "법정동": "평창동",
        "아파트": "일성빌라트",
        "월": "2",
        "일": "19",
        "전용면적": "59.82",
        "지번": "145-5",
        "지역코드": "11110",
        "층": "2",
        "해제사유발생일": null,
        "해제여부": null
    },
    {
        "거래금액": "74,500",
        "건축년도": "2001",
        "년": "2006",
        "법정동": "평창동",
        "아파트": "롯데낙천대",
        "월": "2",
        "일": "24",
        "전용면적": "133.34",
        "지번": "72",
        "지역코드": "11110",
        "층": "4",
        "해제사유발생일": null,
        "해제여부": null
    },
    {
        "거래금액": "58,900",
        "건축년도": "2004",
        "년": "2006",
        "법정동": "평창동",
        "아파트": "벽산블루밍평창힐스",
        "월": "2",
        "일": "27",
        "전용면적": "209.98",
        "지번": "45",
        "지역코드": "11110",
        "층": "1",
        "해제사유발생일": null,
        "해제여부": null
    },
    {
        "거래금액": "15,200",
        "건축년도": "1998",
        "년": "2006",
        "법정동": "신영동",
        "아파트": "대아파크빌",
        "월": "2",
        "일": "14",
        "전용면적": "59.22",
        "지번": "254",
        "지역코드": "11110",
        "층": "5",
        "해제사유발생일": null,
        "해제여부": null
    },
    {
        "거래금액": "35,500",
        "건축년도": "2000",
        "년": "2006",
        "법정동": "무악동",
        "아파트": "현대",
        "월": "2",
        "일": "10",
        "전용면적": "84.92",
        "지번": "82",
        "지역코드": "11110",
        "층": "5",
        "해제사유발생일": null,
        "해제여부": null
    },
    {
        "거래금액": "24,000",
        "건축년도": "2000",
        "년": "2006",
        "법정동": "무악동",
        "아파트": "현대",
        "월": "2",
        "일": "14",
        "전용면적": "60",
        "지번": "82",
        "지역코드": "11110",
        "층": "1",
        "해제사유발생일": null,
        "해제여부": null
    },
    {
        "거래금액": "27,500",
        "건축년도": "2000",
        "년": "2006",
        "법정동": "무악동",
        "아파트": "현대",
        "월": "2",
        "일": "16",
        "전용면적": "60",
        "지번": "82",
        "지역코드": "11110",
        "층": "14",
        "해제사유발생일": null,
        "해제여부": null
    },
    {
        "거래금액": "46,000",
        "건축년도": "2000",
        "년": "2006",
        "법정동": "무악동",
        "아파트": "현대",
        "월": "2",
        "일": "20",
        "전용면적": "114.9",
        "지번": "82",
        "지역코드": "11110",
        "층": "4",
        "해제사유발생일": null,
        "해제여부": null
    },
    {
        "거래금액": "57,500",
        "건축년도": "2000",
        "년": "2006",
        "법정동": "무악동",
        "아파트": "현대",
        "월": "2",
        "일": "22",
        "전용면적": "114.9",
        "지번": "82",
        "지역코드": "11110",
        "층": "12",
        "해제사유발생일": null,
        "해제여부": null
    }
]