[
    {
        "거래금액": "16,000",
        "건축년도": "1996",
        "년": "2006",
        "대지권면적": "44.82",
        "법정동": "장충동1가",
        "연립다세대": "각산",
        "월": "2",
        "일": "28",
        "전용면적": "69.18",
        "지번": "50-30",
        "지역코드": "11140",
        "층": "2",
        "해제사유발생일": null,
        "해제여부": null
    },
    {
        "거래금액": "15,500",
        "건축년도": "1997",
        "년": "2006",
        "대지권면적": "21.56",
        "법정동": "신당동",
        "연립다세대": "경원빌리지",
        "월": "2",
        "일": "7",
        "전용면적": "82.6",
        "지번": "62-42",
        "지역코드": "11140",
        "층": "1",
        "해제사유발생일": null,
        "해제여부": null
    },
    {
        "거래금액": "3,000",
        "건축년도": "1997",
        "년": "2006",
        "대지권면적": "11.22",
        "법정동": "신당동",
        "연립다세대": "(432-1941)",
        "월": "2",
        "일": "23",
        "전용면적": "27.93",
        "지번": "432-1941",
        "지역코드": "11140",
        "층": "-1",
        "해제사유발생일": null,
        "해제여부": null
    },
    {
        "거래금액": "3,500",
        "건축년도": "1997",
        "년": "2006",
        "대지권면적": "10.42",
        "법정동": "신당동",
        "연립다세대": "(432-1941)",
        "월": "2",
        "일": "23",
        "전용면적": "25.38",
        "지번": "432-1941",
        "지역코드": "11140",
        "층": "-1",
        "해제사유발생일": null,
        "해제여부": null
    },
    {
        "거래금액": "13,800",
        "건축년도": "1993",
        "년": "2006",
        "대지권면적": "30.05",
        "법정동": "신당동",
        "연립다세대": "삼성아트빌라",
        "월": "2",
        "일": "24",
        "전용면적": "55.11",
        "지번": "156-5",
        "지역코드": "11140",
        "층": "3",
        "해제사유발생일": null,
        "해제여부": null
    },
    {
        "거래금액": "16,000",
        "건축년도": "1995",
        "년": "2006",
        "대지권면적": "51.04",
        "법정동": "신당동",
        "연립다세대": "(366-41)",
        "월": "2",
        "일": "25",
        "전용면적": "86.47",
        "지번": "366-41",
        "지역코드": "11140",
        "층": "3",
        "해제사유발생일": null,
        "해제여부": null
    },
    {
        "거래금액": "8,000",
        "건축년도": "2005",
        "년": "2006",
        "대지권면적": "33.25",
        "법정동": "신당동",
        "연립다세대": "(432-429)",
        "월": "2",
        "일": "28",
        "전용면적": "64.77",
        "지번": "432-429",
        "지역코드": "11140",
        "층": "-1",
        "해제사유발생일": null,
        "해제여부": null
    },
    {
        "거래금액": "65,000",
        "건축년도": "1988",
        "년": "2006",
        "대지권면적": "136.17",
        "법정동": "청운동",
        "연립다세대": "청운벽산빌리지",
        "월": "2",
        "일": "7",
        "전용면적": "140.51",
        "지번": "1",
        "지역코드": "11110",
        "층": "2",
        "해제사유발생일": null,
        "해제여부": null
    },
    {
        "거래금액": "38,500",
        "건축년도": "1988",
        "년": "2006",
        "대지권면적": "80.33",
        "법정동": "청운동",
        "연립다세대": "청운벽산빌리지",
        "월": "2",
        "일": "20",
        "전용면적": "82.89",
        "지번": "1",
        "지역코드": "11110",
        "층": "1",
        "해제사유발생일": null,
        "해제여부": null
    },
    {
        "거래금액": "11,900",
        "건축년도": "1997",
        "년": "2006",
        "대지권면적": "25.28",
        "법정동": "신교동",
        "연립다세대": "(38-5)",
        "월": "2",
        "일": "3",
        "전용면적": "51.03",
        "지번": "38-5",
        "지역코드": "11110",
        "층": "1",
        "해제사유발생일": null,
        "해제여부": null
    },
    {
        "거래금액": "20,400",
        "건축년도": "2002",
        "년": "2006",
        "대지권면적": "47.44",
        "법정동": "누상동",
        "연립다세대": "넥스빌7차",
        "월": "2",
        "일": "3",
        "전용면적": "76.9",
        "지번": "147-5",
        "지역코드": "11110",
        "층": "4",
        "해제사유발생일": null,
        "해제여부": null
    },
    {
        "거래금액": "13,000",
        "건축년도": "1989",
        "년": "2006",
        "대지권면적": "89.725",
        "법정동": "누상동",
        "연립다세대": "천화골든빌라",
        "월": "2",
        "일": "7",
        "전용면적": "61.02",
        "지번": "166-251",
        "지역코드": "11110",
        "층": "2",
        "해제사유발생일": null,
        "해제여부": null
    },
    {
        "거래금액": "6,500",
        "건축년도": "1997",
        "년": "2006",
        "대지권면적": "25.06",
        "법정동": "누상동",
        "연립다세대": "계동빌라",
        "월": "2",
        "일": "9",
        "전용면적": "50.85",
        "지번": "166-131",
        "지역코드": "11110",
        "층": "1",
        "해제사유발생일": null,
        "해제여부": null
    },
    {
        "거래금액": "17,000",
        "건축년도": "2004",
        "년": "2006",
        "대지권면적": "28.63",
        "법정동": "누상동",
        "연립다세대": "E HAUS",
        "월": "2",
        "일": "21",
        "전용면적": "70.62",
        "지번": "67",
        "지역코드": "11110",
        "층": "3",
        "해제사유발생일": null,
        "해제여부": null
    },
    {
        "거래금액": "7,200",
        "건축년도": "1998",
        "년": "2006",
        "대지권면적": "26.06",
        "법정동": "누상동",
        "연립다세대": "세종빌라",
        "월": "2",
        "일": "27",
        "전용면적": "58.68",
        "지번": "166-37",
        "지역코드": "11110",
        "층": "-1",
        "해제사유발생일": null,
        "해제여부": null
    },
    {
        "거래금액": "9,800",
        "건축년도": "2001",
        "년": "2006",
        "대지권면적": "21.55",
        "법정동": "필운동",
        "연립다세대": "우인빌라",
        "월": "2",
        "일": "4",
        "전용면적": "50.55",
        "지번": "26",
        "지역코드": "11110",
        "층": "3",
        "해제사유발생일": null,
        "해제여부": null
    },
    {
        "거래금액": "13,500",
        "건축년도": "2000",
        "년": "2006",
        "대지권면적": "21.34",
        "법정동": "원서동",
        "연립다세대": "신광빌라",
        "월": "2",
        "일": "11",
        "전용면적": "59.67",
        "지번": "135-69",
        "지역코드": "11110",
        "층": "1",
        "해제사유발생일": null,
        "해제여부": null
    },
    {
        "거래금액": "13,000",
        "건축년도": "2002",
        "년": "2006",
        "대지권면적": "18.58",
        "법정동": "원서동",
        "연립다세대": "우리빌라",
        "월": "2",
        "일": "18",
        "전용면적": "59.24",
        "지번": "76-47",
        "지역코드": "11110",
        "층": "2",
        "해제사유발생일": null,
        "해제여부": null
    },
    {
        "거래금액": "11,000",
        "건축년도": "1997",
        "년": "2006",
        "대지권면적": "22.88",
        "법정동": "동숭동",
        "연립다세대": "(16-0)",
        "월": "2",
        "일": "2",
        "전용면적": "58.68",
        "지번": "16",
        "지역코드": "11110",
        "층": "5",
        "해제사유발생일": null,
        "해제여부": null
    },
    {
        "거래금액": "3,350",
        "건축년도": "1986",
        "년": "2006",
        "대지권면적": "30.26",
        "법정동": "동숭동",
        "연립다세대": "(2-17)",
        "월": "2",
        "일": "23",
        "전용면적": "39.72",
        "지번": "2-17",
        "지역코드": "11110",
        "층": "-1",
        "해제사유발생일": null,
        "해제여부": null
    },
    {
        "거래금액": "15,000",
        "건축년도": "1985",
        "년": "2006",
        "대지권면적": "81.1",
        "법정동": "혜화동",
        "연립다세대": "(5-22)",
        "월": "2",
        "일": "5",
        "전용면적": "79.99",
        "지번": "5-22",
        "지역코드": "11110",
        "층": "2",
        "해제사유발생일": null,
        "해제여부": null
    },
    {
        "거래금액": "13,000",
        "건축년도": "2004",
        "년": "2006",
        "대지권면적": "31.813",
        "법정동": "혜화동",
        "연립다세대": "우성빌라",
        "월": "2",
        "일": "10",
        "전용면적": "65.49",
        "지번": "6-12",
        "지역코드": "11110",
        "층": "5",
        "해제사유발생일": null,
        "해제여부": null
    },
    {
        "거래금액": "7,800",
        "건축년도": "1997",
        "년": "2006",
        "대지권면적": "20.21",
        "법정동": "명륜1가",
        "연립다세대": "칼라하우스B동",
        "월": "2",
        "일": "1",
        "전용면적": "37.29",
        "지번": "78-33",
        "지역코드": "11110",
        "층": "-1",
        "해제사유발생일": null,
        "해제여부": null
    },
    {
        "거래금액": "7,800",
        "건축년도": "1997",
        "년": "2006",
        "대지권면적": "22.741",
        "법정동": "명륜1가",
        "연립다세대": "칼라하우스A동",
        "월": "2",
        "일": "8",
        "전용면적": "36.27",
        "지번": "78-15",
        "지역코드": "11110",
        "층": "-1",
        "해제사유발생일": null,
        "해제여부": null
    },
    {
        "거래금액": "14,700",
        "건축년도": "1995",
        "년": "2006",
        "대지권면적": "38.42",
        "법정동": "명륜2가",
        "연립다세대": "대보빌라(86-10)",
        "월": "2",
        "일": "17",
        "전용면적": "64.76",
        "지번": "86-10",
        "지역코드": "11110",
        "층": "1",
        "해제사유발생일": null,
        "해제여부": null
    },
    {
        "거래금액": "14,700",
        "건축년도": "1995",
        "년": "2006",
        "대지권면적": "38.87",
        "법정동": "명륜2가",
        "연립다세대": "대보빌라(86-10)",
        "월": "2",
        "일": "17",
        "전용면적": "65.52",
        "지번": "86-10",
        "지역코드": "11110",
        "층": "1",
        "해제사유발생일": null,
        "해제여부": null
    },
    {
        "거래금액": "7,500",
        "건축년도": "2004",
        "년": "2006",
        "대지권면적": "18.57",
        "법정동": "숭인동",
        "연립다세대": "로얄타운",
        "월": "2",
        "일": "10",
        "전용면적": "53.48",
        "지번": "181-109",
        "지역코드": "11110",
        "층": "-1",
        "해제사유발생일": null,
        "해제여부": null
    },
    {
        "거래금액": "21,300",
        "건축년도": "2003",
        "년": "2006",
        "대지권면적": "31.09",
        "법정동": "숭인동",
        "연립다세대": "(56-13)",
        "월": "2",
        "일": "13",
        "전용면적": "66.13",
        "지번": "56-13",
        "지역코드": "11110",
        "층": "2",
        "해제사유발생일": null,
        "해제여부": null
    },
    {
        "거래금액": "9,800",
        "건축년도": "1992",
        "년": "2006",
        "대지권면적": "22",
        "법정동": "숭인동",
        "연립다세대": "장미맨숀",
        "월": "2",
        "일": "15",
        "전용면적": "39.18",
        "지번": "56-80",
        "지역코드": "11110",
        "층": "3",
        "해제사유발생일": null,
        "해제여부": null
    },
    {
        "거래금액": "11,250",
        "건축년도": "2005",
        "년": "2006",
        "대지권면적": "28",
        "법정동": "숭인동",
        "연립다세대": "(718-0)",
        "월": "2",
        "일": "19",
        "전용면적": "60.15",
        "지번": "718",
        "지역코드": "11110",
        "층": "4",
        "해제사유발생일": null,
        "해제여부": null
    },
    {
        "거래금액": "4,500",
        "건축년도": "2005",
        "년": "2006",
        "대지권면적": "13.06",
        "법정동": "숭인동",
        "연립다세대": "드림타운(181-68)",
        "월": "2",
        "일": "23",
        "전용면적": "32.25",
        "지번": "181-68",
        "지역코드": "11110",
        "층": "3",
        "해제사유발생일": null,
        "해제여부": null
    },
    {
        "거래금액": "5,000",
        "건축년도": "2005",
        "년": "2006",
        "대지권면적": "13.06",
        "법정동": "숭인동",
        "연립다세대": "드림타운(181-68)",
        "월": "2",
        "일": "24",
        "전용면적": "32.25",
        "지번": "181-68",
        "지역코드": "11110",
        "층": "2",
        "해제사유발생일": null,
        "해제여부": null
    },
    {
        "거래금액": "9,300",
        "건축년도": "1996",
        "년": "2006",
        "대지권면적": "10.96",
        "법정동": "홍파동",
        "연립다세대": "동일빌라",
        "월": "2",
        "일": "21",
        "전용면적": "21.29",
        "지번": "153-3",
        "지역코드": "11110",
        "층": "4",
        "해제사유발생일": null,
        "해제여부": null
    },
    {
        "거래금액": "7,200",
        "건축년도": "2001",
        "년": "2006",
        "대지권면적": "23.69",
        "법정동": "행촌동",
        "연립다세대": "성우빌라C동",
        "월": "2",
        "일": "24",
        "전용면적": "59.94",
        "지번": "171-135",
        "지역코드": "11110",
        "층": "-1",
        "해제사유발생일": null,
        "해제여부": null
    },
    {
        "거래금액": "15,000",
        "건축년도": "1999",
        "년": "2006",
        "대지권면적": "24.84",
        "법정동": "행촌동",
        "연립다세대": "홍파빌라",
        "월": "2",
        "일": "28",
        "전용면적": "59.19",
        "지번": "1-46",
        "지역코드": "11110",
        "층": "3",
        "해제사유발생일": null,
        "해제여부": null
    },
    {
        "거래금액": "31,000",
        "건축년도": "1988",
        "년": "2006",
        "대지권면적": "113.88",
        "법정동": "구기동",
        "연립다세대": "현대구기빌라",
        "월": "2",
        "일": "16",
        "전용면적": "84.42",
        "지번": "130",
        "지역코드": "11110",
        "층": "1",
        "해제사유발생일": null,
        "해제여부": null
    },
    {
        "거래금액": "22,800",
        "건축년도": "1997",
        "년": "2006",
        "대지권면적": "107.11",
        "법정동": "구기동",
        "연립다세대": "청구빌라",
        "월": "2",
        "일": "21",
        "전용면적": "84.72",
        "지번": "266",
        "지역코드": "11110",
        "층": "3",
        "해제사유발생일": null,
        "해제여부": null
    },
    {
        "거래금액": "7,000",
        "건축년도": "1996",
        "년": "2006",
        "대지권면적": "40.28",
        "법정동": "구기동",
        "연립다세대": "(50-31)",
        "월": "2",
        "일": "22",
        "전용면적": "55.35",
        "지번": "50-31",
        "지역코드": "11110",
        "층": "2",
        "해제사유발생일": null,
        "해제여부": null
    },
    {
        "거래금액": "31,500",
        "건축년도": "1988",
        "년": "2006",
        "대지권면적": "113.9",
        "법정동": "구기동",
        "연립다세대": "현대구기빌라",
        "월": "2",
        "일": "26",
        "전용면적": "84.44",
        "지번": "130",
        "지역코드": "11110",
        "층": "2",
        "해제사유발생일": null,
        "해제여부": null
    },
    {
        "거래금액": "14,000",
        "건축년도": "2002",
        "년": "2006",
        "대지권면적": "93.28",
        "법정동": "구기동",
        "연립다세대": "그린빌라",
        "월": "2",
        "일": "28",
        "전용면적": "99.49",
        "지번": "53-5",
        "지역코드": "11110",
        "층": "-1",
        "해제사유발생일": null,
        "해제여부": null
    },
    {
        "거래금액": "29,500",
        "건축년도": "1988",
        "년": "2006",
        "대지권면적": "113.9",
        "법정동": "구기동",
        "연립다세대": "현대구기빌라",
        "월": "2",
        "일": "28",
        "전용면적": "84.44",
        "지번": "130",
        "지역코드": "11110",
        "층": "1",
        "해제사유발생일": null,
        "해제여부": null
    },
    {
        "거래금액": "20,300",
        "건축년도": "1992",
        "년": "2006",
        "대지권면적": "106.83",
        "법정동": "평창동",
        "연립다세대": "금강주택",
        "월": "2",
        "일": "16",
        "전용면적": "84.95",
        "지번": "170",
        "지역코드": "11110",
        "층": "3",
        "해제사유발생일": null,
        "해제여부": null
    },
    {
        "거래금액": "51,000",
        "건축년도": "1986",
        "년": "2006",
        "대지권면적": "236.45",
        "법정동": "평창동",
        "연립다세대": "삼호빌라",
        "월": "2",
        "일": "24",
        "전용면적": "205.2",
        "지번": "179-1",
        "지역코드": "11110",
        "층": "1",
        "해제사유발생일": null,
        "해제여부": null
    },
    {
        "거래금액": "33,000",
        "건축년도": "1981",
        "년": "2006",
        "대지권면적": "128.9",
        "법정동": "신영동",
        "연립다세대": "자하주택",
        "월": "2",
        "일": "21",
        "전용면적": "109.09",
        "지번": "150-1",
        "지역코드": "11110",
        "층": "1",
        "해제사유발생일": null,
        "해제여부": null
    },
    {
        "거래금액": "17,000",
        "건축년도": "2004",
        "년": "2006",
        "대지권면적": "76.96",
        "법정동": "신영동",
        "연립다세대": "기린하이츠빌라",
        "월": "2",
        "일": "28",
        "전용면적": "59.23",
        "지번": "206",
        "지역코드": "11110",
        "층": "2",
        "해제사유발생일": null,
        "해제여부": null
    }
]