[
    {
        "거래금액": "14,800",
        "건축년도": "2001",
        "년": "2006",
        "단지": "(143-2)",
        "법정동": "광희동1가",
        "시군구": "중구",
        "월": "2",
        "일": "1",
        "전용면적": "42.9",
        "지번": "143-2",
        "지역코드": "11140",
        "층": "9",
        "해제사유발생일": null,
        "해제여부": null
    },
    {
        "거래금액": "5,200",
        "건축년도": "1999",
        "년": "2006",
        "단지": "광희동금호트윈 오피스텔",
        "법정동": "광희동1가",
        "시군구": "중구",
        "월": "2",
        "일": "28",
        "전용면적": "22.14",
        "지번": "89-1",
        "지역코드": "11140",
        "층": "8",
        "해제사유발생일": null,
        "해제여부": null
    },
    {
        "거래금액": "6,300",
        "건축년도": "2003",
        "년": "2006",
        "단지": "코업레지던스",
        "법정동": "을지로6가",
        "시군구": "중구",
        "월": "2",
        "일": "24",
        "전용면적": "15.94",
        "지번": "32",
        "지역코드": "11140",
        "층": "2",
        "해제사유발생일": null,
        "해제여부": null
    },
    {
        "거래금액": "7,500",
        "건축년도": "2003",
        "년": "2006",
        "단지": "코업레지던스",
        "법정동": "을지로6가",
        "시군구": "중구",
        "월": "2",
        "일": "27",
        "전용면적": "15.94",
        "지번": "32",
        "지역코드": "11140",
        "층": "6",
        "해제사유발생일": null,
        "해제여부": null
    },
    {
        "거래금액": "14,800",
        "건축년도": "2005",
        "년": "2006",
        "단지": "남산정은스카이",
        "법정동": "신당동",
        "시군구": "중구",
        "월": "2",
        "일": "6",
        "전용면적": "33.05",
        "지번": "366-126",
        "지역코드": "11140",
        "층": "3",
        "해제사유발생일": null,
        "해제여부": null
    },
    {
        "거래금액": "20,000",
        "건축년도": "2005",
        "년": "2006",
        "단지": "바비엥-2",
        "법정동": "의주로1가",
        "시군구": "중구",
        "월": "2",
        "일": "27",
        "전용면적": "34.31",
        "지번": "25-10",
        "지역코드": "11140",
        "층": "19",
        "해제사유발생일": null,
        "해제여부": null
    },
    {
        "거래금액": "22,746",
        "건축년도": "2004",
        "년": "2006",
        "단지": "KCC 파크타운",
        "법정동": "만리동2가",
        "시군구": "중구",
        "월": "2",
        "일": "11",
        "전용면적": "66.47",
        "지번": "11-1",
        "지역코드": "11140",
        "층": "15",
        "해제사유발생일": null,
        "해제여부": null
    },
    {
        "거래금액": "10,069",
        "건축년도": "2004",
        "년": "2006",
        "단지": "광화문시대",
        "법정동": "내수동",
        "시군구": "종로구",
        "월": "2",
        "일": "6",
        "전용면적": "32.01",
        "지번": "74",
        "지역코드": "11110",
        "층": "13",
        "해제사유발생일": null,
        "해제여부": null
    },
    {
        "거래금액": "10,360",
        "건축년도": "2004",
        "년": "2006",
        "단지": "광화문시대",
        "법정동": "내수동",
        "시군구": "종로구",
        "월": "2",
        "일": "6",
        "전용면적": "32.01",
        "지번": "74",
        "지역코드": "11110",
        "층": "13",
        "해제사유발생일": null,
        "해제여부": null
    },
    {
        "거래금액": "9,750",
        "건축년도": "2004",
        "년": "2006",
        "단지": "광화문시대",
        "법정동": "내수동",
        "시군구": "종로구",
        "월": "2",
        "일": "9",
        "전용면적": "32.01",
        "지번": "74",
        "지역코드": "11110",
        "층": "11",
        "해제사유발생일": null,
        "해제여부": null
    },
    {
        "거래금액": "16,400",
        "건축년도": "2004",
        "년": "2006",
        "단지": "경희궁의 아침 4단지",
        "법정동": "내수동",
        "시군구": "종로구",
        "월": "2",
        "일": "10",
        "전용면적": "40.03",
        "지번": "73",
        "지역코드": "11110",
        "층": "3",
        "해제사유발생일": null,
        "해제여부": null
    },
    {
        "거래금액": "11,000",
        "건축년도": "2004",
        "년": "2006",
        "단지": "경희궁의 아침 2단지",
        "법정동": "내수동",
        "시군구": "종로구",
        "월": "2",
        "일": "13",
        "전용면적": "29.41",
        "지번": "71",
        "지역코드": "11110",
        "층": "5",
        "해제사유발생일": null,
        "해제여부": null
    },
    {
        "거래금액": "9,750",
        "건축년도": "2004",
        "년": "2006",
        "단지": "광화문시대",
        "법정동": "내수동",
        "시군구": "종로구",
        "월": "2",
        "일": "13",
        "전용면적": "32.01",
        "지번": "74",
        "지역코드": "11110",
        "층": "11",
        "해제사유발생일": null,
        "해제여부": null
    },
    {
        "거래금액": "14,200",
        "건축년도": "2004",
        "년": "2006",
        "단지": "경희궁의 아침 3단지",
        "법정동": "내수동",
        "시군구": "종로구",
        "월": "2",
        "일": "14",
        "전용면적": "37.5",
        "지번": "72",
        "지역코드": "11110",
        "층": "4",
        "해제사유발생일": null,
        "해제여부": null
    },
    {
        "거래금액": "16,359",
        "건축년도": "2004",
        "년": "2006",
        "단지": "광화문시대",
        "법정동": "내수동",
        "시군구": "종로구",
        "월": "2",
        "일": "15",
        "전용면적": "40.26",
        "지번": "74",
        "지역코드": "11110",
        "층": "17",
        "해제사유발생일": null,
        "해제여부": null
    },
    {
        "거래금액": "10,700",
        "건축년도": "2004",
        "년": "2006",
        "단지": "용비어천가",
        "법정동": "내수동",
        "시군구": "종로구",
        "월": "2",
        "일": "20",
        "전용면적": "28.47",
        "지번": "75",
        "지역코드": "11110",
        "층": "17",
        "해제사유발생일": null,
        "해제여부": null
    },
    {
        "거래금액": "10,000",
        "건축년도": "2004",
        "년": "2006",
        "단지": "경희궁의 아침 4단지",
        "법정동": "내수동",
        "시군구": "종로구",
        "월": "2",
        "일": "20",
        "전용면적": "28.24",
        "지번": "73",
        "지역코드": "11110",
        "층": "3",
        "해제사유발생일": null,
        "해제여부": null
    },
    {
        "거래금액": "12,500",
        "건축년도": "2004",
        "년": "2006",
        "단지": "광화문시대",
        "법정동": "내수동",
        "시군구": "종로구",
        "월": "2",
        "일": "21",
        "전용면적": "32.01",
        "지번": "74",
        "지역코드": "11110",
        "층": "15",
        "해제사유발생일": null,
        "해제여부": null
    },
    {
        "거래금액": "16,500",
        "건축년도": "2004",
        "년": "2006",
        "단지": "용비어천가",
        "법정동": "내수동",
        "시군구": "종로구",
        "월": "2",
        "일": "22",
        "전용면적": "37.56",
        "지번": "75",
        "지역코드": "11110",
        "층": "15",
        "해제사유발생일": null,
        "해제여부": null
    },
    {
        "거래금액": "11,000",
        "건축년도": "2004",
        "년": "2006",
        "단지": "용비어천가",
        "법정동": "내수동",
        "시군구": "종로구",
        "월": "2",
        "일": "22",
        "전용면적": "30.36",
        "지번": "75",
        "지역코드": "11110",
        "층": "17",
        "해제사유발생일": null,
        "해제여부": null
    },
    {
        "거래금액": "15,300",
        "건축년도": "2004",
        "년": "2006",
        "단지": "경희궁의 아침 3단지",
        "법정동": "내수동",
        "시군구": "종로구",
        "월": "2",
        "일": "23",
        "전용면적": "37.5",
        "지번": "72",
        "지역코드": "11110",
        "층": "9",
        "해제사유발생일": null,
        "해제여부": null
    },
    {
        "거래금액": "14,270",
        "건축년도": "2004",
        "년": "2006",
        "단지": "용비어천가",
        "법정동": "내수동",
        "시군구": "종로구",
        "월": "2",
        "일": "24",
        "전용면적": "37.56",
        "지번": "75",
        "지역코드": "11110",
        "층": "10",
        "해제사유발생일": null,
        "해제여부": null
    },
    {
        "거래금액": "15,500",
        "건축년도": "2004",
        "년": "2006",
        "단지": "경희궁의 아침 3단지",
        "법정동": "내수동",
        "시군구": "종로구",
        "월": "2",
        "일": "27",
        "전용면적": "37.5",
        "지번": "72",
        "지역코드": "11110",
        "층": "7",
        "해제사유발생일": null,
        "해제여부": null
    },
    {
        "거래금액": "16,000",
        "건축년도": "2004",
        "년": "2006",
        "단지": "경희궁의 아침 4단지",
        "법정동": "내수동",
        "시군구": "종로구",
        "월": "2",
        "일": "27",
        "전용면적": "40.03",
        "지번": "73",
        "지역코드": "11110",
        "층": "6",
        "해제사유발생일": null,
        "해제여부": null
    },
    {
        "거래금액": "26,320",
        "건축년도": "2005",
        "년": "2006",
        "단지": "광화문오피시아빌딩",
        "법정동": "신문로1가",
        "시군구": "종로구",
        "월": "2",
        "일": "14",
        "전용면적": "41.71",
        "지번": "163",
        "지역코드": "11110",
        "층": "22",
        "해제사유발생일": null,
        "해제여부": null
    },
    {
        "거래금액": "24,392",
        "건축년도": "2005",
        "년": "2006",
        "단지": "광화문오피시아빌딩",
        "법정동": "신문로1가",
        "시군구": "종로구",
        "월": "2",
        "일": "28",
        "전용면적": "41.71",
        "지번": "163",
        "지역코드": "11110",
        "층": "19",
        "해제사유발생일": null,
        "해제여부": null
    },
    {
        "거래금액": "23,300",
        "건축년도": "2004",
        "년": "2006",
        "단지": "두산위브파빌리온",
        "법정동": "수송동",
        "시군구": "종로구",
        "월": "2",
        "일": "2",
        "전용면적": "57.65",
        "지번": "58",
        "지역코드": "11110",
        "층": "8",
        "해제사유발생일": null,
        "해제여부": null
    },
    {
        "거래금액": "21,300",
        "건축년도": "2004",
        "년": "2006",
        "단지": "두산위브파빌리온",
        "법정동": "수송동",
        "시군구": "종로구",
        "월": "2",
        "일": "22",
        "전용면적": "53.02",
        "지번": "58",
        "지역코드": "11110",
        "층": "10",
        "해제사유발생일": null,
        "해제여부": null
    },
    {
        "거래금액": "25,410",
        "건축년도": "2004",
        "년": "2006",
        "단지": "두산위브파빌리온",
        "법정동": "수송동",
        "시군구": "종로구",
        "월": "2",
        "일": "23",
        "전용면적": "57.96",
        "지번": "58",
        "지역코드": "11110",
        "층": "7",
        "해제사유발생일": null,
        "해제여부": null
    },
    {
        "거래금액": "18,156",
        "건축년도": "2005",
        "년": "2006",
        "단지": "운현궁 에스케이 허브",
        "법정동": "경운동",
        "시군구": "종로구",
        "월": "2",
        "일": "16",
        "전용면적": "38.26",
        "지번": "89-4",
        "지역코드": "11110",
        "층": "6",
        "해제사유발생일": null,
        "해제여부": null
    },
    {
        "거래금액": "24,912",
        "건축년도": "2005",
        "년": "2006",
        "단지": "운현궁 에스케이 허브",
        "법정동": "경운동",
        "시군구": "종로구",
        "월": "2",
        "일": "16",
        "전용면적": "52.5",
        "지번": "89-4",
        "지역코드": "11110",
        "층": "6",
        "해제사유발생일": null,
        "해제여부": null
    },
    {
        "거래금액": "19,064",
        "건축년도": "2005",
        "년": "2006",
        "단지": "운현궁 에스케이 허브",
        "법정동": "경운동",
        "시군구": "종로구",
        "월": "2",
        "일": "22",
        "전용면적": "39.2",
        "지번": "89-4",
        "지역코드": "11110",
        "층": "8",
        "해제사유발생일": null,
        "해제여부": null
    },
    {
        "거래금액": "10,341",
        "건축년도": "2005",
        "년": "2006",
        "단지": "종로1번가",
        "법정동": "관철동",
        "시군구": "종로구",
        "월": "2",
        "일": "9",
        "전용면적": "23.98",
        "지번": "155",
        "지역코드": "11110",
        "층": "11",
        "해제사유발생일": null,
        "해제여부": null
    },
    {
        "거래금액": "6,500",
        "건축년도": "1994",
        "년": "2006",
        "단지": "종로오피스텔",
        "법정동": "낙원동",
        "시군구": "종로구",
        "월": "2",
        "일": "10",
        "전용면적": "29.7",
        "지번": "58-1",
        "지역코드": "11110",
        "층": "12",
        "해제사유발생일": null,
        "해제여부": null
    },
    {
        "거래금액": "16,000",
        "건축년도": "1996",
        "년": "2006",
        "단지": "금호팔레스",
        "법정동": "창신동",
        "시군구": "종로구",
        "월": "2",
        "일": "13",
        "전용면적": "58.75",
        "지번": "327-2",
        "지역코드": "11110",
        "층": "14",
        "해제사유발생일": null,
        "해제여부": null
    },
    {
        "거래금액": "12,420",
        "건축년도": "1996",
        "년": "2006",
        "단지": "금호팔레스",
        "법정동": "창신동",
        "시군구": "종로구",
        "월": "2",
        "일": "17",
        "전용면적": "40.8",
        "지번": "327-2",
        "지역코드": "11110",
        "층": "18",
        "해제사유발생일": null,
        "해제여부": null
    },
    {
        "거래금액": "12,091",
        "건축년도": "1996",
        "년": "2006",
        "단지": "금호팔레스",
        "법정동": "창신동",
        "시군구": "종로구",
        "월": "2",
        "일": "23",
        "전용면적": "39.71",
        "지번": "327-2",
        "지역코드": "11110",
        "층": "18",
        "해제사유발생일": null,
        "해제여부": null
    },
    {
        "거래금액": "9,800",
        "건축년도": "2004",
        "년": "2006",
        "단지": "종로대우디오빌",
        "법정동": "숭인동",
        "시군구": "종로구",
        "월": "2",
        "일": "5",
        "전용면적": "29.65",
        "지번": "310",
        "지역코드": "11110",
        "층": "15",
        "해제사유발생일": null,
        "해제여부": null
    },
    {
        "거래금액": "12,000",
        "건축년도": "2004",
        "년": "2006",
        "단지": "롯데캐슬 천지인",
        "법정동": "숭인동",
        "시군구": "종로구",
        "월": "2",
        "일": "15",
        "전용면적": "39.6",
        "지번": "76",
        "지역코드": "11110",
        "층": "4",
        "해제사유발생일": null,
        "해제여부": null
    },
    {
        "거래금액": "10,220",
        "건축년도": "2005",
        "년": "2006",
        "단지": "동양파라빌",
        "법정동": "숭인동",
        "시군구": "종로구",
        "월": "2",
        "일": "15",
        "전용면적": "27.09",
        "지번": "1388",
        "지역코드": "11110",
        "층": "10",
        "해제사유발생일": null,
        "해제여부": null
    },
    {
        "거래금액": "12,000",
        "건축년도": "2004",
        "년": "2006",
        "단지": "롯데캐슬 천지인",
        "법정동": "숭인동",
        "시군구": "종로구",
        "월": "2",
        "일": "17",
        "전용면적": "39.6",
        "지번": "76",
        "지역코드": "11110",
        "층": "20",
        "해제사유발생일": null,
        "해제여부": null
    },
    {
        "거래금액": "12,500",
        "건축년도": "2004",
        "년": "2006",
        "단지": "롯데캐슬 천지인",
        "법정동": "숭인동",
        "시군구": "종로구",
        "월": "2",
        "일": "22",
        "전용면적": "39.6",
        "지번": "76",
        "지역코드": "11110",
        "층": "13",
        "해제사유발생일": null,
        "해제여부": null
    },
    {
        "거래금액": "10,380",
        "건축년도": "2005",
        "년": "2006",
        "단지": "동양파라빌",
        "법정동": "숭인동",
        "시군구": "종로구",
        "월": "2",
        "일": "22",
        "전용면적": "27.09",
        "지번": "1388",
        "지역코드": "11110",
        "층": "12",
        "해제사유발생일": null,
        "해제여부": null
    },
    {
        "거래금액": "11,500",
        "건축년도": "2004",
        "년": "2006",
        "단지": "롯데캐슬 천지인",
        "법정동": "숭인동",
        "시군구": "종로구",
        "월": "2",
        "일": "28",
        "전용면적": "39.6",
        "지번": "76",
        "지역코드": "11110",
        "층": "6",
        "해제사유발생일": null,
        "해제여부": null
    }
]