[
    {
        "거래금액": "7,000",
        "건축년도": "1986",
        "년": "2006",
        "대지권면적": "28.39",
        "법정동": "필동3가",
        "연립다세대": "(55-14)",
        "월": "9",
        "일": "21",
        "전용면적": "35.97",
        "지번": "55-14",
        "지역코드": "11140",
        "층": "1",
        "해제사유발생일": null,
        "해제여부": null
    },
    {
        "거래금액": "27,000",
        "건축년도": "1998",
        "년": "2006",
        "대지권면적": "65.11",
        "법정동": "장충동1가",
        "연립다세대": "장충그린빌라",
        "월": "9",
        "일": "16",
        "전용면적": "101.17",
        "지번": "50-24",
        "지역코드": "11140",
        "층": "4",
        "해제사유발생일": null,
        "해제여부": null
    },
    {
        "거래금액": "11,000",
        "건축년도": "2000",
        "년": "2006",
        "대지권면적": "18.21",
        "법정동": "장충동2가",
        "연립다세대": "은성빌라",
        "월": "9",
        "일": "20",
        "전용면적": "58.38",
        "지번": "193-142",
        "지역코드": "11140",
        "층": "4",
        "해제사유발생일": null,
        "해제여부": null
    },
    {
        "거래금액": "22,000",
        "건축년도": "1989",
        "년": "2006",
        "대지권면적": "77.3",
        "법정동": "신당동",
        "연립다세대": "영동 하이츠",
        "월": "9",
        "일": "1",
        "전용면적": "83.79",
        "지번": "366-37",
        "지역코드": "11140",
        "층": "3",
        "해제사유발생일": null,
        "해제여부": null
    },
    {
        "거래금액": "6,000",
        "건축년도": "2002",
        "년": "2006",
        "대지권면적": "16.6",
        "법정동": "신당동",
        "연립다세대": "신신빌(A)",
        "월": "9",
        "일": "1",
        "전용면적": "45.88",
        "지번": "432-1947",
        "지역코드": "11140",
        "층": "1",
        "해제사유발생일": null,
        "해제여부": null
    },
    {
        "거래금액": "18,500",
        "건축년도": "1996",
        "년": "2006",
        "대지권면적": "71.85",
        "법정동": "신당동",
        "연립다세대": "(429-15)",
        "월": "9",
        "일": "1",
        "전용면적": "117.11",
        "지번": "429-15",
        "지역코드": "11140",
        "층": "-1",
        "해제사유발생일": null,
        "해제여부": null
    },
    {
        "거래금액": "16,500",
        "건축년도": "1992",
        "년": "2006",
        "대지권면적": "21.5",
        "법정동": "신당동",
        "연립다세대": "삼장빌라",
        "월": "9",
        "일": "4",
        "전용면적": "50.69",
        "지번": "409-29",
        "지역코드": "11140",
        "층": "1",
        "해제사유발생일": null,
        "해제여부": null
    },
    {
        "거래금액": "10,500",
        "건축년도": "1994",
        "년": "2006",
        "대지권면적": "21.9",
        "법정동": "신당동",
        "연립다세대": "전원빌라",
        "월": "9",
        "일": "4",
        "전용면적": "51.15",
        "지번": "309-64",
        "지역코드": "11140",
        "층": "4",
        "해제사유발생일": null,
        "해제여부": null
    },
    {
        "거래금액": "6,500",
        "건축년도": "1992",
        "년": "2006",
        "대지권면적": "32.73",
        "법정동": "신당동",
        "연립다세대": "에덴빌라 B동",
        "월": "9",
        "일": "6",
        "전용면적": "65.12",
        "지번": "349-135",
        "지역코드": "11140",
        "층": "-1",
        "해제사유발생일": null,
        "해제여부": null
    },
    {
        "거래금액": "7,500",
        "건축년도": "2001",
        "년": "2006",
        "대지권면적": "23.85",
        "법정동": "신당동",
        "연립다세대": "대성하이츠빌라",
        "월": "9",
        "일": "6",
        "전용면적": "58.31",
        "지번": "432-1839",
        "지역코드": "11140",
        "층": "1",
        "해제사유발생일": null,
        "해제여부": null
    },
    {
        "거래금액": "9,400",
        "건축년도": "2001",
        "년": "2006",
        "대지권면적": "25.31",
        "법정동": "신당동",
        "연립다세대": "청운파크빌 13차",
        "월": "9",
        "일": "7",
        "전용면적": "58.3",
        "지번": "432-1900",
        "지역코드": "11140",
        "층": "1",
        "해제사유발생일": null,
        "해제여부": null
    },
    {
        "거래금액": "13,900",
        "건축년도": "1995",
        "년": "2006",
        "대지권면적": "31.63",
        "법정동": "신당동",
        "연립다세대": "금성빌라",
        "월": "9",
        "일": "9",
        "전용면적": "59.69",
        "지번": "156-4",
        "지역코드": "11140",
        "층": "2",
        "해제사유발생일": null,
        "해제여부": null
    },
    {
        "거래금액": "11,000",
        "건축년도": "1996",
        "년": "2006",
        "대지권면적": "24.46",
        "법정동": "신당동",
        "연립다세대": "에덴빌라 B동",
        "월": "9",
        "일": "9",
        "전용면적": "46.57",
        "지번": "52-81",
        "지역코드": "11140",
        "층": "1",
        "해제사유발생일": null,
        "해제여부": null
    },
    {
        "거래금액": "8,000",
        "건축년도": "1994",
        "년": "2006",
        "대지권면적": "21.57",
        "법정동": "신당동",
        "연립다세대": "현대타워",
        "월": "9",
        "일": "11",
        "전용면적": "34.16",
        "지번": "347-328",
        "지역코드": "11140",
        "층": "4",
        "해제사유발생일": null,
        "해제여부": null
    },
    {
        "거래금액": "12,100",
        "건축년도": "1991",
        "년": "2006",
        "대지권면적": "36.21",
        "법정동": "신당동",
        "연립다세대": "청운빌라 5차 (가동)",
        "월": "9",
        "일": "11",
        "전용면적": "52.21",
        "지번": "353-121",
        "지역코드": "11140",
        "층": "-1",
        "해제사유발생일": null,
        "해제여부": null
    },
    {
        "거래금액": "7,800",
        "건축년도": "2001",
        "년": "2006",
        "대지권면적": "15.96",
        "법정동": "신당동",
        "연립다세대": "명경아트빌3차",
        "월": "9",
        "일": "11",
        "전용면적": "49.95",
        "지번": "432-1985",
        "지역코드": "11140",
        "층": "-1",
        "해제사유발생일": null,
        "해제여부": null
    },
    {
        "거래금액": "8,000",
        "건축년도": "2003",
        "년": "2006",
        "대지권면적": "34.9",
        "법정동": "신당동",
        "연립다세대": "(823-3)",
        "월": "9",
        "일": "11",
        "전용면적": "48.28",
        "지번": "823-3",
        "지역코드": "11140",
        "층": "1",
        "해제사유발생일": null,
        "해제여부": null
    },
    {
        "거래금액": "11,000",
        "건축년도": "1996",
        "년": "2006",
        "대지권면적": "22.3",
        "법정동": "신당동",
        "연립다세대": "양지아트빌라",
        "월": "9",
        "일": "11",
        "전용면적": "43.43",
        "지번": "67-105",
        "지역코드": "11140",
        "층": "2",
        "해제사유발생일": null,
        "해제여부": null
    },
    {
        "거래금액": "18,200",
        "건축년도": "1997",
        "년": "2006",
        "대지권면적": "25.96",
        "법정동": "신당동",
        "연립다세대": "각산타운",
        "월": "9",
        "일": "15",
        "전용면적": "70.59",
        "지번": "52-33",
        "지역코드": "11140",
        "층": "4",
        "해제사유발생일": null,
        "해제여부": null
    },
    {
        "거래금액": "17,850",
        "건축년도": "2000",
        "년": "2006",
        "대지권면적": "32.95",
        "법정동": "신당동",
        "연립다세대": "뉴-밀레니엄 빌",
        "월": "9",
        "일": "16",
        "전용면적": "75.92",
        "지번": "349-130",
        "지역코드": "11140",
        "층": "3",
        "해제사유발생일": null,
        "해제여부": null
    },
    {
        "거래금액": "13,800",
        "건축년도": "2001",
        "년": "2006",
        "대지권면적": "27.62",
        "법정동": "신당동",
        "연립다세대": "장충아트빌라 10차",
        "월": "9",
        "일": "16",
        "전용면적": "53.94",
        "지번": "412-2",
        "지역코드": "11140",
        "층": "2",
        "해제사유발생일": null,
        "해제여부": null
    },
    {
        "거래금액": "12,900",
        "건축년도": "1996",
        "년": "2006",
        "대지권면적": "29.75",
        "법정동": "신당동",
        "연립다세대": "에덴빌라 B동",
        "월": "9",
        "일": "18",
        "전용면적": "56.65",
        "지번": "52-81",
        "지역코드": "11140",
        "층": "2",
        "해제사유발생일": null,
        "해제여부": null
    },
    {
        "거래금액": "11,000",
        "건축년도": "2002",
        "년": "2006",
        "대지권면적": "21.85",
        "법정동": "신당동",
        "연립다세대": "청운하이츠15차",
        "월": "9",
        "일": "20",
        "전용면적": "43.33",
        "지번": "423-2",
        "지역코드": "11140",
        "층": "2",
        "해제사유발생일": null,
        "해제여부": null
    },
    {
        "거래금액": "27,000",
        "건축년도": "2002",
        "년": "2006",
        "대지권면적": "43.74",
        "법정동": "신당동",
        "연립다세대": "글로리안 빌",
        "월": "9",
        "일": "24",
        "전용면적": "84.04",
        "지번": "414-13",
        "지역코드": "11140",
        "층": "1",
        "해제사유발생일": null,
        "해제여부": null
    },
    {
        "거래금액": "7,500",
        "건축년도": "2001",
        "년": "2006",
        "대지권면적": "18.22",
        "법정동": "신당동",
        "연립다세대": "장충아트빌라 10차",
        "월": "9",
        "일": "27",
        "전용면적": "41.44",
        "지번": "412-2",
        "지역코드": "11140",
        "층": "-1",
        "해제사유발생일": null,
        "해제여부": null
    },
    {
        "거래금액": "20,500",
        "건축년도": "2003",
        "년": "2006",
        "대지권면적": "50.74",
        "법정동": "신당동",
        "연립다세대": "바로크 맨션",
        "월": "9",
        "일": "28",
        "전용면적": "82.91",
        "지번": "432-1314",
        "지역코드": "11140",
        "층": "3",
        "해제사유발생일": null,
        "해제여부": null
    },
    {
        "거래금액": "9,000",
        "건축년도": "1992",
        "년": "2006",
        "대지권면적": "24.95",
        "법정동": "신당동",
        "연립다세대": "삼장빌라",
        "월": "9",
        "일": "28",
        "전용면적": "37.84",
        "지번": "409-29",
        "지역코드": "11140",
        "층": "1",
        "해제사유발생일": null,
        "해제여부": null
    },
    {
        "거래금액": "10,500",
        "건축년도": "1992",
        "년": "2006",
        "대지권면적": "31.72",
        "법정동": "신당동",
        "연립다세대": "낙원빌라",
        "월": "9",
        "일": "28",
        "전용면적": "62.11",
        "지번": "67-166",
        "지역코드": "11140",
        "층": "1",
        "해제사유발생일": null,
        "해제여부": null
    },
    {
        "거래금액": "7,800",
        "건축년도": "1987",
        "년": "2006",
        "대지권면적": "38.24",
        "법정동": "신당동",
        "연립다세대": "(432-804)",
        "월": "9",
        "일": "29",
        "전용면적": "49.34",
        "지번": "432-804",
        "지역코드": "11140",
        "층": "1",
        "해제사유발생일": null,
        "해제여부": null
    },
    {
        "거래금액": "9,300",
        "건축년도": "2000",
        "년": "2006",
        "대지권면적": "20",
        "법정동": "신당동",
        "연립다세대": "효성빌라",
        "월": "9",
        "일": "30",
        "전용면적": "59.82",
        "지번": "432-980",
        "지역코드": "11140",
        "층": "3",
        "해제사유발생일": null,
        "해제여부": null
    },
    {
        "거래금액": "14,000",
        "건축년도": "1986",
        "년": "2006",
        "대지권면적": "35.58",
        "법정동": "중림동",
        "연립다세대": "(394-3)",
        "월": "9",
        "일": "25",
        "전용면적": "56.04",
        "지번": "394-3",
        "지역코드": "11140",
        "층": "1",
        "해제사유발생일": null,
        "해제여부": null
    },
    {
        "거래금액": "7,650",
        "건축년도": "2003",
        "년": "2006",
        "대지권면적": "31.06",
        "법정동": "중림동",
        "연립다세대": "궁전빌라2차",
        "월": "9",
        "일": "27",
        "전용면적": "64.8",
        "지번": "395-2",
        "지역코드": "11140",
        "층": "1",
        "해제사유발생일": null,
        "해제여부": null
    },
    {
        "거래금액": "29,500",
        "건축년도": "2002",
        "년": "2006",
        "대지권면적": "51.69",
        "법정동": "청운동",
        "연립다세대": "해피빌",
        "월": "9",
        "일": "7",
        "전용면적": "75.36",
        "지번": "89-22",
        "지역코드": "11110",
        "층": "2",
        "해제사유발생일": null,
        "해제여부": null
    },
    {
        "거래금액": "39,000",
        "건축년도": "2000",
        "년": "2006",
        "대지권면적": "53.87",
        "법정동": "청운동",
        "연립다세대": "청운빌라 C동",
        "월": "9",
        "일": "14",
        "전용면적": "88.22",
        "지번": "108-1",
        "지역코드": "11110",
        "층": "4",
        "해제사유발생일": null,
        "해제여부": null
    },
    {
        "거래금액": "33,000",
        "건축년도": "2000",
        "년": "2006",
        "대지권면적": "41.51",
        "법정동": "신교동",
        "연립다세대": "신중앙빌라",
        "월": "9",
        "일": "2",
        "전용면적": "84.86",
        "지번": "8-1",
        "지역코드": "11110",
        "층": "1",
        "해제사유발생일": null,
        "해제여부": null
    },
    {
        "거래금액": "32,500",
        "건축년도": "2000",
        "년": "2006",
        "대지권면적": "41.51",
        "법정동": "신교동",
        "연립다세대": "신중앙빌라",
        "월": "9",
        "일": "30",
        "전용면적": "84.86",
        "지번": "8-1",
        "지역코드": "11110",
        "층": "1",
        "해제사유발생일": null,
        "해제여부": null
    },
    {
        "거래금액": "25,000",
        "건축년도": "2003",
        "년": "2006",
        "대지권면적": "48.11",
        "법정동": "통의동",
        "연립다세대": "(9-1)",
        "월": "9",
        "일": "2",
        "전용면적": "75.09",
        "지번": "9-1",
        "지역코드": "11110",
        "층": "4",
        "해제사유발생일": null,
        "해제여부": null
    },
    {
        "거래금액": "27,750",
        "건축년도": "2003",
        "년": "2006",
        "대지권면적": "45.09",
        "법정동": "통의동",
        "연립다세대": "(9-1)",
        "월": "9",
        "일": "16",
        "전용면적": "70.38",
        "지번": "9-1",
        "지역코드": "11110",
        "층": "5",
        "해제사유발생일": null,
        "해제여부": null
    },
    {
        "거래금액": "14,000",
        "건축년도": "2000",
        "년": "2006",
        "대지권면적": "25.639",
        "법정동": "누상동",
        "연립다세대": "원그린빌라",
        "월": "9",
        "일": "4",
        "전용면적": "59.44",
        "지번": "166-225",
        "지역코드": "11110",
        "층": "3",
        "해제사유발생일": null,
        "해제여부": null
    },
    {
        "거래금액": "7,900",
        "건축년도": "1998",
        "년": "2006",
        "대지권면적": "22.23",
        "법정동": "누상동",
        "연립다세대": "녹원하이츠빌라1동",
        "월": "9",
        "일": "11",
        "전용면적": "56.55",
        "지번": "166-207",
        "지역코드": "11110",
        "층": "-1",
        "해제사유발생일": null,
        "해제여부": null
    },
    {
        "거래금액": "18,000",
        "건축년도": "2003",
        "년": "2006",
        "대지권면적": "40.33",
        "법정동": "누상동",
        "연립다세대": "은행골드빌3차",
        "월": "9",
        "일": "12",
        "전용면적": "81.66",
        "지번": "166-121",
        "지역코드": "11110",
        "층": "4",
        "해제사유발생일": null,
        "해제여부": null
    },
    {
        "거래금액": "14,400",
        "건축년도": "2001",
        "년": "2006",
        "대지권면적": "29.23",
        "법정동": "누상동",
        "연립다세대": "동산아트빌",
        "월": "9",
        "일": "13",
        "전용면적": "59.89",
        "지번": "107",
        "지역코드": "11110",
        "층": "3",
        "해제사유발생일": null,
        "해제여부": null
    },
    {
        "거래금액": "8,500",
        "건축년도": "1998",
        "년": "2006",
        "대지권면적": "26.06",
        "법정동": "누상동",
        "연립다세대": "세종빌라",
        "월": "9",
        "일": "22",
        "전용면적": "58.68",
        "지번": "166-37",
        "지역코드": "11110",
        "층": "-1",
        "해제사유발생일": null,
        "해제여부": null
    },
    {
        "거래금액": "11,000",
        "건축년도": "2001",
        "년": "2006",
        "대지권면적": "20.72",
        "법정동": "누상동",
        "연립다세대": "풍현빌라",
        "월": "9",
        "일": "23",
        "전용면적": "59.88",
        "지번": "157-1",
        "지역코드": "11110",
        "층": "4",
        "해제사유발생일": null,
        "해제여부": null
    },
    {
        "거래금액": "16,000",
        "건축년도": "1980",
        "년": "2006",
        "대지권면적": "53.22",
        "법정동": "옥인동",
        "연립다세대": "옥인",
        "월": "9",
        "일": "1",
        "전용면적": "59.23",
        "지번": "183-1",
        "지역코드": "11110",
        "층": "2",
        "해제사유발생일": null,
        "해제여부": null
    },
    {
        "거래금액": "21,500",
        "건축년도": "2003",
        "년": "2006",
        "대지권면적": "45.021",
        "법정동": "옥인동",
        "연립다세대": "(19-26)",
        "월": "9",
        "일": "2",
        "전용면적": "75.04",
        "지번": "19-26",
        "지역코드": "11110",
        "층": "1",
        "해제사유발생일": null,
        "해제여부": null
    },
    {
        "거래금액": "22,860",
        "건축년도": "1994",
        "년": "2006",
        "대지권면적": "42.15",
        "법정동": "옥인동",
        "연립다세대": "(47-73)",
        "월": "9",
        "일": "10",
        "전용면적": "43.26",
        "지번": "47-73",
        "지역코드": "11110",
        "층": "2",
        "해제사유발생일": null,
        "해제여부": null
    },
    {
        "거래금액": "22,700",
        "건축년도": "2003",
        "년": "2006",
        "대지권면적": "49.99",
        "법정동": "옥인동",
        "연립다세대": "신원타운",
        "월": "9",
        "일": "10",
        "전용면적": "77.5",
        "지번": "78",
        "지역코드": "11110",
        "층": "2",
        "해제사유발생일": null,
        "해제여부": null
    },
    {
        "거래금액": "21,000",
        "건축년도": "1980",
        "년": "2006",
        "대지권면적": "69.7",
        "법정동": "옥인동",
        "연립다세대": "옥인",
        "월": "9",
        "일": "25",
        "전용면적": "58.57",
        "지번": "183-1",
        "지역코드": "11110",
        "층": "3",
        "해제사유발생일": null,
        "해제여부": null
    },
    {
        "거래금액": "11,600",
        "건축년도": "1978",
        "년": "2006",
        "대지권면적": "96",
        "법정동": "사직동",
        "연립다세대": "(262-19)",
        "월": "9",
        "일": "1",
        "전용면적": "55.74",
        "지번": "262-19",
        "지역코드": "11110",
        "층": "1",
        "해제사유발생일": null,
        "해제여부": null
    },
    {
        "거래금액": "35,300",
        "건축년도": "2004",
        "년": "2006",
        "대지권면적": "23.02",
        "법정동": "내수동",
        "연립다세대": "익근빌딩(구_경희궁프라자)",
        "월": "9",
        "일": "8",
        "전용면적": "69.65",
        "지번": "110-33",
        "지역코드": "11110",
        "층": "4",
        "해제사유발생일": null,
        "해제여부": null
    },
    {
        "거래금액": "170,000",
        "건축년도": "2001",
        "년": "2006",
        "대지권면적": "163.88",
        "법정동": "가회동",
        "연립다세대": "가회빌라",
        "월": "9",
        "일": "25",
        "전용면적": "243.99",
        "지번": "1-216",
        "지역코드": "11110",
        "층": "3",
        "해제사유발생일": null,
        "해제여부": null
    },
    {
        "거래금액": "17,800",
        "건축년도": "2000",
        "년": "2006",
        "대지권면적": "28.62",
        "법정동": "원서동",
        "연립다세대": "화목빌라",
        "월": "9",
        "일": "1",
        "전용면적": "59.97",
        "지번": "135-111",
        "지역코드": "11110",
        "층": "1",
        "해제사유발생일": null,
        "해제여부": null
    },
    {
        "거래금액": "9,900",
        "건축년도": "1997",
        "년": "2006",
        "대지권면적": "22",
        "법정동": "원서동",
        "연립다세대": "(86-10)",
        "월": "9",
        "일": "18",
        "전용면적": "56.81",
        "지번": "86-10",
        "지역코드": "11110",
        "층": "2",
        "해제사유발생일": null,
        "해제여부": null
    },
    {
        "거래금액": "13,000",
        "건축년도": "2000",
        "년": "2006",
        "대지권면적": "20.91",
        "법정동": "연건동",
        "연립다세대": "주미빌라",
        "월": "9",
        "일": "8",
        "전용면적": "59.22",
        "지번": "117",
        "지역코드": "11110",
        "층": "2",
        "해제사유발생일": null,
        "해제여부": null
    },
    {
        "거래금액": "7,800",
        "건축년도": "1997",
        "년": "2006",
        "대지권면적": "24.048",
        "법정동": "연건동",
        "연립다세대": "쉐라톤빌라트",
        "월": "9",
        "일": "15",
        "전용면적": "59.46",
        "지번": "93-15",
        "지역코드": "11110",
        "층": "2",
        "해제사유발생일": null,
        "해제여부": null
    },
    {
        "거래금액": "7,500",
        "건축년도": "1996",
        "년": "2006",
        "대지권면적": "15.43",
        "법정동": "연건동",
        "연립다세대": "(118-3)",
        "월": "9",
        "일": "18",
        "전용면적": "38.07",
        "지번": "118-3",
        "지역코드": "11110",
        "층": "3",
        "해제사유발생일": null,
        "해제여부": null
    },
    {
        "거래금액": "3,500",
        "건축년도": "1998",
        "년": "2006",
        "대지권면적": "11.1",
        "법정동": "동숭동",
        "연립다세대": "(4-114)",
        "월": "9",
        "일": "6",
        "전용면적": "23.92",
        "지번": "4-114",
        "지역코드": "11110",
        "층": "-1",
        "해제사유발생일": null,
        "해제여부": null
    },
    {
        "거래금액": "4,500",
        "건축년도": "2000",
        "년": "2006",
        "대지권면적": "11.11",
        "법정동": "동숭동",
        "연립다세대": "(4-40)",
        "월": "9",
        "일": "7",
        "전용면적": "25.34",
        "지번": "4-40",
        "지역코드": "11110",
        "층": "4",
        "해제사유발생일": null,
        "해제여부": null
    },
    {
        "거래금액": "5,700",
        "건축년도": "2000",
        "년": "2006",
        "대지권면적": "11.46",
        "법정동": "동숭동",
        "연립다세대": "(4-40)",
        "월": "9",
        "일": "18",
        "전용면적": "26.13",
        "지번": "4-40",
        "지역코드": "11110",
        "층": "1",
        "해제사유발생일": null,
        "해제여부": null
    },
    {
        "거래금액": "4,700",
        "건축년도": "2000",
        "년": "2006",
        "대지권면적": "11.46",
        "법정동": "동숭동",
        "연립다세대": "(4-40)",
        "월": "9",
        "일": "18",
        "전용면적": "26.13",
        "지번": "4-40",
        "지역코드": "11110",
        "층": "3",
        "해제사유발생일": null,
        "해제여부": null
    },
    {
        "거래금액": "5,700",
        "건축년도": "2000",
        "년": "2006",
        "대지권면적": "11.46",
        "법정동": "동숭동",
        "연립다세대": "(4-40)",
        "월": "9",
        "일": "18",
        "전용면적": "26.13",
        "지번": "4-40",
        "지역코드": "11110",
        "층": "4",
        "해제사유발생일": null,
        "해제여부": null
    },
    {
        "거래금액": "6,300",
        "건축년도": "1999",
        "년": "2006",
        "대지권면적": "15.683",
        "법정동": "동숭동",
        "연립다세대": "(4-107)",
        "월": "9",
        "일": "20",
        "전용면적": "37.78",
        "지번": "4-107",
        "지역코드": "11110",
        "층": "1",
        "해제사유발생일": null,
        "해제여부": null
    },
    {
        "거래금액": "5,900",
        "건축년도": "1999",
        "년": "2006",
        "대지권면적": "14.317",
        "법정동": "동숭동",
        "연립다세대": "(4-107)",
        "월": "9",
        "일": "20",
        "전용면적": "35.04",
        "지번": "4-107",
        "지역코드": "11110",
        "층": "2",
        "해제사유발생일": null,
        "해제여부": null
    },
    {
        "거래금액": "7,300",
        "건축년도": "1999",
        "년": "2006",
        "대지권면적": "18.232",
        "법정동": "동숭동",
        "연립다세대": "(4-171)",
        "월": "9",
        "일": "20",
        "전용면적": "43.59",
        "지번": "4-171",
        "지역코드": "11110",
        "층": "2",
        "해제사유발생일": null,
        "해제여부": null
    },
    {
        "거래금액": "5,700",
        "건축년도": "1999",
        "년": "2006",
        "대지권면적": "14.343",
        "법정동": "동숭동",
        "연립다세대": "(4-171)",
        "월": "9",
        "일": "20",
        "전용면적": "34.29",
        "지번": "4-171",
        "지역코드": "11110",
        "층": "3",
        "해제사유발생일": null,
        "해제여부": null
    },
    {
        "거래금액": "13,000",
        "건축년도": "2004",
        "년": "2006",
        "대지권면적": "31.813",
        "법정동": "혜화동",
        "연립다세대": "우성빌라",
        "월": "9",
        "일": "4",
        "전용면적": "65.49",
        "지번": "6-12",
        "지역코드": "11110",
        "층": "5",
        "해제사유발생일": null,
        "해제여부": null
    },
    {
        "거래금액": "20,500",
        "건축년도": "2003",
        "년": "2006",
        "대지권면적": "40.52",
        "법정동": "혜화동",
        "연립다세대": "혜화쉐르빌(20-22)",
        "월": "9",
        "일": "18",
        "전용면적": "84.47",
        "지번": "20-22",
        "지역코드": "11110",
        "층": "4",
        "해제사유발생일": null,
        "해제여부": null
    },
    {
        "거래금액": "18,000",
        "건축년도": "1997",
        "년": "2006",
        "대지권면적": "52.88",
        "법정동": "명륜1가",
        "연립다세대": "대보하이츠빌라",
        "월": "9",
        "일": "1",
        "전용면적": "91.92",
        "지번": "81",
        "지역코드": "11110",
        "층": "4",
        "해제사유발생일": null,
        "해제여부": null
    },
    {
        "거래금액": "8,750",
        "건축년도": "1997",
        "년": "2006",
        "대지권면적": "22.741",
        "법정동": "명륜1가",
        "연립다세대": "칼라하우스A동",
        "월": "9",
        "일": "9",
        "전용면적": "36.27",
        "지번": "78-15",
        "지역코드": "11110",
        "층": "-1",
        "해제사유발생일": null,
        "해제여부": null
    },
    {
        "거래금액": "6,900",
        "건축년도": "1995",
        "년": "2006",
        "대지권면적": "19.36",
        "법정동": "명륜1가",
        "연립다세대": "정성하이츠빌라C동",
        "월": "9",
        "일": "10",
        "전용면적": "46.47",
        "지번": "5-90",
        "지역코드": "11110",
        "층": "2",
        "해제사유발생일": null,
        "해제여부": null
    },
    {
        "거래금액": "21,000",
        "건축년도": "1996",
        "년": "2006",
        "대지권면적": "40.3",
        "법정동": "명륜2가",
        "연립다세대": "대보빌라(86-9)",
        "월": "9",
        "일": "6",
        "전용면적": "84.97",
        "지번": "86-9",
        "지역코드": "11110",
        "층": "2",
        "해제사유발생일": null,
        "해제여부": null
    },
    {
        "거래금액": "21,000",
        "건축년도": "2001",
        "년": "2006",
        "대지권면적": "28.18",
        "법정동": "창신동",
        "연립다세대": "청해빌라(595-30)",
        "월": "9",
        "일": "10",
        "전용면적": "54.68",
        "지번": "595-30",
        "지역코드": "11110",
        "층": "4",
        "해제사유발생일": null,
        "해제여부": null
    },
    {
        "거래금액": "17,500",
        "건축년도": "1997",
        "년": "2006",
        "대지권면적": "47.949",
        "법정동": "창신동",
        "연립다세대": "대일빌라트 가동",
        "월": "9",
        "일": "12",
        "전용면적": "62.4",
        "지번": "23-627",
        "지역코드": "11110",
        "층": "4",
        "해제사유발생일": null,
        "해제여부": null
    },
    {
        "거래금액": "6,500",
        "건축년도": "1998",
        "년": "2006",
        "대지권면적": "10.52",
        "법정동": "창신동",
        "연립다세대": "(629-49)",
        "월": "9",
        "일": "12",
        "전용면적": "22.05",
        "지번": "629-49",
        "지역코드": "11110",
        "층": "1",
        "해제사유발생일": null,
        "해제여부": null
    },
    {
        "거래금액": "17,500",
        "건축년도": "1994",
        "년": "2006",
        "대지권면적": "38.52",
        "법정동": "창신동",
        "연립다세대": "동남레저타운 나동",
        "월": "9",
        "일": "14",
        "전용면적": "48.73",
        "지번": "598-1",
        "지역코드": "11110",
        "층": "1",
        "해제사유발생일": null,
        "해제여부": null
    },
    {
        "거래금액": "8,500",
        "건축년도": "1996",
        "년": "2006",
        "대지권면적": "12.56",
        "법정동": "창신동",
        "연립다세대": "(629-15)",
        "월": "9",
        "일": "15",
        "전용면적": "25.1",
        "지번": "629-15",
        "지역코드": "11110",
        "층": "-1",
        "해제사유발생일": null,
        "해제여부": null
    },
    {
        "거래금액": "20,500",
        "건축년도": "1997",
        "년": "2006",
        "대지권면적": "57.2",
        "법정동": "창신동",
        "연립다세대": "대일빌라트 나동",
        "월": "9",
        "일": "15",
        "전용면적": "81.42",
        "지번": "130-68",
        "지역코드": "11110",
        "층": "3",
        "해제사유발생일": null,
        "해제여부": null
    },
    {
        "거래금액": "9,500",
        "건축년도": "1989",
        "년": "2006",
        "대지권면적": "20.98",
        "법정동": "창신동",
        "연립다세대": "(619-2)",
        "월": "9",
        "일": "18",
        "전용면적": "40.75",
        "지번": "619-2",
        "지역코드": "11110",
        "층": "1",
        "해제사유발생일": null,
        "해제여부": null
    },
    {
        "거래금액": "8,600",
        "건축년도": "1994",
        "년": "2006",
        "대지권면적": "10.56",
        "법정동": "창신동",
        "연립다세대": "(639-29)",
        "월": "9",
        "일": "20",
        "전용면적": "27.79",
        "지번": "639-29",
        "지역코드": "11110",
        "층": "2",
        "해제사유발생일": null,
        "해제여부": null
    },
    {
        "거래금액": "10,500",
        "건축년도": "1998",
        "년": "2006",
        "대지권면적": "16.862",
        "법정동": "창신동",
        "연립다세대": "(616-2)",
        "월": "9",
        "일": "21",
        "전용면적": "54.09",
        "지번": "616-2",
        "지역코드": "11110",
        "층": "2",
        "해제사유발생일": null,
        "해제여부": null
    },
    {
        "거래금액": "10,000",
        "건축년도": "2005",
        "년": "2006",
        "대지권면적": "21.7",
        "법정동": "창신동",
        "연립다세대": "(607-9)",
        "월": "9",
        "일": "21",
        "전용면적": "23.4",
        "지번": "607-9",
        "지역코드": "11110",
        "층": "4",
        "해제사유발생일": null,
        "해제여부": null
    },
    {
        "거래금액": "16,700",
        "건축년도": "2006",
        "년": "2006",
        "대지권면적": "35.23",
        "법정동": "창신동",
        "연립다세대": "윤정발라",
        "월": "9",
        "일": "29",
        "전용면적": "58.44",
        "지번": "610-68",
        "지역코드": "11110",
        "층": "3",
        "해제사유발생일": null,
        "해제여부": null
    },
    {
        "거래금액": "9,700",
        "건축년도": "1997",
        "년": "2006",
        "대지권면적": "19.18",
        "법정동": "창신동",
        "연립다세대": "(629-47)",
        "월": "9",
        "일": "30",
        "전용면적": "42.48",
        "지번": "629-47",
        "지역코드": "11110",
        "층": "1",
        "해제사유발생일": null,
        "해제여부": null
    },
    {
        "거래금액": "16,100",
        "건축년도": "2003",
        "년": "2006",
        "대지권면적": "30.19",
        "법정동": "숭인동",
        "연립다세대": "현진빌라 B동",
        "월": "9",
        "일": "18",
        "전용면적": "59.21",
        "지번": "178-84",
        "지역코드": "11110",
        "층": "2",
        "해제사유발생일": null,
        "해제여부": null
    },
    {
        "거래금액": "9,900",
        "건축년도": "1996",
        "년": "2006",
        "대지권면적": "21.58",
        "법정동": "숭인동",
        "연립다세대": "미래하이츠빌라A동",
        "월": "9",
        "일": "20",
        "전용면적": "56.87",
        "지번": "595",
        "지역코드": "11110",
        "층": "3",
        "해제사유발생일": null,
        "해제여부": null
    },
    {
        "거래금액": "10,000",
        "건축년도": "2000",
        "년": "2006",
        "대지권면적": "13.1",
        "법정동": "숭인동",
        "연립다세대": "월드투룸",
        "월": "9",
        "일": "20",
        "전용면적": "36.01",
        "지번": "181-179",
        "지역코드": "11110",
        "층": "2",
        "해제사유발생일": null,
        "해제여부": null
    },
    {
        "거래금액": "4,500",
        "건축년도": "2000",
        "년": "2006",
        "대지권면적": "9.62",
        "법정동": "숭인동",
        "연립다세대": "월드원룸",
        "월": "9",
        "일": "21",
        "전용면적": "32.23",
        "지번": "181-127",
        "지역코드": "11110",
        "층": "2",
        "해제사유발생일": null,
        "해제여부": null
    },
    {
        "거래금액": "8,000",
        "건축년도": "2001",
        "년": "2006",
        "대지권면적": "24.785",
        "법정동": "숭인동",
        "연립다세대": "(633-0)",
        "월": "9",
        "일": "21",
        "전용면적": "49.3",
        "지번": "633",
        "지역코드": "11110",
        "층": "4",
        "해제사유발생일": null,
        "해제여부": null
    },
    {
        "거래금액": "13,000",
        "건축년도": "1998",
        "년": "2006",
        "대지권면적": "14.54",
        "법정동": "숭인동",
        "연립다세대": "(181-119)",
        "월": "9",
        "일": "25",
        "전용면적": "33.69",
        "지번": "181-119",
        "지역코드": "11110",
        "층": "2",
        "해제사유발생일": null,
        "해제여부": null
    },
    {
        "거래금액": "9,000",
        "건축년도": "2001",
        "년": "2006",
        "대지권면적": "16.7",
        "법정동": "숭인동",
        "연립다세대": "한서그린타운B",
        "월": "9",
        "일": "26",
        "전용면적": "50.26",
        "지번": "843",
        "지역코드": "11110",
        "층": "3",
        "해제사유발생일": null,
        "해제여부": null
    },
    {
        "거래금액": "15,500",
        "건축년도": "1997",
        "년": "2006",
        "대지권면적": "15",
        "법정동": "숭인동",
        "연립다세대": "(181-114)",
        "월": "9",
        "일": "27",
        "전용면적": "40.66",
        "지번": "181-114",
        "지역코드": "11110",
        "층": "1",
        "해제사유발생일": null,
        "해제여부": null
    },
    {
        "거래금액": "18,500",
        "건축년도": "2003",
        "년": "2006",
        "대지권면적": "26.1",
        "법정동": "숭인동",
        "연립다세대": "월드미르터",
        "월": "9",
        "일": "30",
        "전용면적": "69.08",
        "지번": "812",
        "지역코드": "11110",
        "층": "2",
        "해제사유발생일": null,
        "해제여부": null
    },
    {
        "거래금액": "5,900",
        "건축년도": "1998",
        "년": "2006",
        "대지권면적": "14.54",
        "법정동": "행촌동",
        "연립다세대": "(210-88)",
        "월": "9",
        "일": "9",
        "전용면적": "39.03",
        "지번": "210-88",
        "지역코드": "11110",
        "층": "1",
        "해제사유발생일": null,
        "해제여부": null
    },
    {
        "거래금액": "12,500",
        "건축년도": "2001",
        "년": "2006",
        "대지권면적": "23.69",
        "법정동": "행촌동",
        "연립다세대": "성우빌라C동",
        "월": "9",
        "일": "20",
        "전용면적": "59.94",
        "지번": "171-135",
        "지역코드": "11110",
        "층": "4",
        "해제사유발생일": null,
        "해제여부": null
    },
    {
        "거래금액": "4,000",
        "건축년도": "1996",
        "년": "2006",
        "대지권면적": "15.9",
        "법정동": "행촌동",
        "연립다세대": "(210-86)",
        "월": "9",
        "일": "27",
        "전용면적": "29.92",
        "지번": "210-86",
        "지역코드": "11110",
        "층": "1",
        "해제사유발생일": null,
        "해제여부": null
    },
    {
        "거래금액": "3,700",
        "건축년도": "1996",
        "년": "2006",
        "대지권면적": "13.2",
        "법정동": "행촌동",
        "연립다세대": "(210-86)",
        "월": "9",
        "일": "27",
        "전용면적": "25",
        "지번": "210-86",
        "지역코드": "11110",
        "층": "2",
        "해제사유발생일": null,
        "해제여부": null
    },
    {
        "거래금액": "4,000",
        "건축년도": "1996",
        "년": "2006",
        "대지권면적": "16.8",
        "법정동": "행촌동",
        "연립다세대": "(210-86)",
        "월": "9",
        "일": "27",
        "전용면적": "31.72",
        "지번": "210-86",
        "지역코드": "11110",
        "층": "-1",
        "해제사유발생일": null,
        "해제여부": null
    },
    {
        "거래금액": "64,000",
        "건축년도": "2002",
        "년": "2006",
        "대지권면적": "167.98",
        "법정동": "구기동",
        "연립다세대": "형인스카이빌",
        "월": "9",
        "일": "5",
        "전용면적": "137.96",
        "지번": "230-19",
        "지역코드": "11110",
        "층": "3",
        "해제사유발생일": null,
        "해제여부": null
    },
    {
        "거래금액": "22,500",
        "건축년도": "1996",
        "년": "2006",
        "대지권면적": "103.15",
        "법정동": "구기동",
        "연립다세대": "동익빌라",
        "월": "9",
        "일": "18",
        "전용면적": "84.84",
        "지번": "40",
        "지역코드": "11110",
        "층": "2",
        "해제사유발생일": null,
        "해제여부": null
    },
    {
        "거래금액": "23,800",
        "건축년도": "1996",
        "년": "2006",
        "대지권면적": "103.15",
        "법정동": "구기동",
        "연립다세대": "동익빌라",
        "월": "9",
        "일": "23",
        "전용면적": "84.84",
        "지번": "40",
        "지역코드": "11110",
        "층": "1",
        "해제사유발생일": null,
        "해제여부": null
    },
    {
        "거래금액": "50,000",
        "건축년도": "2003",
        "년": "2006",
        "대지권면적": "98.02",
        "법정동": "구기동",
        "연립다세대": "삼보월드빌(다동)",
        "월": "9",
        "일": "29",
        "전용면적": "102.38",
        "지번": "70-4",
        "지역코드": "11110",
        "층": "2",
        "해제사유발생일": null,
        "해제여부": null
    },
    {
        "거래금액": "34,500",
        "건축년도": "1979",
        "년": "2006",
        "대지권면적": "171.5",
        "법정동": "평창동",
        "연립다세대": "럭키빌라(D동)",
        "월": "9",
        "일": "4",
        "전용면적": "109.26",
        "지번": "175-20",
        "지역코드": "11110",
        "층": "1",
        "해제사유발생일": null,
        "해제여부": null
    },
    {
        "거래금액": "7,000",
        "건축년도": "1989",
        "년": "2006",
        "대지권면적": "50.81",
        "법정동": "평창동",
        "연립다세대": "금강하이츠빌라",
        "월": "9",
        "일": "5",
        "전용면적": "39.67",
        "지번": "64-3",
        "지역코드": "11110",
        "층": "3",
        "해제사유발생일": null,
        "해제여부": null
    },
    {
        "거래금액": "14,800",
        "건축년도": "1989",
        "년": "2006",
        "대지권면적": "61.97",
        "법정동": "평창동",
        "연립다세대": "금강하이츠빌라",
        "월": "9",
        "일": "5",
        "전용면적": "49.57",
        "지번": "64-3",
        "지역코드": "11110",
        "층": "1",
        "해제사유발생일": null,
        "해제여부": null
    },
    {
        "거래금액": "18,300",
        "건축년도": "1989",
        "년": "2006",
        "대지권면적": "69.57",
        "법정동": "평창동",
        "연립다세대": "금강하이츠빌라",
        "월": "9",
        "일": "8",
        "전용면적": "56.32",
        "지번": "64-3",
        "지역코드": "11110",
        "층": "3",
        "해제사유발생일": null,
        "해제여부": null
    },
    {
        "거래금액": "28,000",
        "건축년도": "1992",
        "년": "2006",
        "대지권면적": "104.37",
        "법정동": "평창동",
        "연립다세대": "금강주택",
        "월": "9",
        "일": "8",
        "전용면적": "84.95",
        "지번": "170",
        "지역코드": "11110",
        "층": "1",
        "해제사유발생일": null,
        "해제여부": null
    },
    {
        "거래금액": "26,000",
        "건축년도": "1994",
        "년": "2006",
        "대지권면적": "81.48",
        "법정동": "평창동",
        "연립다세대": "힐사이드빌라",
        "월": "9",
        "일": "9",
        "전용면적": "88.33",
        "지번": "329-1",
        "지역코드": "11110",
        "층": "1",
        "해제사유발생일": null,
        "해제여부": null
    },
    {
        "거래금액": "45,000",
        "건축년도": "1990",
        "년": "2006",
        "대지권면적": "113.4",
        "법정동": "평창동",
        "연립다세대": "엘림빌라",
        "월": "9",
        "일": "11",
        "전용면적": "102.12",
        "지번": "108-9",
        "지역코드": "11110",
        "층": "3",
        "해제사유발생일": null,
        "해제여부": null
    },
    {
        "거래금액": "11,050",
        "건축년도": "1995",
        "년": "2006",
        "대지권면적": "37.64",
        "법정동": "평창동",
        "연립다세대": "효진빌라",
        "월": "9",
        "일": "14",
        "전용면적": "63.99",
        "지번": "295-1",
        "지역코드": "11110",
        "층": "2",
        "해제사유발생일": null,
        "해제여부": null
    },
    {
        "거래금액": "23,800",
        "건축년도": "1992",
        "년": "2006",
        "대지권면적": "106.83",
        "법정동": "평창동",
        "연립다세대": "금강주택",
        "월": "9",
        "일": "14",
        "전용면적": "84.95",
        "지번": "170",
        "지역코드": "11110",
        "층": "1",
        "해제사유발생일": null,
        "해제여부": null
    },
    {
        "거래금액": "22,000",
        "건축년도": "1994",
        "년": "2006",
        "대지권면적": "377.79",
        "법정동": "평창동",
        "연립다세대": "예원주택",
        "월": "9",
        "일": "16",
        "전용면적": "111.13",
        "지번": "162-4",
        "지역코드": "11110",
        "층": "2",
        "해제사유발생일": null,
        "해제여부": null
    },
    {
        "거래금액": "29,700",
        "건축년도": "1992",
        "년": "2006",
        "대지권면적": "104.37",
        "법정동": "평창동",
        "연립다세대": "금강주택",
        "월": "9",
        "일": "19",
        "전용면적": "84.95",
        "지번": "170",
        "지역코드": "11110",
        "층": "2",
        "해제사유발생일": null,
        "해제여부": null
    },
    {
        "거래금액": "29,500",
        "건축년도": "1986",
        "년": "2006",
        "대지권면적": "121.66",
        "법정동": "평창동",
        "연립다세대": "럭키평창빌라",
        "월": "9",
        "일": "19",
        "전용면적": "84.84",
        "지번": "329-2",
        "지역코드": "11110",
        "층": "3",
        "해제사유발생일": null,
        "해제여부": null
    },
    {
        "거래금액": "17,300",
        "건축년도": "1996",
        "년": "2006",
        "대지권면적": "45.36",
        "법정동": "평창동",
        "연립다세대": "청기와타운",
        "월": "9",
        "일": "20",
        "전용면적": "68.78",
        "지번": "33-3",
        "지역코드": "11110",
        "층": "1",
        "해제사유발생일": null,
        "해제여부": null
    },
    {
        "거래금액": "11,350",
        "건축년도": "2002",
        "년": "2006",
        "대지권면적": "24.46",
        "법정동": "평창동",
        "연립다세대": "이노빌라",
        "월": "9",
        "일": "23",
        "전용면적": "49.97",
        "지번": "293-52",
        "지역코드": "11110",
        "층": "4",
        "해제사유발생일": null,
        "해제여부": null
    },
    {
        "거래금액": "27,000",
        "건축년도": "1992",
        "년": "2006",
        "대지권면적": "104.36",
        "법정동": "평창동",
        "연립다세대": "금강주택",
        "월": "9",
        "일": "27",
        "전용면적": "84.95",
        "지번": "170",
        "지역코드": "11110",
        "층": "2",
        "해제사유발생일": null,
        "해제여부": null
    },
    {
        "거래금액": "58,000",
        "건축년도": "1986",
        "년": "2006",
        "대지권면적": "229.8",
        "법정동": "평창동",
        "연립다세대": "삼호빌라",
        "월": "9",
        "일": "29",
        "전용면적": "199.36",
        "지번": "179-1",
        "지역코드": "11110",
        "층": "3",
        "해제사유발생일": null,
        "해제여부": null
    },
    {
        "거래금액": "45,000",
        "건축년도": "1998",
        "년": "2006",
        "대지권면적": "233.75",
        "법정동": "부암동",
        "연립다세대": "승림힐스",
        "월": "9",
        "일": "10",
        "전용면적": "231.44",
        "지번": "126",
        "지역코드": "11110",
        "층": "1",
        "해제사유발생일": null,
        "해제여부": null
    },
    {
        "거래금액": "45,000",
        "건축년도": "1998",
        "년": "2006",
        "대지권면적": "233.75",
        "법정동": "부암동",
        "연립다세대": "승림힐스",
        "월": "9",
        "일": "10",
        "전용면적": "231.44",
        "지번": "126",
        "지역코드": "11110",
        "층": "1",
        "해제사유발생일": null,
        "해제여부": null
    },
    {
        "거래금액": "23,000",
        "건축년도": "1994",
        "년": "2006",
        "대지권면적": "114",
        "법정동": "부암동",
        "연립다세대": "동우빌라",
        "월": "9",
        "일": "19",
        "전용면적": "124.3",
        "지번": "208-10",
        "지역코드": "11110",
        "층": "1",
        "해제사유발생일": null,
        "해제여부": null
    },
    {
        "거래금액": "28,000",
        "건축년도": "2006",
        "년": "2006",
        "대지권면적": "40.04",
        "법정동": "부암동",
        "연립다세대": "베네스트",
        "월": "9",
        "일": "20",
        "전용면적": "82.95",
        "지번": "208-40",
        "지역코드": "11110",
        "층": "4",
        "해제사유발생일": null,
        "해제여부": null
    },
    {
        "거래금액": "51,000",
        "건축년도": "1997",
        "년": "2006",
        "대지권면적": "218.9",
        "법정동": "부암동",
        "연립다세대": "석하빌라",
        "월": "9",
        "일": "25",
        "전용면적": "166.35",
        "지번": "237-7",
        "지역코드": "11110",
        "층": "3",
        "해제사유발생일": null,
        "해제여부": null
    },
    {
        "거래금액": "20,000",
        "건축년도": "2003",
        "년": "2006",
        "대지권면적": "39.12",
        "법정동": "부암동",
        "연립다세대": "시아부암아이윌(B동)",
        "월": "9",
        "일": "26",
        "전용면적": "73.08",
        "지번": "182-39",
        "지역코드": "11110",
        "층": "1",
        "해제사유발생일": null,
        "해제여부": null
    },
    {
        "거래금액": "7,750",
        "건축년도": "1995",
        "년": "2006",
        "대지권면적": "41.57",
        "법정동": "신영동",
        "연립다세대": "흥륜",
        "월": "9",
        "일": "1",
        "전용면적": "44.96",
        "지번": "214-61",
        "지역코드": "11110",
        "층": "3",
        "해제사유발생일": null,
        "해제여부": null
    },
    {
        "거래금액": "17,600",
        "건축년도": "1983",
        "년": "2006",
        "대지권면적": "87.47",
        "법정동": "신영동",
        "연립다세대": "신영빌라",
        "월": "9",
        "일": "4",
        "전용면적": "102.93",
        "지번": "3-3",
        "지역코드": "11110",
        "층": "2",
        "해제사유발생일": null,
        "해제여부": null
    },
    {
        "거래금액": "11,900",
        "건축년도": "1989",
        "년": "2006",
        "대지권면적": "19.93",
        "법정동": "신영동",
        "연립다세대": "완성빌라",
        "월": "9",
        "일": "6",
        "전용면적": "49.32",
        "지번": "212-1",
        "지역코드": "11110",
        "층": "2",
        "해제사유발생일": null,
        "해제여부": null
    },
    {
        "거래금액": "14,700",
        "건축년도": "1989",
        "년": "2006",
        "대지권면적": "23.042",
        "법정동": "신영동",
        "연립다세대": "완성빌라",
        "월": "9",
        "일": "7",
        "전용면적": "57.96",
        "지번": "212-1",
        "지역코드": "11110",
        "층": "2",
        "해제사유발생일": null,
        "해제여부": null
    },
    {
        "거래금액": "24,500",
        "건축년도": "1987",
        "년": "2006",
        "대지권면적": "103.37",
        "법정동": "신영동",
        "연립다세대": "삼성중앙빌라",
        "월": "9",
        "일": "7",
        "전용면적": "79.56",
        "지번": "150-6",
        "지역코드": "11110",
        "층": "2",
        "해제사유발생일": null,
        "해제여부": null
    },
    {
        "거래금액": "8,000",
        "건축년도": "2002",
        "년": "2006",
        "대지권면적": "51.09",
        "법정동": "신영동",
        "연립다세대": "초원빌라",
        "월": "9",
        "일": "8",
        "전용면적": "52.65",
        "지번": "30-7",
        "지역코드": "11110",
        "층": "2",
        "해제사유발생일": null,
        "해제여부": null
    },
    {
        "거래금액": "17,300",
        "건축년도": "1978",
        "년": "2006",
        "대지권면적": "103.9",
        "법정동": "신영동",
        "연립다세대": "청암빌라",
        "월": "9",
        "일": "10",
        "전용면적": "64.5",
        "지번": "72-33",
        "지역코드": "11110",
        "층": "2",
        "해제사유발생일": null,
        "해제여부": null
    },
    {
        "거래금액": "13,500",
        "건축년도": "1984",
        "년": "2006",
        "대지권면적": "82.25",
        "법정동": "신영동",
        "연립다세대": "세검빌라",
        "월": "9",
        "일": "13",
        "전용면적": "89.62",
        "지번": "229-8",
        "지역코드": "11110",
        "층": "3",
        "해제사유발생일": null,
        "해제여부": null
    },
    {
        "거래금액": "9,000",
        "건축년도": "1988",
        "년": "2006",
        "대지권면적": "60.05",
        "법정동": "신영동",
        "연립다세대": "동궁",
        "월": "9",
        "일": "14",
        "전용면적": "48.22",
        "지번": "233",
        "지역코드": "11110",
        "층": "-1",
        "해제사유발생일": null,
        "해제여부": null
    },
    {
        "거래금액": "25,000",
        "건축년도": "1987",
        "년": "2006",
        "대지권면적": "99.32",
        "법정동": "신영동",
        "연립다세대": "경동빌라",
        "월": "9",
        "일": "27",
        "전용면적": "104.63",
        "지번": "167-1",
        "지역코드": "11110",
        "층": "1",
        "해제사유발생일": null,
        "해제여부": null
    }
]