[
    {
        "거래금액": "9,000",
        "건축년도": "1968",
        "년": "2006",
        "법정동": "인현동2가",
        "아파트": "신성상가",
        "월": "1",
        "일": "24",
        "전용면적": "42.31",
        "지번": "192-30",
        "지역코드": "11140",
        "층": "7",
        "해제사유발생일": null,
        "해제여부": null
    },
    {
        "거래금액": "15,000",
        "건축년도": "1999",
        "년": "2006",
        "법정동": "예장동",
        "아파트": "삼익",
        "월": "1",
        "일": "14",
        "전용면적": "59.58",
        "지번": "9",
        "지역코드": "11140",
        "층": "4",
        "해제사유발생일": null,
        "해제여부": null
    },
    {
        "거래금액": "22,000",
        "건축년도": "2002",
        "년": "2006",
        "법정동": "신당동",
        "아파트": "남산타운",
        "월": "1",
        "일": "2",
        "전용면적": "59.94",
        "지번": "844",
        "지역코드": "11140",
        "층": "1",
        "해제사유발생일": null,
        "해제여부": null
    },
    {
        "거래금액": "52,000",
        "건축년도": "2002",
        "년": "2006",
        "법정동": "신당동",
        "아파트": "남산타운",
        "월": "1",
        "일": "9",
        "전용면적": "84.88",
        "지번": "844",
        "지역코드": "11140",
        "층": "15",
        "해제사유발생일": null,
        "해제여부": null
    },
    {
        "거래금액": "62,500",
        "건축년도": "2005",
        "년": "2006",
        "법정동": "신당동",
        "아파트": "신당푸르지오",
        "월": "1",
        "일": "10",
        "전용면적": "145.1",
        "지번": "850",
        "지역코드": "11140",
        "층": "2",
        "해제사유발생일": null,
        "해제여부": null
    },
    {
        "거래금액": "60,015",
        "건축년도": "2005",
        "년": "2006",
        "법정동": "신당동",
        "아파트": "남산정은스카이",
        "월": "1",
        "일": "10",
        "전용면적": "143.049",
        "지번": "366-126",
        "지역코드": "11140",
        "층": "2",
        "해제사유발생일": null,
        "해제여부": null
    },
    {
        "거래금액": "41,500",
        "건축년도": "2005",
        "년": "2006",
        "법정동": "신당동",
        "아파트": "신당푸르지오",
        "월": "1",
        "일": "11",
        "전용면적": "84.76",
        "지번": "850",
        "지역코드": "11140",
        "층": "10",
        "해제사유발생일": null,
        "해제여부": null
    },
    {
        "거래금액": "40,500",
        "건축년도": "1993",
        "년": "2006",
        "법정동": "신당동",
        "아파트": "현대",
        "월": "1",
        "일": "11",
        "전용면적": "139.275",
        "지번": "840",
        "지역코드": "11140",
        "층": "4",
        "해제사유발생일": null,
        "해제여부": null
    },
    {
        "거래금액": "31,900",
        "건축년도": "2002",
        "년": "2006",
        "법정동": "신당동",
        "아파트": "남산타운",
        "월": "1",
        "일": "12",
        "전용면적": "59.94",
        "지번": "844",
        "지역코드": "11140",
        "층": "12",
        "해제사유발생일": null,
        "해제여부": null
    },
    {
        "거래금액": "31,000",
        "건축년도": "1999",
        "년": "2006",
        "법정동": "신당동",
        "아파트": "약수하이츠",
        "월": "1",
        "일": "12",
        "전용면적": "84.88",
        "지번": "842",
        "지역코드": "11140",
        "층": "18",
        "해제사유발생일": null,
        "해제여부": null
    },
    {
        "거래금액": "24,600",
        "건축년도": "1999",
        "년": "2006",
        "법정동": "신당동",
        "아파트": "삼성",
        "월": "1",
        "일": "15",
        "전용면적": "59.98",
        "지번": "843",
        "지역코드": "11140",
        "층": "6",
        "해제사유발생일": null,
        "해제여부": null
    },
    {
        "거래금액": "21,000",
        "건축년도": "2000",
        "년": "2006",
        "법정동": "신당동",
        "아파트": "약수넥스빌",
        "월": "1",
        "일": "15",
        "전용면적": "84.93",
        "지번": "377-26",
        "지역코드": "11140",
        "층": "5",
        "해제사유발생일": null,
        "해제여부": null
    },
    {
        "거래금액": "36,000",
        "건축년도": "1999",
        "년": "2006",
        "법정동": "신당동",
        "아파트": "약수하이츠",
        "월": "1",
        "일": "16",
        "전용면적": "84.88",
        "지번": "842",
        "지역코드": "11140",
        "층": "17",
        "해제사유발생일": null,
        "해제여부": null
    },
    {
        "거래금액": "66,750",
        "건축년도": "2005",
        "년": "2006",
        "법정동": "신당동",
        "아파트": "신당푸르지오",
        "월": "1",
        "일": "16",
        "전용면적": "145.1",
        "지번": "850",
        "지역코드": "11140",
        "층": "10",
        "해제사유발생일": null,
        "해제여부": null
    },
    {
        "거래금액": "35,200",
        "건축년도": "1999",
        "년": "2006",
        "법정동": "신당동",
        "아파트": "삼성",
        "월": "1",
        "일": "16",
        "전용면적": "84.96",
        "지번": "843",
        "지역코드": "11140",
        "층": "10",
        "해제사유발생일": null,
        "해제여부": null
    },
    {
        "거래금액": "44,000",
        "건축년도": "1999",
        "년": "2006",
        "법정동": "신당동",
        "아파트": "삼성",
        "월": "1",
        "일": "17",
        "전용면적": "114.91",
        "지번": "843",
        "지역코드": "11140",
        "층": "18",
        "해제사유발생일": null,
        "해제여부": null
    },
    {
        "거래금액": "28,000",
        "건축년도": "2005",
        "년": "2006",
        "법정동": "신당동",
        "아파트": "신당푸르지오",
        "월": "1",
        "일": "18",
        "전용면적": "59.85",
        "지번": "850",
        "지역코드": "11140",
        "층": "3",
        "해제사유발생일": null,
        "해제여부": null
    },
    {
        "거래금액": "70,800",
        "건축년도": "2002",
        "년": "2006",
        "법정동": "신당동",
        "아파트": "남산타운",
        "월": "1",
        "일": "18",
        "전용면적": "114.88",
        "지번": "844",
        "지역코드": "11140",
        "층": "15",
        "해제사유발생일": null,
        "해제여부": null
    },
    {
        "거래금액": "27,000",
        "건축년도": "1999",
        "년": "2006",
        "법정동": "신당동",
        "아파트": "약수하이츠",
        "월": "1",
        "일": "19",
        "전용면적": "57.63",
        "지번": "842",
        "지역코드": "11140",
        "층": "6",
        "해제사유발생일": null,
        "해제여부": null
    },
    {
        "거래금액": "60,000",
        "건축년도": "2005",
        "년": "2006",
        "법정동": "신당동",
        "아파트": "신당푸르지오",
        "월": "1",
        "일": "20",
        "전용면적": "114.48",
        "지번": "850",
        "지역코드": "11140",
        "층": "13",
        "해제사유발생일": null,
        "해제여부": null
    },
    {
        "거래금액": "28,900",
        "건축년도": "2002",
        "년": "2006",
        "법정동": "신당동",
        "아파트": "남산타운",
        "월": "1",
        "일": "20",
        "전용면적": "59.94",
        "지번": "844",
        "지역코드": "11140",
        "층": "16",
        "해제사유발생일": null,
        "해제여부": null
    },
    {
        "거래금액": "37,000",
        "건축년도": "1999",
        "년": "2006",
        "법정동": "신당동",
        "아파트": "삼성",
        "월": "1",
        "일": "21",
        "전용면적": "84.96",
        "지번": "843",
        "지역코드": "11140",
        "층": "23",
        "해제사유발생일": null,
        "해제여부": null
    },
    {
        "거래금액": "24,500",
        "건축년도": "1993",
        "년": "2006",
        "법정동": "신당동",
        "아파트": "현대",
        "월": "1",
        "일": "21",
        "전용면적": "79.11",
        "지번": "840",
        "지역코드": "11140",
        "층": "10",
        "해제사유발생일": null,
        "해제여부": null
    },
    {
        "거래금액": "21,000",
        "건축년도": "1993",
        "년": "2006",
        "법정동": "신당동",
        "아파트": "현대",
        "월": "1",
        "일": "21",
        "전용면적": "66.6",
        "지번": "840",
        "지역코드": "11140",
        "층": "9",
        "해제사유발생일": null,
        "해제여부": null
    },
    {
        "거래금액": "40,500",
        "건축년도": "1993",
        "년": "2006",
        "법정동": "신당동",
        "아파트": "현대",
        "월": "1",
        "일": "23",
        "전용면적": "122.275",
        "지번": "840",
        "지역코드": "11140",
        "층": "8",
        "해제사유발생일": null,
        "해제여부": null
    },
    {
        "거래금액": "38,600",
        "건축년도": "1999",
        "년": "2006",
        "법정동": "신당동",
        "아파트": "삼성",
        "월": "1",
        "일": "24",
        "전용면적": "84.96",
        "지번": "843",
        "지역코드": "11140",
        "층": "13",
        "해제사유발생일": null,
        "해제여부": null
    },
    {
        "거래금액": "38,000",
        "건축년도": "1999",
        "년": "2006",
        "법정동": "신당동",
        "아파트": "약수하이츠",
        "월": "1",
        "일": "25",
        "전용면적": "84.88",
        "지번": "842",
        "지역코드": "11140",
        "층": "9",
        "해제사유발생일": null,
        "해제여부": null
    },
    {
        "거래금액": "23,800",
        "건축년도": "1993",
        "년": "2006",
        "법정동": "신당동",
        "아파트": "현대",
        "월": "1",
        "일": "25",
        "전용면적": "79.11",
        "지번": "840",
        "지역코드": "11140",
        "층": "6",
        "해제사유발생일": null,
        "해제여부": null
    },
    {
        "거래금액": "26,850",
        "건축년도": "1993",
        "년": "2006",
        "법정동": "신당동",
        "아파트": "현대",
        "월": "1",
        "일": "31",
        "전용면적": "83.97",
        "지번": "840",
        "지역코드": "11140",
        "층": "13",
        "해제사유발생일": null,
        "해제여부": null
    },
    {
        "거래금액": "93,130",
        "건축년도": "2005",
        "년": "2006",
        "법정동": "신당동",
        "아파트": "남산정은스카이",
        "월": "1",
        "일": "31",
        "전용면적": "142.109",
        "지번": "366-126",
        "지역코드": "11140",
        "층": "1",
        "해제사유발생일": null,
        "해제여부": null
    },
    {
        "거래금액": "6,500",
        "건축년도": "1971",
        "년": "2006",
        "법정동": "중림동",
        "아파트": "성요셉",
        "월": "1",
        "일": "9",
        "전용면적": "41.32",
        "지번": "149",
        "지역코드": "11140",
        "층": "4",
        "해제사유발생일": null,
        "해제여부": null
    },
    {
        "거래금액": "42,000",
        "건축년도": "2001",
        "년": "2006",
        "법정동": "중림동",
        "아파트": "삼성사이버빌리지",
        "월": "1",
        "일": "20",
        "전용면적": "84.93",
        "지번": "200",
        "지역코드": "11140",
        "층": "11",
        "해제사유발생일": null,
        "해제여부": null
    },
    {
        "거래금액": "30,500",
        "건축년도": "2001",
        "년": "2006",
        "법정동": "중림동",
        "아파트": "삼성사이버빌리지",
        "월": "1",
        "일": "22",
        "전용면적": "59.93",
        "지번": "200",
        "지역코드": "11140",
        "층": "3",
        "해제사유발생일": null,
        "해제여부": null
    },
    {
        "거래금액": "46,900",
        "건축년도": "2001",
        "년": "2006",
        "법정동": "중림동",
        "아파트": "삼성사이버빌리지",
        "월": "1",
        "일": "22",
        "전용면적": "84.95",
        "지번": "200",
        "지역코드": "11140",
        "층": "14",
        "해제사유발생일": null,
        "해제여부": null
    },
    {
        "거래금액": "40,000",
        "건축년도": "2005",
        "년": "2006",
        "법정동": "만리동1가",
        "아파트": "SY파크힐",
        "월": "1",
        "일": "18",
        "전용면적": "148.62",
        "지번": "56-11",
        "지역코드": "11140",
        "층": "5",
        "해제사유발생일": null,
        "해제여부": null
    },
    {
        "거래금액": "29,500",
        "건축년도": "1983",
        "년": "2006",
        "법정동": "당주동",
        "아파트": "세종",
        "월": "1",
        "일": "17",
        "전용면적": "93.4",
        "지번": "100",
        "지역코드": "11110",
        "층": "6",
        "해제사유발생일": null,
        "해제여부": null
    },
    {
        "거래금액": "15,741",
        "건축년도": "1998",
        "년": "2006",
        "법정동": "익선동",
        "아파트": "운현신화타워",
        "월": "1",
        "일": "9",
        "전용면적": "57.18",
        "지번": "30-6",
        "지역코드": "11110",
        "층": "12",
        "해제사유발생일": null,
        "해제여부": null
    },
    {
        "거래금액": "23,198",
        "건축년도": "1998",
        "년": "2006",
        "법정동": "익선동",
        "아파트": "운현신화타워",
        "월": "1",
        "일": "10",
        "전용면적": "84.26",
        "지번": "30-6",
        "지역코드": "11110",
        "층": "6",
        "해제사유발생일": null,
        "해제여부": null
    },
    {
        "거래금액": "23,198",
        "건축년도": "1998",
        "년": "2006",
        "법정동": "익선동",
        "아파트": "운현신화타워",
        "월": "1",
        "일": "12",
        "전용면적": "84.26",
        "지번": "30-6",
        "지역코드": "11110",
        "층": "14",
        "해제사유발생일": null,
        "해제여부": null
    },
    {
        "거래금액": "21,535",
        "건축년도": "1998",
        "년": "2006",
        "법정동": "익선동",
        "아파트": "운현신화타워",
        "월": "1",
        "일": "20",
        "전용면적": "78.23",
        "지번": "30-6",
        "지역코드": "11110",
        "층": "15",
        "해제사유발생일": null,
        "해제여부": null
    },
    {
        "거래금액": "21,500",
        "건축년도": "1999",
        "년": "2006",
        "법정동": "명륜2가",
        "아파트": "아남3",
        "월": "1",
        "일": "11",
        "전용면적": "47.43",
        "지번": "237",
        "지역코드": "11110",
        "층": "6",
        "해제사유발생일": null,
        "해제여부": null
    },
    {
        "거래금액": "20,000",
        "건축년도": "1999",
        "년": "2006",
        "법정동": "명륜2가",
        "아파트": "아남3",
        "월": "1",
        "일": "19",
        "전용면적": "44.37",
        "지번": "237",
        "지역코드": "11110",
        "층": "8",
        "해제사유발생일": null,
        "해제여부": null
    },
    {
        "거래금액": "16,800",
        "건축년도": "1992",
        "년": "2006",
        "법정동": "창신동",
        "아파트": "창신쌍용1",
        "월": "1",
        "일": "11",
        "전용면적": "54.7",
        "지번": "702",
        "지역코드": "11110",
        "층": "8",
        "해제사유발생일": null,
        "해제여부": null
    },
    {
        "거래금액": "16,500",
        "건축년도": "1993",
        "년": "2006",
        "법정동": "창신동",
        "아파트": "창신쌍용2",
        "월": "1",
        "일": "19",
        "전용면적": "64.66",
        "지번": "703",
        "지역코드": "11110",
        "층": "11",
        "해제사유발생일": null,
        "해제여부": null
    },
    {
        "거래금액": "28,000",
        "건축년도": "1993",
        "년": "2006",
        "법정동": "창신동",
        "아파트": "창신쌍용2",
        "월": "1",
        "일": "20",
        "전용면적": "106.62",
        "지번": "703",
        "지역코드": "11110",
        "층": "7",
        "해제사유발생일": null,
        "해제여부": null
    },
    {
        "거래금액": "19,200",
        "건축년도": "1993",
        "년": "2006",
        "법정동": "창신동",
        "아파트": "창신쌍용2",
        "월": "1",
        "일": "23",
        "전용면적": "79.87",
        "지번": "703",
        "지역코드": "11110",
        "층": "12",
        "해제사유발생일": null,
        "해제여부": null
    },
    {
        "거래금액": "15,950",
        "건축년도": "1992",
        "년": "2006",
        "법정동": "창신동",
        "아파트": "창신쌍용1",
        "월": "1",
        "일": "28",
        "전용면적": "54.7",
        "지번": "702",
        "지역코드": "11110",
        "층": "9",
        "해제사유발생일": null,
        "해제여부": null
    },
    {
        "거래금액": "10,500",
        "건축년도": "1998",
        "년": "2006",
        "법정동": "숭인동",
        "아파트": "하림빌라트",
        "월": "1",
        "일": "3",
        "전용면적": "47.63",
        "지번": "473",
        "지역코드": "11110",
        "층": "4",
        "해제사유발생일": null,
        "해제여부": null
    },
    {
        "거래금액": "17,500",
        "건축년도": "1996",
        "년": "2006",
        "법정동": "평창동",
        "아파트": "일성빌라트",
        "월": "1",
        "일": "24",
        "전용면적": "59.82",
        "지번": "145-5",
        "지역코드": "11110",
        "층": "1",
        "해제사유발생일": null,
        "해제여부": null
    },
    {
        "거래금액": "27,000",
        "건축년도": "1996",
        "년": "2006",
        "법정동": "평창동",
        "아파트": "일성빌라트",
        "월": "1",
        "일": "27",
        "전용면적": "84.99",
        "지번": "145-5",
        "지역코드": "11110",
        "층": "1",
        "해제사유발생일": null,
        "해제여부": null
    },
    {
        "거래금액": "33,500",
        "건축년도": "1996",
        "년": "2006",
        "법정동": "평창동",
        "아파트": "일성빌라트",
        "월": "1",
        "일": "31",
        "전용면적": "84.99",
        "지번": "145-5",
        "지역코드": "11110",
        "층": "4",
        "해제사유발생일": null,
        "해제여부": null
    },
    {
        "거래금액": "16,500",
        "건축년도": "1998",
        "년": "2006",
        "법정동": "신영동",
        "아파트": "대아파크빌",
        "월": "1",
        "일": "16",
        "전용면적": "59.22",
        "지번": "254",
        "지역코드": "11110",
        "층": "13",
        "해제사유발생일": null,
        "해제여부": null
    },
    {
        "거래금액": "16,000",
        "건축년도": "1998",
        "년": "2006",
        "법정동": "신영동",
        "아파트": "대아파크빌",
        "월": "1",
        "일": "16",
        "전용면적": "59.22",
        "지번": "254",
        "지역코드": "11110",
        "층": "9",
        "해제사유발생일": null,
        "해제여부": null
    },
    {
        "거래금액": "42,500",
        "건축년도": "2000",
        "년": "2006",
        "법정동": "무악동",
        "아파트": "현대",
        "월": "1",
        "일": "4",
        "전용면적": "84.92",
        "지번": "82",
        "지역코드": "11110",
        "층": "20",
        "해제사유발생일": null,
        "해제여부": null
    },
    {
        "거래금액": "41,500",
        "건축년도": "2000",
        "년": "2006",
        "법정동": "무악동",
        "아파트": "현대",
        "월": "1",
        "일": "17",
        "전용면적": "84.92",
        "지번": "82",
        "지역코드": "11110",
        "층": "9",
        "해제사유발생일": null,
        "해제여부": null
    },
    {
        "거래금액": "26,700",
        "건축년도": "2000",
        "년": "2006",
        "법정동": "무악동",
        "아파트": "현대",
        "월": "1",
        "일": "18",
        "전용면적": "60",
        "지번": "82",
        "지역코드": "11110",
        "층": "13",
        "해제사유발생일": null,
        "해제여부": null
    },
    {
        "거래금액": "24,000",
        "건축년도": "2000",
        "년": "2006",
        "법정동": "무악동",
        "아파트": "현대",
        "월": "1",
        "일": "24",
        "전용면적": "60",
        "지번": "82",
        "지역코드": "11110",
        "층": "3",
        "해제사유발생일": null,
        "해제여부": null
    },
    {
        "거래금액": "56,500",
        "건축년도": "2000",
        "년": "2006",
        "법정동": "무악동",
        "아파트": "현대",
        "월": "1",
        "일": "27",
        "전용면적": "114.9",
        "지번": "82",
        "지역코드": "11110",
        "층": "9",
        "해제사유발생일": null,
        "해제여부": null
    },
    {
        "거래금액": "52,000",
        "건축년도": "2000",
        "년": "2006",
        "법정동": "무악동",
        "아파트": "현대",
        "월": "1",
        "일": "28",
        "전용면적": "114.9",
        "지번": "82",
        "지역코드": "11110",
        "층": "10",
        "해제사유발생일": null,
        "해제여부": null
    }
]