[
    {
        "거래금액": "12,000",
        "건축년도": "1977",
        "년": "2006",
        "대지권면적": "48",
        "법정동": "장충동2가",
        "연립다세대": "(190-30)",
        "월": "1",
        "일": "20",
        "전용면적": "34.15",
        "지번": "190-30",
        "지역코드": "11140",
        "층": "1",
        "해제사유발생일": null,
        "해제여부": null
    },
    {
        "거래금액": "11,000",
        "건축년도": "1994",
        "년": "2006",
        "대지권면적": "31.8",
        "법정동": "신당동",
        "연립다세대": "대명빌라",
        "월": "1",
        "일": "11",
        "전용면적": "49.38",
        "지번": "346-461",
        "지역코드": "11140",
        "층": "1",
        "해제사유발생일": null,
        "해제여부": null
    },
    {
        "거래금액": "17,000",
        "건축년도": "2003",
        "년": "2006",
        "대지권면적": "24.68",
        "법정동": "신당동",
        "연립다세대": "로얄하이츠빌라(620-0)",
        "월": "1",
        "일": "15",
        "전용면적": "63.25",
        "지번": "620",
        "지역코드": "11140",
        "층": "4",
        "해제사유발생일": null,
        "해제여부": null
    },
    {
        "거래금액": "7,500",
        "건축년도": "1995",
        "년": "2006",
        "대지권면적": "24.57",
        "법정동": "만리동1가",
        "연립다세대": "덕원하이츠빌라",
        "월": "1",
        "일": "31",
        "전용면적": "39.68",
        "지번": "56-4",
        "지역코드": "11140",
        "층": "2",
        "해제사유발생일": null,
        "해제여부": null
    },
    {
        "거래금액": "24,000",
        "건축년도": "2002",
        "년": "2006",
        "대지권면적": "45.41",
        "법정동": "청운동",
        "연립다세대": "글로리아파크",
        "월": "1",
        "일": "21",
        "전용면적": "79.14",
        "지번": "50-10",
        "지역코드": "11110",
        "층": "3",
        "해제사유발생일": null,
        "해제여부": null
    },
    {
        "거래금액": "30,500",
        "건축년도": "2002",
        "년": "2006",
        "대지권면적": "73.66",
        "법정동": "통인동",
        "연립다세대": "세종아트빌",
        "월": "1",
        "일": "5",
        "전용면적": "130.5",
        "지번": "89-2",
        "지역코드": "11110",
        "층": "4",
        "해제사유발생일": null,
        "해제여부": null
    },
    {
        "거래금액": "10,500",
        "건축년도": "2001",
        "년": "2006",
        "대지권면적": "21.24",
        "법정동": "누상동",
        "연립다세대": "창성빌",
        "월": "1",
        "일": "15",
        "전용면적": "59.6",
        "지번": "122-1",
        "지역코드": "11110",
        "층": "3",
        "해제사유발생일": null,
        "해제여부": null
    },
    {
        "거래금액": "17,000",
        "건축년도": "2004",
        "년": "2006",
        "대지권면적": "29.13",
        "법정동": "누상동",
        "연립다세대": "E HAUS",
        "월": "1",
        "일": "24",
        "전용면적": "71.8",
        "지번": "67",
        "지역코드": "11110",
        "층": "4",
        "해제사유발생일": null,
        "해제여부": null
    },
    {
        "거래금액": "12,500",
        "건축년도": "1989",
        "년": "2006",
        "대지권면적": "91.32",
        "법정동": "누상동",
        "연립다세대": "천화골든빌라",
        "월": "1",
        "일": "24",
        "전용면적": "62.1",
        "지번": "166-251",
        "지역코드": "11110",
        "층": "2",
        "해제사유발생일": null,
        "해제여부": null
    },
    {
        "거래금액": "23,000",
        "건축년도": "2003",
        "년": "2006",
        "대지권면적": "49.99",
        "법정동": "옥인동",
        "연립다세대": "신원타운",
        "월": "1",
        "일": "9",
        "전용면적": "77.5",
        "지번": "78",
        "지역코드": "11110",
        "층": "3",
        "해제사유발생일": null,
        "해제여부": null
    },
    {
        "거래금액": "15,000",
        "건축년도": "1998",
        "년": "2006",
        "대지권면적": "43.33",
        "법정동": "옥인동",
        "연립다세대": "기린빌라",
        "월": "1",
        "일": "21",
        "전용면적": "67.83",
        "지번": "66",
        "지역코드": "11110",
        "층": "1",
        "해제사유발생일": null,
        "해제여부": null
    },
    {
        "거래금액": "19,500",
        "건축년도": "1989",
        "년": "2006",
        "대지권면적": "37.63",
        "법정동": "사직동",
        "연립다세대": "사직타운73",
        "월": "1",
        "일": "26",
        "전용면적": "41.16",
        "지번": "311-73",
        "지역코드": "11110",
        "층": "2",
        "해제사유발생일": null,
        "해제여부": null
    },
    {
        "거래금액": "16,200",
        "건축년도": "2001",
        "년": "2006",
        "대지권면적": "24.081",
        "법정동": "원서동",
        "연립다세대": "삼정빌라트",
        "월": "1",
        "일": "7",
        "전용면적": "59.88",
        "지번": "76-11",
        "지역코드": "11110",
        "층": "1",
        "해제사유발생일": null,
        "해제여부": null
    },
    {
        "거래금액": "11,500",
        "건축년도": "1999",
        "년": "2006",
        "대지권면적": "17.867",
        "법정동": "원서동",
        "연립다세대": "(86-26)",
        "월": "1",
        "일": "30",
        "전용면적": "54.72",
        "지번": "86-26",
        "지역코드": "11110",
        "층": "4",
        "해제사유발생일": null,
        "해제여부": null
    },
    {
        "거래금액": "22,500",
        "건축년도": "2001",
        "년": "2006",
        "대지권면적": "39.4",
        "법정동": "원서동",
        "연립다세대": "가인빌라트",
        "월": "1",
        "일": "31",
        "전용면적": "82.48",
        "지번": "135-51",
        "지역코드": "11110",
        "층": "3",
        "해제사유발생일": null,
        "해제여부": null
    },
    {
        "거래금액": "17,000",
        "건축년도": "2001",
        "년": "2006",
        "대지권면적": "37.017",
        "법정동": "혜화동",
        "연립다세대": "(9-5)",
        "월": "1",
        "일": "24",
        "전용면적": "72.65",
        "지번": "9-5",
        "지역코드": "11110",
        "층": "4",
        "해제사유발생일": null,
        "해제여부": null
    },
    {
        "거래금액": "12,000",
        "건축년도": "1997",
        "년": "2006",
        "대지권면적": "22.741",
        "법정동": "명륜1가",
        "연립다세대": "칼라하우스A동",
        "월": "1",
        "일": "10",
        "전용면적": "36.27",
        "지번": "78-15",
        "지역코드": "11110",
        "층": "1",
        "해제사유발생일": null,
        "해제여부": null
    },
    {
        "거래금액": "12,000",
        "건축년도": "1997",
        "년": "2006",
        "대지권면적": "20.21",
        "법정동": "명륜1가",
        "연립다세대": "칼라하우스B동",
        "월": "1",
        "일": "10",
        "전용면적": "37.29",
        "지번": "78-33",
        "지역코드": "11110",
        "층": "1",
        "해제사유발생일": null,
        "해제여부": null
    },
    {
        "거래금액": "9,000",
        "건축년도": "1998",
        "년": "2006",
        "대지권면적": "14.3",
        "법정동": "창신동",
        "연립다세대": "(616-6)",
        "월": "1",
        "일": "21",
        "전용면적": "38.04",
        "지번": "616-6",
        "지역코드": "11110",
        "층": "2",
        "해제사유발생일": null,
        "해제여부": null
    },
    {
        "거래금액": "25,000",
        "건축년도": "2004",
        "년": "2006",
        "대지권면적": "30.56",
        "법정동": "평동",
        "연립다세대": "수정빌-1",
        "월": "1",
        "일": "4",
        "전용면적": "51.36",
        "지번": "26-46",
        "지역코드": "11110",
        "층": "4",
        "해제사유발생일": null,
        "해제여부": null
    },
    {
        "거래금액": "9,000",
        "건축년도": "1999",
        "년": "2006",
        "대지권면적": "43.78",
        "법정동": "행촌동",
        "연립다세대": "(210-338)",
        "월": "1",
        "일": "9",
        "전용면적": "59.75",
        "지번": "210-338",
        "지역코드": "11110",
        "층": "1",
        "해제사유발생일": null,
        "해제여부": null
    },
    {
        "거래금액": "5,000",
        "건축년도": "1999",
        "년": "2006",
        "대지권면적": "11.01",
        "법정동": "행촌동",
        "연립다세대": "(210-338)",
        "월": "1",
        "일": "9",
        "전용면적": "32.48",
        "지번": "210-338",
        "지역코드": "11110",
        "층": "1",
        "해제사유발생일": null,
        "해제여부": null
    },
    {
        "거래금액": "20,625",
        "건축년도": "2001",
        "년": "2006",
        "대지권면적": "24.8",
        "법정동": "행촌동",
        "연립다세대": "(25-5)",
        "월": "1",
        "일": "13",
        "전용면적": "48.64",
        "지번": "25-5",
        "지역코드": "11110",
        "층": "1",
        "해제사유발생일": null,
        "해제여부": null
    },
    {
        "거래금액": "20,950",
        "건축년도": "2001",
        "년": "2006",
        "대지권면적": "25.23",
        "법정동": "행촌동",
        "연립다세대": "(25-5)",
        "월": "1",
        "일": "14",
        "전용면적": "49.48",
        "지번": "25-5",
        "지역코드": "11110",
        "층": "2",
        "해제사유발생일": null,
        "해제여부": null
    },
    {
        "거래금액": "22,000",
        "건축년도": "2001",
        "년": "2006",
        "대지권면적": "26.6",
        "법정동": "행촌동",
        "연립다세대": "(25-5)",
        "월": "1",
        "일": "18",
        "전용면적": "52.16",
        "지번": "25-5",
        "지역코드": "11110",
        "층": "2",
        "해제사유발생일": null,
        "해제여부": null
    },
    {
        "거래금액": "13,100",
        "건축년도": "2002",
        "년": "2006",
        "대지권면적": "20.05",
        "법정동": "행촌동",
        "연립다세대": "유림아트빌",
        "월": "1",
        "일": "28",
        "전용면적": "59.89",
        "지번": "210-387",
        "지역코드": "11110",
        "층": "2",
        "해제사유발생일": null,
        "해제여부": null
    },
    {
        "거래금액": "16,000",
        "건축년도": "2002",
        "년": "2006",
        "대지권면적": "26.05",
        "법정동": "평창동",
        "연립다세대": "이노빌라",
        "월": "1",
        "일": "6",
        "전용면적": "53.2",
        "지번": "293-52",
        "지역코드": "11110",
        "층": "4",
        "해제사유발생일": null,
        "해제여부": null
    },
    {
        "거래금액": "27,500",
        "건축년도": "1986",
        "년": "2006",
        "대지권면적": "105.12",
        "법정동": "평창동",
        "연립다세대": "현대평창빌라",
        "월": "1",
        "일": "16",
        "전용면적": "84.96",
        "지번": "176",
        "지역코드": "11110",
        "층": "3",
        "해제사유발생일": null,
        "해제여부": null
    },
    {
        "거래금액": "45,000",
        "건축년도": "1983",
        "년": "2006",
        "대지권면적": "175",
        "법정동": "평창동",
        "연립다세대": "현대",
        "월": "1",
        "일": "20",
        "전용면적": "173.09",
        "지번": "161-1",
        "지역코드": "11110",
        "층": "2",
        "해제사유발생일": null,
        "해제여부": null
    },
    {
        "거래금액": "19,500",
        "건축년도": "2001",
        "년": "2006",
        "대지권면적": "42.9",
        "법정동": "평창동",
        "연립다세대": "평창리치빌",
        "월": "1",
        "일": "23",
        "전용면적": "74.59",
        "지번": "293-25",
        "지역코드": "11110",
        "층": "5",
        "해제사유발생일": null,
        "해제여부": null
    },
    {
        "거래금액": "8,300",
        "건축년도": "1994",
        "년": "2006",
        "대지권면적": "54.7",
        "법정동": "홍지동",
        "연립다세대": "춘원",
        "월": "1",
        "일": "26",
        "전용면적": "52.73",
        "지번": "35-5",
        "지역코드": "11110",
        "층": "3",
        "해제사유발생일": null,
        "해제여부": null
    }
]