[
    {
        "거래금액": "13,400",
        "건축년도": "2005",
        "년": "2006",
        "단지": "남산정은스카이",
        "법정동": "신당동",
        "시군구": "중구",
        "월": "1",
        "일": "10",
        "전용면적": "29.93",
        "지번": "366-126",
        "지역코드": "11140",
        "층": "2",
        "해제사유발생일": null,
        "해제여부": null
    },
    {
        "거래금액": "5,200",
        "건축년도": "1990",
        "년": "2006",
        "단지": "(141)",
        "법정동": "흥인동",
        "시군구": "중구",
        "월": "1",
        "일": "28",
        "전용면적": "27.19",
        "지번": "141",
        "지역코드": "11140",
        "층": "8",
        "해제사유발생일": null,
        "해제여부": null
    },
    {
        "거래금액": "21,200",
        "건축년도": "2004",
        "년": "2006",
        "단지": "KCC 파크타운",
        "법정동": "만리동2가",
        "시군구": "중구",
        "월": "1",
        "일": "8",
        "전용면적": "66.47",
        "지번": "11-1",
        "지역코드": "11140",
        "층": "5",
        "해제사유발생일": null,
        "해제여부": null
    },
    {
        "거래금액": "10,100",
        "건축년도": "2004",
        "년": "2006",
        "단지": "용비어천가",
        "법정동": "내수동",
        "시군구": "종로구",
        "월": "1",
        "일": "2",
        "전용면적": "30.36",
        "지번": "75",
        "지역코드": "11110",
        "층": "14",
        "해제사유발생일": null,
        "해제여부": null
    },
    {
        "거래금액": "10,290",
        "건축년도": "2004",
        "년": "2006",
        "단지": "용비어천가",
        "법정동": "내수동",
        "시군구": "종로구",
        "월": "1",
        "일": "3",
        "전용면적": "30.76",
        "지번": "75",
        "지역코드": "11110",
        "층": "14",
        "해제사유발생일": null,
        "해제여부": null
    },
    {
        "거래금액": "10,120",
        "건축년도": "2004",
        "년": "2006",
        "단지": "용비어천가",
        "법정동": "내수동",
        "시군구": "종로구",
        "월": "1",
        "일": "3",
        "전용면적": "30.36",
        "지번": "75",
        "지역코드": "11110",
        "층": "10",
        "해제사유발생일": null,
        "해제여부": null
    },
    {
        "거래금액": "14,270",
        "건축년도": "2004",
        "년": "2006",
        "단지": "용비어천가",
        "법정동": "내수동",
        "시군구": "종로구",
        "월": "1",
        "일": "3",
        "전용면적": "37.56",
        "지번": "75",
        "지역코드": "11110",
        "층": "10",
        "해제사유발생일": null,
        "해제여부": null
    },
    {
        "거래금액": "13,816",
        "건축년도": "2004",
        "년": "2006",
        "단지": "용비어천가",
        "법정동": "내수동",
        "시군구": "종로구",
        "월": "1",
        "일": "4",
        "전용면적": "37.56",
        "지번": "75",
        "지역코드": "11110",
        "층": "14",
        "해제사유발생일": null,
        "해제여부": null
    },
    {
        "거래금액": "10,300",
        "건축년도": "2004",
        "년": "2006",
        "단지": "용비어천가",
        "법정동": "내수동",
        "시군구": "종로구",
        "월": "1",
        "일": "6",
        "전용면적": "30.76",
        "지번": "75",
        "지역코드": "11110",
        "층": "10",
        "해제사유발생일": null,
        "해제여부": null
    },
    {
        "거래금액": "11,000",
        "건축년도": "2004",
        "년": "2006",
        "단지": "경희궁의 아침 2단지",
        "법정동": "내수동",
        "시군구": "종로구",
        "월": "1",
        "일": "7",
        "전용면적": "28.9",
        "지번": "71",
        "지역코드": "11110",
        "층": "14",
        "해제사유발생일": null,
        "해제여부": null
    },
    {
        "거래금액": "14,500",
        "건축년도": "2004",
        "년": "2006",
        "단지": "용비어천가",
        "법정동": "내수동",
        "시군구": "종로구",
        "월": "1",
        "일": "9",
        "전용면적": "42.39",
        "지번": "75",
        "지역코드": "11110",
        "층": "10",
        "해제사유발생일": null,
        "해제여부": null
    },
    {
        "거래금액": "28,000",
        "건축년도": "2004",
        "년": "2006",
        "단지": "광화문시대",
        "법정동": "내수동",
        "시군구": "종로구",
        "월": "1",
        "일": "11",
        "전용면적": "56.56",
        "지번": "74",
        "지역코드": "11110",
        "층": "8",
        "해제사유발생일": null,
        "해제여부": null
    },
    {
        "거래금액": "18,470",
        "건축년도": "2004",
        "년": "2006",
        "단지": "용비어천가",
        "법정동": "내수동",
        "시군구": "종로구",
        "월": "1",
        "일": "13",
        "전용면적": "42.39",
        "지번": "75",
        "지역코드": "11110",
        "층": "17",
        "해제사유발생일": null,
        "해제여부": null
    },
    {
        "거래금액": "14,000",
        "건축년도": "2004",
        "년": "2006",
        "단지": "용비어천가",
        "법정동": "내수동",
        "시군구": "종로구",
        "월": "1",
        "일": "18",
        "전용면적": "37.56",
        "지번": "75",
        "지역코드": "11110",
        "층": "10",
        "해제사유발생일": null,
        "해제여부": null
    },
    {
        "거래금액": "33,500",
        "건축년도": "2004",
        "년": "2006",
        "단지": "경희궁의 아침 3단지",
        "법정동": "내수동",
        "시군구": "종로구",
        "월": "1",
        "일": "21",
        "전용면적": "62.92",
        "지번": "72",
        "지역코드": "11110",
        "층": "14",
        "해제사유발생일": null,
        "해제여부": null
    },
    {
        "거래금액": "14,500",
        "건축년도": "2004",
        "년": "2006",
        "단지": "용비어천가",
        "법정동": "내수동",
        "시군구": "종로구",
        "월": "1",
        "일": "23",
        "전용면적": "37.56",
        "지번": "75",
        "지역코드": "11110",
        "층": "5",
        "해제사유발생일": null,
        "해제여부": null
    },
    {
        "거래금액": "10,000",
        "건축년도": "2004",
        "년": "2006",
        "단지": "광화문시대",
        "법정동": "내수동",
        "시군구": "종로구",
        "월": "1",
        "일": "24",
        "전용면적": "31.75",
        "지번": "74",
        "지역코드": "11110",
        "층": "2",
        "해제사유발생일": null,
        "해제여부": null
    },
    {
        "거래금액": "17,626",
        "건축년도": "2004",
        "년": "2006",
        "단지": "용비어천가",
        "법정동": "내수동",
        "시군구": "종로구",
        "월": "1",
        "일": "26",
        "전용면적": "42.46",
        "지번": "75",
        "지역코드": "11110",
        "층": "18",
        "해제사유발생일": null,
        "해제여부": null
    },
    {
        "거래금액": "10,300",
        "건축년도": "2004",
        "년": "2006",
        "단지": "광화문시대",
        "법정동": "내수동",
        "시군구": "종로구",
        "월": "1",
        "일": "26",
        "전용면적": "32.01",
        "지번": "74",
        "지역코드": "11110",
        "층": "14",
        "해제사유발생일": null,
        "해제여부": null
    },
    {
        "거래금액": "16,000",
        "건축년도": "2004",
        "년": "2006",
        "단지": "용비어천가",
        "법정동": "내수동",
        "시군구": "종로구",
        "월": "1",
        "일": "27",
        "전용면적": "37.56",
        "지번": "75",
        "지역코드": "11110",
        "층": "15",
        "해제사유발생일": null,
        "해제여부": null
    },
    {
        "거래금액": "13,500",
        "건축년도": "2004",
        "년": "2006",
        "단지": "두산위브파빌리온",
        "법정동": "수송동",
        "시군구": "종로구",
        "월": "1",
        "일": "25",
        "전용면적": "35.22",
        "지번": "58",
        "지역코드": "11110",
        "층": "9",
        "해제사유발생일": null,
        "해제여부": null
    },
    {
        "거래금액": "5,000",
        "건축년도": "2004",
        "년": "2006",
        "단지": "BIZ-WELL 종로 오피스텔",
        "법정동": "익선동",
        "시군구": "종로구",
        "월": "1",
        "일": "25",
        "전용면적": "17.2",
        "지번": "34",
        "지역코드": "11110",
        "층": "6",
        "해제사유발생일": null,
        "해제여부": null
    },
    {
        "거래금액": "8,300",
        "건축년도": "2004",
        "년": "2006",
        "단지": "BIZ-WELL 종로 오피스텔",
        "법정동": "익선동",
        "시군구": "종로구",
        "월": "1",
        "일": "26",
        "전용면적": "27.4",
        "지번": "34",
        "지역코드": "11110",
        "층": "4",
        "해제사유발생일": null,
        "해제여부": null
    },
    {
        "거래금액": "14,700",
        "건축년도": "2005",
        "년": "2006",
        "단지": "운현궁 에스케이 허브",
        "법정동": "경운동",
        "시군구": "종로구",
        "월": "1",
        "일": "16",
        "전용면적": "34.47",
        "지번": "89-4",
        "지역코드": "11110",
        "층": "6",
        "해제사유발생일": null,
        "해제여부": null
    },
    {
        "거래금액": "6,200",
        "건축년도": "1994",
        "년": "2006",
        "단지": "종로오피스텔",
        "법정동": "낙원동",
        "시군구": "종로구",
        "월": "1",
        "일": "15",
        "전용면적": "25.2",
        "지번": "58-1",
        "지역코드": "11110",
        "층": "10",
        "해제사유발생일": null,
        "해제여부": null
    },
    {
        "거래금액": "9,700",
        "건축년도": "2004",
        "년": "2006",
        "단지": "나스빌",
        "법정동": "낙원동",
        "시군구": "종로구",
        "월": "1",
        "일": "16",
        "전용면적": "28.69",
        "지번": "212",
        "지역코드": "11110",
        "층": "6",
        "해제사유발생일": null,
        "해제여부": null
    },
    {
        "거래금액": "11,340",
        "건축년도": "2003",
        "년": "2006",
        "단지": "코윈 팔레스뷰 오피스텔",
        "법정동": "원남동",
        "시군구": "종로구",
        "월": "1",
        "일": "19",
        "전용면적": "32.8",
        "지번": "95",
        "지역코드": "11110",
        "층": "11",
        "해제사유발생일": null,
        "해제여부": null
    },
    {
        "거래금액": "9,600",
        "건축년도": "2005",
        "년": "2006",
        "단지": "동양파라빌",
        "법정동": "숭인동",
        "시군구": "종로구",
        "월": "1",
        "일": "13",
        "전용면적": "27.09",
        "지번": "1388",
        "지역코드": "11110",
        "층": "3",
        "해제사유발생일": null,
        "해제여부": null
    },
    {
        "거래금액": "25,000",
        "건축년도": "2004",
        "년": "2006",
        "단지": "롯데캐슬 천지인",
        "법정동": "숭인동",
        "시군구": "종로구",
        "월": "1",
        "일": "25",
        "전용면적": "67.96",
        "지번": "76",
        "지역코드": "11110",
        "층": "26",
        "해제사유발생일": null,
        "해제여부": null
    },
    {
        "거래금액": "20,246",
        "건축년도": "2005",
        "년": "2006",
        "단지": "동양파라빌",
        "법정동": "숭인동",
        "시군구": "종로구",
        "월": "1",
        "일": "26",
        "전용면적": "54.81",
        "지번": "1388",
        "지역코드": "11110",
        "층": "12",
        "해제사유발생일": null,
        "해제여부": null
    }
]