[
    {
        "platPlc": "서울특별시 영등포구 여의도동 1-15번지",
        "sigunguCd": "11560",
        "bjdongCd": "11000",
        "platGbCd": "0",
        "bun": "0001",
        "ji": "0015",
        "mgmBldrgstPk": "11560-6918",
        "atchRegstrGbCd": "1",
        "atchRegstrGbCdNm": "일반",
        "atchSigunguCd": "11560",
        "atchBjdongCd": "11000",
        "atchPlatGbCd": "0",
        "atchBun": "0001",
        "atchJi": "0023",
        "atchSplotNm": null,
        "crtnDay": "20170728",
        "regstrKindCd": "2",
        "regstrKindCdNm": "일반건축물"
    },
    {
        "platPlc": "서울특별시 영등포구 여의도동 8번지",
        "sigunguCd": "11560",
        "bjdongCd": "11000",
        "platGbCd": "0",
        "bun": "0008",
        "ji": "0000",
        "mgmBldrgstPk": "11560-7099",
        "atchRegstrGbCd": "1",
        "atchRegstrGbCdNm": "일반",
        "atchSigunguCd": "11560",
        "atchBjdongCd": "11000",
        "atchPlatGbCd": "0",
        "atchBun": "0085",
        "atchJi": "0000",
        "atchSplotNm": null,
        "crtnDay": "20170728",
        "regstrKindCd": "2",
        "regstrKindCdNm": "일반건축물"
    },
    {
        "platPlc": "서울특별시 영등포구 여의도동 8번지",
        "sigunguCd": "11560",
        "bjdongCd": "11000",
        "platGbCd": "0",
        "bun": "0008",
        "ji": "0000",
        "mgmBldrgstPk": "11560-7097",
        "atchRegstrGbCd": "1",
        "atchRegstrGbCdNm": "일반",
        "atchSigunguCd": "11560",
        "atchBjdongCd": "11000",
        "atchPlatGbCd": "0",
        "atchBun": "0084",
        "atchJi": "0000",
        "atchSplotNm": null,
        "crtnDay": "20200221",
        "regstrKindCd": "2",
        "regstrKindCdNm": "일반건축물"
    },
    {
        "platPlc": "서울특별시 영등포구 여의도동 8번지",
        "sigunguCd": "11560",
        "bjdongCd": "11000",
        "platGbCd": "0",
        "bun": "0008",
        "ji": "0000",
        "mgmBldrgstPk": "11560-100189115",
        "atchRegstrGbCd": "1",
        "atchRegstrGbCdNm": "일반",
        "atchSigunguCd": "11560",
        "atchBjdongCd": "11000",
        "atchPlatGbCd": "0",
        "atchBun": "0084",
        "atchJi": "0000",
        "atchSplotNm": null,
        "crtnDay": "20200427",
        "regstrKindCd": "2",
        "regstrKindCdNm": "일반건축물"
    },
    {
        "platPlc": "서울특별시 영등포구 여의도동 10-2번지",
        "sigunguCd": "11560",
        "bjdongCd": "11000",
        "platGbCd": "0",
        "bun": "0010",
        "ji": "0002",
        "mgmBldrgstPk": "11560-7100",
        "atchRegstrGbCd": "2",
        "atchRegstrGbCdNm": "집합",
        "atchSigunguCd": "11560",
        "atchBjdongCd": "11000",
        "atchPlatGbCd": "0",
        "atchBun": "0010",
        "atchJi": "0004",
        "atchSplotNm": null,
        "crtnDay": "20200330",
        "regstrKindCd": "3",
        "regstrKindCdNm": "표제부"
    },
    {
        "platPlc": "서울특별시 영등포구 여의도동 13-5번지",
        "sigunguCd": "11560",
        "bjdongCd": "11000",
        "platGbCd": "0",
        "bun": "0013",
        "ji": "0005",
        "mgmBldrgstPk": "11560-7107",
        "atchRegstrGbCd": "2",
        "atchRegstrGbCdNm": "집합",
        "atchSigunguCd": "11560",
        "atchBjdongCd": "11000",
        "atchPlatGbCd": "0",
        "atchBun": "0013",
        "atchJi": "0032",
        "atchSplotNm": null,
        "crtnDay": "20210423",
        "regstrKindCd": "3",
        "regstrKindCdNm": "표제부"
    },
    {
        "platPlc": "서울특별시 영등포구 여의도동 13-6번지",
        "sigunguCd": "11560",
        "bjdongCd": "11000",
        "platGbCd": "0",
        "bun": "0013",
        "ji": "0006",
        "mgmBldrgstPk": "11560-503",
        "atchRegstrGbCd": "1",
        "atchRegstrGbCdNm": "일반",
        "atchSigunguCd": "11560",
        "atchBjdongCd": "11000",
        "atchPlatGbCd": "0",
        "atchBun": "0013",
        "atchJi": "0031",
        "atchSplotNm": null,
        "crtnDay": "20121115",
        "regstrKindCd": "1",
        "regstrKindCdNm": "총괄표제부"
    },
    {
        "platPlc": "서울특별시 영등포구 여의도동 13-6번지",
        "sigunguCd": "11560",
        "bjdongCd": "11000",
        "platGbCd": "0",
        "bun": "0013",
        "ji": "0006",
        "mgmBldrgstPk": "11560-503",
        "atchRegstrGbCd": "1",
        "atchRegstrGbCdNm": "일반",
        "atchSigunguCd": "11560",
        "atchBjdongCd": "11000",
        "atchPlatGbCd": "0",
        "atchBun": "0013",
        "atchJi": "0030",
        "atchSplotNm": null,
        "crtnDay": "20121115",
        "regstrKindCd": "1",
        "regstrKindCdNm": "총괄표제부"
    },
    {
        "platPlc": "서울특별시 영등포구 여의도동 13-6번지",
        "sigunguCd": "11560",
        "bjdongCd": "11000",
        "platGbCd": "0",
        "bun": "0013",
        "ji": "0006",
        "mgmBldrgstPk": "11560-503",
        "atchRegstrGbCd": "1",
        "atchRegstrGbCdNm": "일반",
        "atchSigunguCd": "11560",
        "atchBjdongCd": "11000",
        "atchPlatGbCd": "0",
        "atchBun": "0013",
        "atchJi": "0029",
        "atchSplotNm": null,
        "crtnDay": "20121115",
        "regstrKindCd": "1",
        "regstrKindCdNm": "총괄표제부"
    },
    {
        "platPlc": "서울특별시 영등포구 여의도동 13-6번지",
        "sigunguCd": "11560",
        "bjdongCd": "11000",
        "platGbCd": "0",
        "bun": "0013",
        "ji": "0006",
        "mgmBldrgstPk": "11560-6947",
        "atchRegstrGbCd": "1",
        "atchRegstrGbCdNm": "일반",
        "atchSigunguCd": "11560",
        "atchBjdongCd": "11000",
        "atchPlatGbCd": "0",
        "atchBun": "0013",
        "atchJi": "0031",
        "atchSplotNm": null,
        "crtnDay": "20190131",
        "regstrKindCd": "2",
        "regstrKindCdNm": "일반건축물"
    },
    {
        "platPlc": "서울특별시 영등포구 여의도동 13-6번지",
        "sigunguCd": "11560",
        "bjdongCd": "11000",
        "platGbCd": "0",
        "bun": "0013",
        "ji": "0006",
        "mgmBldrgstPk": "11560-6947",
        "atchRegstrGbCd": "1",
        "atchRegstrGbCdNm": "일반",
        "atchSigunguCd": "11560",
        "atchBjdongCd": "11000",
        "atchPlatGbCd": "0",
        "atchBun": "0013",
        "atchJi": "0030",
        "atchSplotNm": null,
        "crtnDay": "20190131",
        "regstrKindCd": "2",
        "regstrKindCdNm": "일반건축물"
    },
    {
        "platPlc": "서울특별시 영등포구 여의도동 13-6번지",
        "sigunguCd": "11560",
        "bjdongCd": "11000",
        "platGbCd": "0",
        "bun": "0013",
        "ji": "0006",
        "mgmBldrgstPk": "11560-6947",
        "atchRegstrGbCd": "1",
        "atchRegstrGbCdNm": "일반",
        "atchSigunguCd": "11560",
        "atchBjdongCd": "11000",
        "atchPlatGbCd": "0",
        "atchBun": "0013",
        "atchJi": "0029",
        "atchSplotNm": null,
        "crtnDay": "20190131",
        "regstrKindCd": "2",
        "regstrKindCdNm": "일반건축물"
    },
    {
        "platPlc": "서울특별시 영등포구 여의도동 13-6번지",
        "sigunguCd": "11560",
        "bjdongCd": "11000",
        "platGbCd": "0",
        "bun": "0013",
        "ji": "0006",
        "mgmBldrgstPk": "11560-6946",
        "atchRegstrGbCd": "1",
        "atchRegstrGbCdNm": "일반",
        "atchSigunguCd": "11560",
        "atchBjdongCd": "11000",
        "atchPlatGbCd": "0",
        "atchBun": "0013",
        "atchJi": "0031",
        "atchSplotNm": null,
        "crtnDay": "20200330",
        "regstrKindCd": "2",
        "regstrKindCdNm": "일반건축물"
    },
    {
        "platPlc": "서울특별시 영등포구 여의도동 13-6번지",
        "sigunguCd": "11560",
        "bjdongCd": "11000",
        "platGbCd": "0",
        "bun": "0013",
        "ji": "0006",
        "mgmBldrgstPk": "11560-6946",
        "atchRegstrGbCd": "1",
        "atchRegstrGbCdNm": "일반",
        "atchSigunguCd": "11560",
        "atchBjdongCd": "11000",
        "atchPlatGbCd": "0",
        "atchBun": "0013",
        "atchJi": "0030",
        "atchSplotNm": null,
        "crtnDay": "20200330",
        "regstrKindCd": "2",
        "regstrKindCdNm": "일반건축물"
    },
    {
        "platPlc": "서울특별시 영등포구 여의도동 13-6번지",
        "sigunguCd": "11560",
        "bjdongCd": "11000",
        "platGbCd": "0",
        "bun": "0013",
        "ji": "0006",
        "mgmBldrgstPk": "11560-6946",
        "atchRegstrGbCd": "1",
        "atchRegstrGbCdNm": "일반",
        "atchSigunguCd": "11560",
        "atchBjdongCd": "11000",
        "atchPlatGbCd": "0",
        "atchBun": "0013",
        "atchJi": "0029",
        "atchSplotNm": null,
        "crtnDay": "20200330",
        "regstrKindCd": "2",
        "regstrKindCdNm": "일반건축물"
    },
    {
        "platPlc": "서울특별시 영등포구 여의도동 13-11번지",
        "sigunguCd": "11560",
        "bjdongCd": "11000",
        "platGbCd": "0",
        "bun": "0013",
        "ji": "0011",
        "mgmBldrgstPk": "11560-6948",
        "atchRegstrGbCd": "1",
        "atchRegstrGbCdNm": "일반",
        "atchSigunguCd": "11560",
        "atchBjdongCd": "11000",
        "atchPlatGbCd": "0",
        "atchBun": "0013",
        "atchJi": "0014",
        "atchSplotNm": null,
        "crtnDay": "20180623",
        "regstrKindCd": "2",
        "regstrKindCdNm": "일반건축물"
    },
    {
        "platPlc": "서울특별시 영등포구 여의도동 14-2번지",
        "sigunguCd": "11560",
        "bjdongCd": "11000",
        "platGbCd": "0",
        "bun": "0014",
        "ji": "0002",
        "mgmBldrgstPk": "11560-7114",
        "atchRegstrGbCd": "2",
        "atchRegstrGbCdNm": "집합",
        "atchSigunguCd": "11560",
        "atchBjdongCd": "11000",
        "atchPlatGbCd": "0",
        "atchBun": "0014",
        "atchJi": "0006",
        "atchSplotNm": null,
        "crtnDay": "20171205",
        "regstrKindCd": "3",
        "regstrKindCdNm": "표제부"
    },
    {
        "platPlc": "서울특별시 영등포구 여의도동 14-2번지",
        "sigunguCd": "11560",
        "bjdongCd": "11000",
        "platGbCd": "0",
        "bun": "0014",
        "ji": "0002",
        "mgmBldrgstPk": "11560-7114",
        "atchRegstrGbCd": "2",
        "atchRegstrGbCdNm": "집합",
        "atchSigunguCd": "11560",
        "atchBjdongCd": "11000",
        "atchPlatGbCd": "0",
        "atchBun": "0014",
        "atchJi": "0004",
        "atchSplotNm": null,
        "crtnDay": "20171205",
        "regstrKindCd": "3",
        "regstrKindCdNm": "표제부"
    },
    {
        "platPlc": "서울특별시 영등포구 여의도동 14-5번지",
        "sigunguCd": "11560",
        "bjdongCd": "11000",
        "platGbCd": "0",
        "bun": "0014",
        "ji": "0005",
        "mgmBldrgstPk": "11560-7115",
        "atchRegstrGbCd": "2",
        "atchRegstrGbCdNm": "집합",
        "atchSigunguCd": "11560",
        "atchBjdongCd": "11000",
        "atchPlatGbCd": "0",
        "atchBun": "0014",
        "atchJi": "0007",
        "atchSplotNm": null,
        "crtnDay": "20190530",
        "regstrKindCd": "3",
        "regstrKindCdNm": "표제부"
    },
    {
        "platPlc": "서울특별시 영등포구 여의도동 14-8번지",
        "sigunguCd": "11560",
        "bjdongCd": "11000",
        "platGbCd": "0",
        "bun": "0014",
        "ji": "0008",
        "mgmBldrgstPk": "11560-7116",
        "atchRegstrGbCd": "2",
        "atchRegstrGbCdNm": "집합",
        "atchSigunguCd": "11560",
        "atchBjdongCd": "11000",
        "atchPlatGbCd": "0",
        "atchBun": "0014",
        "atchJi": "0009",
        "atchSplotNm": null,
        "crtnDay": "20200624",
        "regstrKindCd": "3",
        "regstrKindCdNm": "표제부"
    },
    {
        "platPlc": "서울특별시 영등포구 여의도동 14-21번지",
        "sigunguCd": "11560",
        "bjdongCd": "11000",
        "platGbCd": "0",
        "bun": "0014",
        "ji": "0021",
        "mgmBldrgstPk": "11560-7119",
        "atchRegstrGbCd": "2",
        "atchRegstrGbCdNm": "집합",
        "atchSigunguCd": "11560",
        "atchBjdongCd": "11000",
        "atchPlatGbCd": "0",
        "atchBun": "0014",
        "atchJi": "0022",
        "atchSplotNm": null,
        "crtnDay": "20190530",
        "regstrKindCd": "3",
        "regstrKindCdNm": "표제부"
    },
    {
        "platPlc": "서울특별시 영등포구 여의도동 14-21번지",
        "sigunguCd": "11560",
        "bjdongCd": "11000",
        "platGbCd": "0",
        "bun": "0014",
        "ji": "0021",
        "mgmBldrgstPk": "11560-7119",
        "atchRegstrGbCd": "2",
        "atchRegstrGbCdNm": "집합",
        "atchSigunguCd": "11560",
        "atchBjdongCd": "11000",
        "atchPlatGbCd": "0",
        "atchBun": "0014",
        "atchJi": "0025",
        "atchSplotNm": null,
        "crtnDay": "20190530",
        "regstrKindCd": "3",
        "regstrKindCdNm": "표제부"
    },
    {
        "platPlc": "서울특별시 영등포구 여의도동 14-26번지",
        "sigunguCd": "11560",
        "bjdongCd": "11000",
        "platGbCd": "0",
        "bun": "0014",
        "ji": "0026",
        "mgmBldrgstPk": "11560-6959",
        "atchRegstrGbCd": "1",
        "atchRegstrGbCdNm": "일반",
        "atchSigunguCd": "11560",
        "atchBjdongCd": "11000",
        "atchPlatGbCd": "0",
        "atchBun": "0014",
        "atchJi": "0028",
        "atchSplotNm": null,
        "crtnDay": "20210215",
        "regstrKindCd": "2",
        "regstrKindCdNm": "일반건축물"
    },
    {
        "platPlc": "서울특별시 영등포구 여의도동 17-6번지",
        "sigunguCd": "11560",
        "bjdongCd": "11000",
        "platGbCd": "0",
        "bun": "0017",
        "ji": "0006",
        "mgmBldrgstPk": "11560-100249348",
        "atchRegstrGbCd": "1",
        "atchRegstrGbCdNm": "일반",
        "atchSigunguCd": "11560",
        "atchBjdongCd": "11000",
        "atchPlatGbCd": "0",
        "atchBun": "0017",
        "atchJi": "0023",
        "atchSplotNm": null,
        "crtnDay": "20200317",
        "regstrKindCd": "2",
        "regstrKindCdNm": "일반건축물"
    },
    {
        "platPlc": "서울특별시 영등포구 여의도동 17-6번지",
        "sigunguCd": "11560",
        "bjdongCd": "11000",
        "platGbCd": "0",
        "bun": "0017",
        "ji": "0006",
        "mgmBldrgstPk": "11560-100249348",
        "atchRegstrGbCd": "1",
        "atchRegstrGbCdNm": "일반",
        "atchSigunguCd": "11560",
        "atchBjdongCd": "11000",
        "atchPlatGbCd": "0",
        "atchBun": "0017",
        "atchJi": "0022",
        "atchSplotNm": null,
        "crtnDay": "20200317",
        "regstrKindCd": "2",
        "regstrKindCdNm": "일반건축물"
    },
    {
        "platPlc": "서울특별시 영등포구 여의도동 17-6번지",
        "sigunguCd": "11560",
        "bjdongCd": "11000",
        "platGbCd": "0",
        "bun": "0017",
        "ji": "0006",
        "mgmBldrgstPk": "11560-100249348",
        "atchRegstrGbCd": "1",
        "atchRegstrGbCdNm": "일반",
        "atchSigunguCd": "11560",
        "atchBjdongCd": "11000",
        "atchPlatGbCd": "0",
        "atchBun": "0017",
        "atchJi": "0021",
        "atchSplotNm": null,
        "crtnDay": "20200317",
        "regstrKindCd": "2",
        "regstrKindCdNm": "일반건축물"
    },
    {
        "platPlc": "서울특별시 영등포구 여의도동 17-8번지",
        "sigunguCd": "11560",
        "bjdongCd": "11000",
        "platGbCd": "0",
        "bun": "0017",
        "ji": "0008",
        "mgmBldrgstPk": "11560-6985",
        "atchRegstrGbCd": "1",
        "atchRegstrGbCdNm": "일반",
        "atchSigunguCd": "11560",
        "atchBjdongCd": "11000",
        "atchPlatGbCd": "0",
        "atchBun": "0017",
        "atchJi": "0018",
        "atchSplotNm": null,
        "crtnDay": "20190729",
        "regstrKindCd": "2",
        "regstrKindCdNm": "일반건축물"
    },
    {
        "platPlc": "서울특별시 영등포구 여의도동 23번지",
        "sigunguCd": "11560",
        "bjdongCd": "11000",
        "platGbCd": "0",
        "bun": "0023",
        "ji": "0000",
        "mgmBldrgstPk": "11560-100203846",
        "atchRegstrGbCd": "2",
        "atchRegstrGbCdNm": "집합",
        "atchSigunguCd": "11560",
        "atchBjdongCd": "11000",
        "atchPlatGbCd": "0",
        "atchBun": "0023",
        "atchJi": "0001",
        "atchSplotNm": null,
        "crtnDay": "20190530",
        "regstrKindCd": "3",
        "regstrKindCdNm": "표제부"
    },
    {
        "platPlc": "서울특별시 영등포구 여의도동 23번지",
        "sigunguCd": "11560",
        "bjdongCd": "11000",
        "platGbCd": "0",
        "bun": "0023",
        "ji": "0000",
        "mgmBldrgstPk": "11560-100203852",
        "atchRegstrGbCd": "2",
        "atchRegstrGbCdNm": "집합",
        "atchSigunguCd": "11560",
        "atchBjdongCd": "11000",
        "atchPlatGbCd": "0",
        "atchBun": "0023",
        "atchJi": "0001",
        "atchSplotNm": null,
        "crtnDay": "20200724",
        "regstrKindCd": "3",
        "regstrKindCdNm": "표제부"
    },
    {
        "platPlc": "서울특별시 영등포구 여의도동 23번지",
        "sigunguCd": "11560",
        "bjdongCd": "11000",
        "platGbCd": "0",
        "bun": "0023",
        "ji": "0000",
        "mgmBldrgstPk": "11560-100203845",
        "atchRegstrGbCd": "2",
        "atchRegstrGbCdNm": "집합",
        "atchSigunguCd": "11560",
        "atchBjdongCd": "11000",
        "atchPlatGbCd": "0",
        "atchBun": "0023",
        "atchJi": "0001",
        "atchSplotNm": null,
        "crtnDay": "20210217",
        "regstrKindCd": "1",
        "regstrKindCdNm": "총괄표제부"
    },
    {
        "platPlc": "서울특별시 영등포구 여의도동 23번지",
        "sigunguCd": "11560",
        "bjdongCd": "11000",
        "platGbCd": "0",
        "bun": "0023",
        "ji": "0000",
        "mgmBldrgstPk": "11560-100203849",
        "atchRegstrGbCd": "2",
        "atchRegstrGbCdNm": "집합",
        "atchSigunguCd": "11560",
        "atchBjdongCd": "11000",
        "atchPlatGbCd": "0",
        "atchBun": "0023",
        "atchJi": "0001",
        "atchSplotNm": null,
        "crtnDay": "20210218",
        "regstrKindCd": "3",
        "regstrKindCdNm": "표제부"
    },
    {
        "platPlc": "서울특별시 영등포구 여의도동 23번지",
        "sigunguCd": "11560",
        "bjdongCd": "11000",
        "platGbCd": "0",
        "bun": "0023",
        "ji": "0000",
        "mgmBldrgstPk": "11560-100203857",
        "atchRegstrGbCd": "2",
        "atchRegstrGbCdNm": "집합",
        "atchSigunguCd": "11560",
        "atchBjdongCd": "11000",
        "atchPlatGbCd": "0",
        "atchBun": "0023",
        "atchJi": "0001",
        "atchSplotNm": null,
        "crtnDay": "20210219",
        "regstrKindCd": "3",
        "regstrKindCdNm": "표제부"
    },
    {
        "platPlc": "서울특별시 영등포구 여의도동 23번지",
        "sigunguCd": "11560",
        "bjdongCd": "11000",
        "platGbCd": "0",
        "bun": "0023",
        "ji": "0000",
        "mgmBldrgstPk": "11560-100203855",
        "atchRegstrGbCd": "2",
        "atchRegstrGbCdNm": "집합",
        "atchSigunguCd": "11560",
        "atchBjdongCd": "11000",
        "atchPlatGbCd": "0",
        "atchBun": "0023",
        "atchJi": "0001",
        "atchSplotNm": null,
        "crtnDay": "20210421",
        "regstrKindCd": "3",
        "regstrKindCdNm": "표제부"
    },
    {
        "platPlc": "서울특별시 영등포구 여의도동 25-1번지",
        "sigunguCd": "11560",
        "bjdongCd": "11000",
        "platGbCd": "0",
        "bun": "0025",
        "ji": "0001",
        "mgmBldrgstPk": "11560-7010",
        "atchRegstrGbCd": "1",
        "atchRegstrGbCdNm": "일반",
        "atchSigunguCd": "11560",
        "atchBjdongCd": "11000",
        "atchPlatGbCd": "0",
        "atchBun": "0025",
        "atchJi": "0007",
        "atchSplotNm": null,
        "crtnDay": "20191025",
        "regstrKindCd": "2",
        "regstrKindCdNm": "일반건축물"
    },
    {
        "platPlc": "서울특별시 영등포구 여의도동 25-3번지",
        "sigunguCd": "11560",
        "bjdongCd": "11000",
        "platGbCd": "0",
        "bun": "0025",
        "ji": "0003",
        "mgmBldrgstPk": "11560-7143",
        "atchRegstrGbCd": "2",
        "atchRegstrGbCdNm": "집합",
        "atchSigunguCd": "11560",
        "atchBjdongCd": "11000",
        "atchPlatGbCd": "0",
        "atchBun": "0025",
        "atchJi": "0005",
        "atchSplotNm": null,
        "crtnDay": "20210824",
        "regstrKindCd": "3",
        "regstrKindCdNm": "표제부"
    },
    {
        "platPlc": "서울특별시 영등포구 여의도동 25-3번지",
        "sigunguCd": "11560",
        "bjdongCd": "11000",
        "platGbCd": "0",
        "bun": "0025",
        "ji": "0003",
        "mgmBldrgstPk": "11560-7143",
        "atchRegstrGbCd": "2",
        "atchRegstrGbCdNm": "집합",
        "atchSigunguCd": "11560",
        "atchBjdongCd": "11000",
        "atchPlatGbCd": "0",
        "atchBun": "0025",
        "atchJi": "0008",
        "atchSplotNm": null,
        "crtnDay": "20210824",
        "regstrKindCd": "3",
        "regstrKindCdNm": "표제부"
    },
    {
        "platPlc": "서울특별시 영등포구 여의도동 25-4번지",
        "sigunguCd": "11560",
        "bjdongCd": "11000",
        "platGbCd": "0",
        "bun": "0025",
        "ji": "0004",
        "mgmBldrgstPk": "11560-7144",
        "atchRegstrGbCd": "2",
        "atchRegstrGbCdNm": "집합",
        "atchSigunguCd": "11560",
        "atchBjdongCd": "11000",
        "atchPlatGbCd": "0",
        "atchBun": "0025",
        "atchJi": "0006",
        "atchSplotNm": null,
        "crtnDay": "20171205",
        "regstrKindCd": "3",
        "regstrKindCdNm": "표제부"
    },
    {
        "platPlc": "서울특별시 영등포구 여의도동 25-12번지",
        "sigunguCd": "11560",
        "bjdongCd": "11000",
        "platGbCd": "0",
        "bun": "0025",
        "ji": "0012",
        "mgmBldrgstPk": "11560-7145",
        "atchRegstrGbCd": "2",
        "atchRegstrGbCdNm": "집합",
        "atchSigunguCd": "11560",
        "atchBjdongCd": "11000",
        "atchPlatGbCd": "0",
        "atchBun": "0025",
        "atchJi": "0014",
        "atchSplotNm": null,
        "crtnDay": "20180124",
        "regstrKindCd": "3",
        "regstrKindCdNm": "표제부"
    },
    {
        "platPlc": "서울특별시 영등포구 여의도동 26번지",
        "sigunguCd": "11560",
        "bjdongCd": "11000",
        "platGbCd": "0",
        "bun": "0026",
        "ji": "0000",
        "mgmBldrgstPk": "11560-100191174",
        "atchRegstrGbCd": "2",
        "atchRegstrGbCdNm": "집합",
        "atchSigunguCd": "11560",
        "atchBjdongCd": "11000",
        "atchPlatGbCd": "0",
        "atchBun": "0026",
        "atchJi": "0001",
        "atchSplotNm": null,
        "crtnDay": "20210622",
        "regstrKindCd": "3",
        "regstrKindCdNm": "표제부"
    },
    {
        "platPlc": "서울특별시 영등포구 여의도동 35-4번지",
        "sigunguCd": "11560",
        "bjdongCd": "11000",
        "platGbCd": "0",
        "bun": "0035",
        "ji": "0004",
        "mgmBldrgstPk": "11560-7042",
        "atchRegstrGbCd": "1",
        "atchRegstrGbCdNm": "일반",
        "atchSigunguCd": "11560",
        "atchBjdongCd": "11000",
        "atchPlatGbCd": "0",
        "atchBun": "0035",
        "atchJi": "0008",
        "atchSplotNm": null,
        "crtnDay": "20180914",
        "regstrKindCd": "2",
        "regstrKindCdNm": "일반건축물"
    },
    {
        "platPlc": "서울특별시 영등포구 여의도동 35-4번지",
        "sigunguCd": "11560",
        "bjdongCd": "11000",
        "platGbCd": "0",
        "bun": "0035",
        "ji": "0004",
        "mgmBldrgstPk": "11560-7042",
        "atchRegstrGbCd": "1",
        "atchRegstrGbCdNm": "일반",
        "atchSigunguCd": "11560",
        "atchBjdongCd": "11000",
        "atchPlatGbCd": "0",
        "atchBun": "0035",
        "atchJi": "0007",
        "atchSplotNm": null,
        "crtnDay": "20180914",
        "regstrKindCd": "2",
        "regstrKindCdNm": "일반건축물"
    },
    {
        "platPlc": "서울특별시 영등포구 여의도동 38-2번지",
        "sigunguCd": "11560",
        "bjdongCd": "11000",
        "platGbCd": "0",
        "bun": "0038",
        "ji": "0002",
        "mgmBldrgstPk": "11560-7049",
        "atchRegstrGbCd": "1",
        "atchRegstrGbCdNm": "일반",
        "atchSigunguCd": "11560",
        "atchBjdongCd": "11000",
        "atchPlatGbCd": "0",
        "atchBun": "0003",
        "atchJi": "0008",
        "atchSplotNm": null,
        "crtnDay": "20200714",
        "regstrKindCd": "2",
        "regstrKindCdNm": "일반건축물"
    },
    {
        "platPlc": "서울특별시 영등포구 여의도동 40-1번지",
        "sigunguCd": "11560",
        "bjdongCd": "11000",
        "platGbCd": "0",
        "bun": "0040",
        "ji": "0001",
        "mgmBldrgstPk": "11560-7052",
        "atchRegstrGbCd": "1",
        "atchRegstrGbCdNm": "일반",
        "atchSigunguCd": "11560",
        "atchBjdongCd": "11000",
        "atchPlatGbCd": "0",
        "atchBun": "0040",
        "atchJi": "0003",
        "atchSplotNm": null,
        "crtnDay": "20171118",
        "regstrKindCd": "2",
        "regstrKindCdNm": "일반건축물"
    },
    {
        "platPlc": "서울특별시 영등포구 여의도동 40-1번지",
        "sigunguCd": "11560",
        "bjdongCd": "11000",
        "platGbCd": "0",
        "bun": "0040",
        "ji": "0001",
        "mgmBldrgstPk": "11560-7052",
        "atchRegstrGbCd": "1",
        "atchRegstrGbCdNm": "일반",
        "atchSigunguCd": "11560",
        "atchBjdongCd": "11000",
        "atchPlatGbCd": "0",
        "atchBun": "0040",
        "atchJi": "0002",
        "atchSplotNm": null,
        "crtnDay": "20171118",
        "regstrKindCd": "2",
        "regstrKindCdNm": "일반건축물"
    },
    {
        "platPlc": "서울특별시 영등포구 여의도동 43-1번지",
        "sigunguCd": "11560",
        "bjdongCd": "11000",
        "platGbCd": "0",
        "bun": "0043",
        "ji": "0001",
        "mgmBldrgstPk": "11560-7211",
        "atchRegstrGbCd": "2",
        "atchRegstrGbCdNm": "집합",
        "atchSigunguCd": "11560",
        "atchBjdongCd": "11000",
        "atchPlatGbCd": "0",
        "atchBun": "0043",
        "atchJi": "0006",
        "atchSplotNm": null,
        "crtnDay": "20171205",
        "regstrKindCd": "3",
        "regstrKindCdNm": "표제부"
    },
    {
        "platPlc": "서울특별시 영등포구 여의도동 43-4번지",
        "sigunguCd": "11560",
        "bjdongCd": "11000",
        "platGbCd": "0",
        "bun": "0043",
        "ji": "0004",
        "mgmBldrgstPk": "11560-7214",
        "atchRegstrGbCd": "2",
        "atchRegstrGbCdNm": "집합",
        "atchSigunguCd": "11560",
        "atchBjdongCd": "11000",
        "atchPlatGbCd": "0",
        "atchBun": "0043",
        "atchJi": "0005",
        "atchSplotNm": null,
        "crtnDay": "20190530",
        "regstrKindCd": "3",
        "regstrKindCdNm": "표제부"
    },
    {
        "platPlc": "서울특별시 영등포구 여의도동 44번지",
        "sigunguCd": "11560",
        "bjdongCd": "11000",
        "platGbCd": "0",
        "bun": "0044",
        "ji": "0000",
        "mgmBldrgstPk": "11560-7215",
        "atchRegstrGbCd": "2",
        "atchRegstrGbCdNm": "집합",
        "atchSigunguCd": "11560",
        "atchBjdongCd": "11000",
        "atchPlatGbCd": "0",
        "atchBun": "0044",
        "atchJi": "0001",
        "atchSplotNm": null,
        "crtnDay": "20171205",
        "regstrKindCd": "3",
        "regstrKindCdNm": "표제부"
    },
    {
        "platPlc": "서울특별시 영등포구 여의도동 44-2번지",
        "sigunguCd": "11560",
        "bjdongCd": "11000",
        "platGbCd": "0",
        "bun": "0044",
        "ji": "0002",
        "mgmBldrgstPk": "11560-7216",
        "atchRegstrGbCd": "2",
        "atchRegstrGbCdNm": "집합",
        "atchSigunguCd": "11560",
        "atchBjdongCd": "11000",
        "atchPlatGbCd": "0",
        "atchBun": "0044",
        "atchJi": "0004",
        "atchSplotNm": null,
        "crtnDay": "20171219",
        "regstrKindCd": "3",
        "regstrKindCdNm": "표제부"
    },
    {
        "platPlc": "서울특별시 영등포구 여의도동 44-13번지",
        "sigunguCd": "11560",
        "bjdongCd": "11000",
        "platGbCd": "0",
        "bun": "0044",
        "ji": "0013",
        "mgmBldrgstPk": "11560-7219",
        "atchRegstrGbCd": "2",
        "atchRegstrGbCdNm": "집합",
        "atchSigunguCd": "11560",
        "atchBjdongCd": "11000",
        "atchPlatGbCd": "0",
        "atchBun": "0044",
        "atchJi": "0015",
        "atchSplotNm": null,
        "crtnDay": "20210709",
        "regstrKindCd": "3",
        "regstrKindCdNm": "표제부"
    },
    {
        "platPlc": "서울특별시 영등포구 여의도동 44-21번지",
        "sigunguCd": "11560",
        "bjdongCd": "11000",
        "platGbCd": "0",
        "bun": "0044",
        "ji": "0021",
        "mgmBldrgstPk": "11560-7222",
        "atchRegstrGbCd": "2",
        "atchRegstrGbCdNm": "집합",
        "atchSigunguCd": "11560",
        "atchBjdongCd": "11000",
        "atchPlatGbCd": "0",
        "atchBun": "0044",
        "atchJi": "0026",
        "atchSplotNm": null,
        "crtnDay": "20210818",
        "regstrKindCd": "3",
        "regstrKindCdNm": "표제부"
    },
    {
        "platPlc": "서울특별시 영등포구 여의도동 44-23번지",
        "sigunguCd": "11560",
        "bjdongCd": "11000",
        "platGbCd": "0",
        "bun": "0044",
        "ji": "0023",
        "mgmBldrgstPk": "11560-7223",
        "atchRegstrGbCd": "2",
        "atchRegstrGbCdNm": "집합",
        "atchSigunguCd": "11560",
        "atchBjdongCd": "11000",
        "atchPlatGbCd": "0",
        "atchBun": "0044",
        "atchJi": "0029",
        "atchSplotNm": null,
        "crtnDay": "20190608",
        "regstrKindCd": "3",
        "regstrKindCdNm": "표제부"
    },
    {
        "platPlc": "서울특별시 영등포구 여의도동 44-23번지",
        "sigunguCd": "11560",
        "bjdongCd": "11000",
        "platGbCd": "0",
        "bun": "0044",
        "ji": "0023",
        "mgmBldrgstPk": "11560-7223",
        "atchRegstrGbCd": "2",
        "atchRegstrGbCdNm": "집합",
        "atchSigunguCd": "11560",
        "atchBjdongCd": "11000",
        "atchPlatGbCd": "0",
        "atchBun": "0044",
        "atchJi": "0027",
        "atchSplotNm": null,
        "crtnDay": "20190608",
        "regstrKindCd": "3",
        "regstrKindCdNm": "표제부"
    },
    {
        "platPlc": "서울특별시 영등포구 여의도동 44-24번지",
        "sigunguCd": "11560",
        "bjdongCd": "11000",
        "platGbCd": "0",
        "bun": "0044",
        "ji": "0024",
        "mgmBldrgstPk": "11560-7064",
        "atchRegstrGbCd": "1",
        "atchRegstrGbCdNm": "일반",
        "atchSigunguCd": "11560",
        "atchBjdongCd": "11000",
        "atchPlatGbCd": "0",
        "atchBun": "0044",
        "atchJi": "0028",
        "atchSplotNm": null,
        "crtnDay": "20200812",
        "regstrKindCd": "2",
        "regstrKindCdNm": "일반건축물"
    },
    {
        "platPlc": "서울특별시 영등포구 여의도동 45-11번지",
        "sigunguCd": "11560",
        "bjdongCd": "11000",
        "platGbCd": "0",
        "bun": "0045",
        "ji": "0011",
        "mgmBldrgstPk": "11560-7071",
        "atchRegstrGbCd": "1",
        "atchRegstrGbCdNm": "일반",
        "atchSigunguCd": "11560",
        "atchBjdongCd": "11000",
        "atchPlatGbCd": "0",
        "atchBun": "0045",
        "atchJi": "0016",
        "atchSplotNm": null,
        "crtnDay": "20210118",
        "regstrKindCd": "2",
        "regstrKindCdNm": "일반건축물"
    },
    {
        "platPlc": "서울특별시 영등포구 여의도동 45-11번지",
        "sigunguCd": "11560",
        "bjdongCd": "11000",
        "platGbCd": "0",
        "bun": "0045",
        "ji": "0011",
        "mgmBldrgstPk": "11560-7071",
        "atchRegstrGbCd": "1",
        "atchRegstrGbCdNm": "일반",
        "atchSigunguCd": "11560",
        "atchBjdongCd": "11000",
        "atchPlatGbCd": "0",
        "atchBun": "0045",
        "atchJi": "0012",
        "atchSplotNm": null,
        "crtnDay": "20210118",
        "regstrKindCd": "2",
        "regstrKindCdNm": "일반건축물"
    },
    {
        "platPlc": "서울특별시 영등포구 여의도동 45-13번지",
        "sigunguCd": "11560",
        "bjdongCd": "11000",
        "platGbCd": "0",
        "bun": "0045",
        "ji": "0013",
        "mgmBldrgstPk": "11560-7232",
        "atchRegstrGbCd": "2",
        "atchRegstrGbCdNm": "집합",
        "atchSigunguCd": "11560",
        "atchBjdongCd": "11000",
        "atchPlatGbCd": "0",
        "atchBun": "0045",
        "atchJi": "0017",
        "atchSplotNm": null,
        "crtnDay": "20190530",
        "regstrKindCd": "3",
        "regstrKindCdNm": "표제부"
    },
    {
        "platPlc": "서울특별시 영등포구 여의도동 45-15번지",
        "sigunguCd": "11560",
        "bjdongCd": "11000",
        "platGbCd": "0",
        "bun": "0045",
        "ji": "0015",
        "mgmBldrgstPk": "11560-7233",
        "atchRegstrGbCd": "2",
        "atchRegstrGbCdNm": "집합",
        "atchSigunguCd": "11560",
        "atchBjdongCd": "11000",
        "atchPlatGbCd": "0",
        "atchBun": "0045",
        "atchJi": "0019",
        "atchSplotNm": null,
        "crtnDay": "20201015",
        "regstrKindCd": "3",
        "regstrKindCdNm": "표제부"
    },
    {
        "platPlc": "서울특별시 영등포구 여의도동 45-20번지",
        "sigunguCd": "11560",
        "bjdongCd": "11000",
        "platGbCd": "0",
        "bun": "0045",
        "ji": "0020",
        "mgmBldrgstPk": "11560-7235",
        "atchRegstrGbCd": "2",
        "atchRegstrGbCdNm": "집합",
        "atchSigunguCd": "11560",
        "atchBjdongCd": "11000",
        "atchPlatGbCd": "0",
        "atchBun": "0045",
        "atchJi": "0014",
        "atchSplotNm": null,
        "crtnDay": "20180720",
        "regstrKindCd": "3",
        "regstrKindCdNm": "표제부"
    },
    {
        "platPlc": "서울특별시 영등포구 여의도동 48번지",
        "sigunguCd": "11560",
        "bjdongCd": "11000",
        "platGbCd": "0",
        "bun": "0048",
        "ji": "0000",
        "mgmBldrgstPk": "11560-7237",
        "atchRegstrGbCd": "2",
        "atchRegstrGbCdNm": "집합",
        "atchSigunguCd": "11560",
        "atchBjdongCd": "11000",
        "atchPlatGbCd": "0",
        "atchBun": "0048",
        "atchJi": "0002",
        "atchSplotNm": null,
        "crtnDay": "20190530",
        "regstrKindCd": "3",
        "regstrKindCdNm": "표제부"
    },
    {
        "platPlc": "서울특별시 영등포구 여의도동 53-11번지",
        "sigunguCd": "11560",
        "bjdongCd": "11000",
        "platGbCd": "0",
        "bun": "0053",
        "ji": "0011",
        "mgmBldrgstPk": "11560-7273",
        "atchRegstrGbCd": "2",
        "atchRegstrGbCdNm": "집합",
        "atchSigunguCd": "11560",
        "atchBjdongCd": "11000",
        "atchPlatGbCd": "0",
        "atchBun": "0053",
        "atchJi": "0017",
        "atchSplotNm": null,
        "crtnDay": "20171205",
        "regstrKindCd": "3",
        "regstrKindCdNm": "표제부"
    },
    {
        "platPlc": "서울특별시 영등포구 여의도동 53-22번지",
        "sigunguCd": "11560",
        "bjdongCd": "11000",
        "platGbCd": "0",
        "bun": "0053",
        "ji": "0022",
        "mgmBldrgstPk": "11560-100193614",
        "atchRegstrGbCd": "1",
        "atchRegstrGbCdNm": "일반",
        "atchSigunguCd": "11560",
        "atchBjdongCd": "11000",
        "atchPlatGbCd": "0",
        "atchBun": "0005",
        "atchJi": "0008",
        "atchSplotNm": null,
        "crtnDay": "20190530",
        "regstrKindCd": "2",
        "regstrKindCdNm": "일반건축물"
    },
    {
        "platPlc": "서울특별시 영등포구 여의도동 54-3번지",
        "sigunguCd": "11560",
        "bjdongCd": "11000",
        "platGbCd": "0",
        "bun": "0054",
        "ji": "0003",
        "mgmBldrgstPk": "11560-7277",
        "atchRegstrGbCd": "2",
        "atchRegstrGbCdNm": "집합",
        "atchSigunguCd": "11560",
        "atchBjdongCd": "11000",
        "atchPlatGbCd": "0",
        "atchBun": "0054",
        "atchJi": "0005",
        "atchSplotNm": null,
        "crtnDay": "20170127",
        "regstrKindCd": "3",
        "regstrKindCdNm": "표제부"
    },
    {
        "platPlc": "서울특별시 영등포구 여의도동 54-6번지",
        "sigunguCd": "11560",
        "bjdongCd": "11000",
        "platGbCd": "0",
        "bun": "0054",
        "ji": "0006",
        "mgmBldrgstPk": "11560-7279",
        "atchRegstrGbCd": "2",
        "atchRegstrGbCdNm": "집합",
        "atchSigunguCd": "11560",
        "atchBjdongCd": "11000",
        "atchPlatGbCd": "0",
        "atchBun": "0054",
        "atchJi": "0010",
        "atchSplotNm": null,
        "crtnDay": "20210803",
        "regstrKindCd": "3",
        "regstrKindCdNm": "표제부"
    },
    {
        "platPlc": "서울특별시 영등포구 여의도동 54-6번지",
        "sigunguCd": "11560",
        "bjdongCd": "11000",
        "platGbCd": "0",
        "bun": "0054",
        "ji": "0006",
        "mgmBldrgstPk": "11560-7279",
        "atchRegstrGbCd": "2",
        "atchRegstrGbCdNm": "집합",
        "atchSigunguCd": "11560",
        "atchBjdongCd": "11000",
        "atchPlatGbCd": "0",
        "atchBun": "0054",
        "atchJi": "0009",
        "atchSplotNm": null,
        "crtnDay": "20210803",
        "regstrKindCd": "3",
        "regstrKindCdNm": "표제부"
    },
    {
        "platPlc": "서울특별시 영등포구 여의도동 60번지",
        "sigunguCd": "11560",
        "bjdongCd": "11000",
        "platGbCd": "0",
        "bun": "0060",
        "ji": "0000",
        "mgmBldrgstPk": "11560-100190515",
        "atchRegstrGbCd": "1",
        "atchRegstrGbCdNm": "일반",
        "atchSigunguCd": "11560",
        "atchBjdongCd": "11000",
        "atchPlatGbCd": "0",
        "atchBun": "0007",
        "atchJi": "0002",
        "atchSplotNm": null,
        "crtnDay": "20210713",
        "regstrKindCd": "2",
        "regstrKindCdNm": "일반건축물"
    },
    {
        "platPlc": "서울특별시 영등포구 여의도동 81-8번지",
        "sigunguCd": "11560",
        "bjdongCd": "11000",
        "platGbCd": "0",
        "bun": "0081",
        "ji": "0008",
        "mgmBldrgstPk": "11560-100197573",
        "atchRegstrGbCd": "1",
        "atchRegstrGbCdNm": "일반",
        "atchSigunguCd": "11560",
        "atchBjdongCd": "11000",
        "atchPlatGbCd": "0",
        "atchBun": "0081",
        "atchJi": "0011",
        "atchSplotNm": null,
        "crtnDay": "20210409",
        "regstrKindCd": "2",
        "regstrKindCdNm": "일반건축물"
    },
    {
        "platPlc": "서울특별시 영등포구 여의도동 81-8번지",
        "sigunguCd": "11560",
        "bjdongCd": "11000",
        "platGbCd": "0",
        "bun": "0081",
        "ji": "0008",
        "mgmBldrgstPk": "11560-100197573",
        "atchRegstrGbCd": "1",
        "atchRegstrGbCdNm": "일반",
        "atchSigunguCd": "11560",
        "atchBjdongCd": "11000",
        "atchPlatGbCd": "0",
        "atchBun": "0081",
        "atchJi": "0009",
        "atchSplotNm": null,
        "crtnDay": "20210409",
        "regstrKindCd": "2",
        "regstrKindCdNm": "일반건축물"
    }
]