[
    {
        "mgmBldrgstPk": "11560-862",
        "mainPurpsCd": "03000",
        "mainPurpsCdNm": "제1종근린생활시설",
        "etcPurps": "근린생활시설",
        "hhldCnt": "0",
        "fmlyCnt": "0",
        "hoCnt": "0",
        "mainBldCnt": "9",
        "atchBldCnt": "2",
        "atchBldArea": "36.81",
        "totPkngCnt": "20",
        "indrMechUtcnt": "0",
        "indrMechArea": "0",
        "oudrMechUtcnt": "0",
        "oudrMechArea": "0",
        "indrAutoUtcnt": "0",
        "indrAutoArea": "0",
        "pmsDay": null,
        "stcnsDay": null,
        "useAprDay": null,
        "engrGrade": null,
        "engrRat": "0",
        "engrEpi": "0",
        "gnBldGrade": null,
        "gnBldCert": "0",
        "itgBldGrade": null,
        "itgBldCert": "0",
        "crtnDay": "20111230",
        "platPlc": "서울특별시 영등포구 여의도동 2번지",
        "sigunguCd": "11560",
        "bjdongCd": "11000",
        "platGbCd": "0",
        "bun": "0002",
        "ji": "0000",
        "regstrGbCd": "1",
        "regstrGbCdNm": "일반",
        "regstrKindCd": "1",
        "regstrKindCdNm": "총괄표제부",
        "bldNm": "한강고수부지간이매점및공중변소",
        "newPlatPlc": null,
        "splotNm": null,
        "bylotCnt": "0",
        "naRoadCd": null,
        "naBjdongCd": null,
        "naUgrndCd": "0",
        "naMainBun": "0.0",
        "naSubBun": "0.0",
        "platArea": "229539",
        "archArea": "1473.22",
        "bcRat": "0.64",
        "totArea": "2607.54",
        "vlRatEstmTotArea": "1386.95",
        "vlRat": "0.6",
        "newOldRegstrGbCd": "1",
        "newOldRegstrGbCdNm": "신대장"
    },
    {
        "mgmBldrgstPk": "11560-863",
        "mainPurpsCd": "06000",
        "mainPurpsCdNm": "종교시설",
        "etcPurps": "문화및집회시설",
        "hhldCnt": "0",
        "fmlyCnt": "0",
        "hoCnt": "0",
        "mainBldCnt": "4",
        "atchBldCnt": "0",
        "atchBldArea": "0",
        "totPkngCnt": "200",
        "indrMechUtcnt": "0",
        "indrMechArea": "0",
        "oudrMechUtcnt": "0",
        "oudrMechArea": "0",
        "indrAutoUtcnt": "119",
        "indrAutoArea": "0",
        "pmsDay": null,
        "stcnsDay": null,
        "useAprDay": null,
        "engrGrade": null,
        "engrRat": "0",
        "engrEpi": "0",
        "gnBldGrade": null,
        "gnBldCert": "0",
        "itgBldGrade": null,
        "itgBldCert": "0",
        "crtnDay": "20171118",
        "platPlc": "서울특별시 영등포구 여의도동 11번지",
        "sigunguCd": "11560",
        "bjdongCd": "11000",
        "platGbCd": "0",
        "bun": "0011",
        "ji": "0000",
        "regstrGbCd": "1",
        "regstrGbCdNm": "일반",
        "regstrKindCd": "1",
        "regstrKindCdNm": "총괄표제부",
        "bldNm": "여의도순복음교회",
        "newPlatPlc": "서울특별시 영등포구 국회대로76길 15",
        "splotNm": null,
        "bylotCnt": "0",
        "naRoadCd": "115604154094",
        "naBjdongCd": "11001",
        "naUgrndCd": "0",
        "naMainBun": "15.0",
        "naSubBun": "0.0",
        "platArea": "13613",
        "archArea": "5733.95",
        "bcRat": "42.12",
        "totArea": "47198.67",
        "vlRatEstmTotArea": "25055.13",
        "vlRat": "184.05",
        "newOldRegstrGbCd": "0",
        "newOldRegstrGbCdNm": "구대장"
    },
    {
        "mgmBldrgstPk": "11560-100248119",
        "mainPurpsCd": "06000",
        "mainPurpsCdNm": "종교시설",
        "etcPurps": "종교시설",
        "hhldCnt": "0",
        "fmlyCnt": "0",
        "hoCnt": "0",
        "mainBldCnt": "2",
        "atchBldCnt": "0",
        "atchBldArea": "0",
        "totPkngCnt": "121",
        "indrMechUtcnt": "0",
        "indrMechArea": "0",
        "oudrMechUtcnt": "0",
        "oudrMechArea": "0",
        "indrAutoUtcnt": "121",
        "indrAutoArea": "0",
        "pmsDay": "20160726",
        "stcnsDay": "20161215",
        "useAprDay": "20180920",
        "engrGrade": "1+",
        "engrRat": "0",
        "engrEpi": "76",
        "gnBldGrade": "4",
        "gnBldCert": "0",
        "itgBldGrade": null,
        "itgBldCert": "0",
        "crtnDay": "20181003",
        "platPlc": "서울특별시 영등포구 여의도동 11-17번지",
        "sigunguCd": "11560",
        "bjdongCd": "11000",
        "platGbCd": "0",
        "bun": "0011",
        "ji": "0017",
        "regstrGbCd": "1",
        "regstrGbCdNm": "일반",
        "regstrKindCd": "1",
        "regstrKindCdNm": "총괄표제부",
        "bldNm": "여의도 순복음교회 제2교육관",
        "newPlatPlc": null,
        "splotNm": null,
        "bylotCnt": "0",
        "naRoadCd": null,
        "naBjdongCd": null,
        "naUgrndCd": "0",
        "naMainBun": "0.0",
        "naSubBun": "0.0",
        "platArea": "4132",
        "archArea": "2368.19",
        "bcRat": "57.31",
        "totArea": "34637.37",
        "vlRatEstmTotArea": "25072.78",
        "vlRat": "606.8",
        "newOldRegstrGbCd": "1",
        "newOldRegstrGbCdNm": "신대장"
    },
    {
        "mgmBldrgstPk": "11560-503",
        "mainPurpsCd": "14000",
        "mainPurpsCdNm": "업무시설",
        "etcPurps": "업무시설및근린생활시설",
        "hhldCnt": "0",
        "fmlyCnt": "0",
        "hoCnt": "0",
        "mainBldCnt": "2",
        "atchBldCnt": "0",
        "atchBldArea": "0",
        "totPkngCnt": "261",
        "indrMechUtcnt": "0",
        "indrMechArea": "0",
        "oudrMechUtcnt": "0",
        "oudrMechArea": "0",
        "indrAutoUtcnt": "196",
        "indrAutoArea": "0",
        "pmsDay": null,
        "stcnsDay": null,
        "useAprDay": null,
        "engrGrade": null,
        "engrRat": "0",
        "engrEpi": "0",
        "gnBldGrade": null,
        "gnBldCert": "0",
        "itgBldGrade": null,
        "itgBldCert": "0",
        "crtnDay": "20121115",
        "platPlc": "서울특별시 영등포구 여의도동 13-6번지",
        "sigunguCd": "11560",
        "bjdongCd": "11000",
        "platGbCd": "0",
        "bun": "0013",
        "ji": "0006",
        "regstrGbCd": "1",
        "regstrGbCdNm": "일반",
        "regstrKindCd": "1",
        "regstrKindCdNm": "총괄표제부",
        "bldNm": null,
        "newPlatPlc": "서울특별시 영등포구 국회대로76길 22",
        "splotNm": null,
        "bylotCnt": "3",
        "naRoadCd": "115604154094",
        "naBjdongCd": "11001",
        "naUgrndCd": "0",
        "naMainBun": "22.0",
        "naSubBun": "0.0",
        "platArea": "5596",
        "archArea": "2264.34",
        "bcRat": "40.43",
        "totArea": "38195.71",
        "vlRatEstmTotArea": "22850.97",
        "vlRat": "408.34",
        "newOldRegstrGbCd": "0",
        "newOldRegstrGbCdNm": "구대장"
    },
    {
        "mgmBldrgstPk": "11560-100188134",
        "mainPurpsCd": "14000",
        "mainPurpsCdNm": "업무시설",
        "etcPurps": "일반업무시설(금융업소)",
        "hhldCnt": "0",
        "fmlyCnt": "0",
        "hoCnt": "0",
        "mainBldCnt": "2",
        "atchBldCnt": "0",
        "atchBldArea": "0",
        "totPkngCnt": "370",
        "indrMechUtcnt": "0",
        "indrMechArea": "0",
        "oudrMechUtcnt": "0",
        "oudrMechArea": "0",
        "indrAutoUtcnt": "348",
        "indrAutoArea": "0",
        "pmsDay": null,
        "stcnsDay": null,
        "useAprDay": "19770601",
        "engrGrade": null,
        "engrRat": "0",
        "engrEpi": "0",
        "gnBldGrade": null,
        "gnBldCert": "0",
        "itgBldGrade": null,
        "itgBldCert": "0",
        "crtnDay": "20181227",
        "platPlc": "서울특별시 영등포구 여의도동 15-22번지",
        "sigunguCd": "11560",
        "bjdongCd": "11000",
        "platGbCd": "0",
        "bun": "0015",
        "ji": "0022",
        "regstrGbCd": "1",
        "regstrGbCdNm": "일반",
        "regstrKindCd": "1",
        "regstrKindCdNm": "총괄표제부",
        "bldNm": null,
        "newPlatPlc": "서울특별시 영등포구 의사당대로 13",
        "splotNm": null,
        "bylotCnt": "0",
        "naRoadCd": "115602118002",
        "naBjdongCd": "11001",
        "naUgrndCd": "0",
        "naMainBun": "13.0",
        "naSubBun": "0.0",
        "platArea": "7934",
        "archArea": "3456.91",
        "bcRat": "43.57",
        "totArea": "45644.43",
        "vlRatEstmTotArea": "25141.42",
        "vlRat": "316.88",
        "newOldRegstrGbCd": "1",
        "newOldRegstrGbCdNm": "신대장"
    },
    {
        "mgmBldrgstPk": "11560-100205341",
        "mainPurpsCd": "03000",
        "mainPurpsCdNm": "제1종근린생활시설",
        "etcPurps": "사무실",
        "hhldCnt": "0",
        "fmlyCnt": "0",
        "hoCnt": "0",
        "mainBldCnt": "5",
        "atchBldCnt": "0",
        "atchBldArea": "0",
        "totPkngCnt": "0",
        "indrMechUtcnt": "0",
        "indrMechArea": "0",
        "oudrMechUtcnt": "0",
        "oudrMechArea": "0",
        "indrAutoUtcnt": "0",
        "indrAutoArea": "0",
        "pmsDay": null,
        "stcnsDay": null,
        "useAprDay": null,
        "engrGrade": null,
        "engrRat": "0",
        "engrEpi": "0",
        "gnBldGrade": null,
        "gnBldCert": "0",
        "itgBldGrade": null,
        "itgBldCert": "0",
        "crtnDay": "20171118",
        "platPlc": "서울특별시 영등포구 여의도동 18-1번지",
        "sigunguCd": "11560",
        "bjdongCd": "11000",
        "platGbCd": "0",
        "bun": "0018",
        "ji": "0001",
        "regstrGbCd": "1",
        "regstrGbCdNm": "일반",
        "regstrKindCd": "1",
        "regstrKindCdNm": "총괄표제부",
        "bldNm": null,
        "newPlatPlc": null,
        "splotNm": null,
        "bylotCnt": "0",
        "naRoadCd": null,
        "naBjdongCd": null,
        "naUgrndCd": "0",
        "naMainBun": "0.0",
        "naSubBun": "0.0",
        "platArea": "0",
        "archArea": "3538.19",
        "bcRat": "0",
        "totArea": "15871.43",
        "vlRatEstmTotArea": "15103.83",
        "vlRat": "0",
        "newOldRegstrGbCd": "1",
        "newOldRegstrGbCdNm": "신대장"
    },
    {
        "mgmBldrgstPk": "11560-1391",
        "mainPurpsCd": "02000",
        "mainPurpsCdNm": "공동주택",
        "etcPurps": "아파트",
        "hhldCnt": "192",
        "fmlyCnt": "0",
        "hoCnt": "0",
        "mainBldCnt": "2",
        "atchBldCnt": "1",
        "atchBldArea": "745.66",
        "totPkngCnt": "0",
        "indrMechUtcnt": "0",
        "indrMechArea": "0",
        "oudrMechUtcnt": "0",
        "oudrMechArea": "0",
        "indrAutoUtcnt": "0",
        "indrAutoArea": "0",
        "pmsDay": null,
        "stcnsDay": null,
        "useAprDay": null,
        "engrGrade": null,
        "engrRat": "0",
        "engrEpi": "0",
        "gnBldGrade": null,
        "gnBldCert": "0",
        "itgBldGrade": null,
        "itgBldCert": "0",
        "crtnDay": "20171205",
        "platPlc": "서울특별시 영등포구 여의도동 21-1번지",
        "sigunguCd": "11560",
        "bjdongCd": "11000",
        "platGbCd": "0",
        "bun": "0021",
        "ji": "0001",
        "regstrGbCd": "2",
        "regstrGbCdNm": "집합",
        "regstrKindCd": "1",
        "regstrKindCdNm": "총괄표제부",
        "bldNm": null,
        "newPlatPlc": "서울특별시 영등포구 여의나루로 121",
        "splotNm": null,
        "bylotCnt": "0",
        "naRoadCd": "115603118019",
        "naBjdongCd": "11001",
        "naUgrndCd": "0",
        "naMainBun": "121.0",
        "naSubBun": "0.0",
        "platArea": "0",
        "archArea": "2742.82",
        "bcRat": "0",
        "totArea": "34832.35",
        "vlRatEstmTotArea": "32788.22",
        "vlRat": "0",
        "newOldRegstrGbCd": "0",
        "newOldRegstrGbCdNm": "구대장"
    },
    {
        "mgmBldrgstPk": "11560-1392",
        "mainPurpsCd": "02000",
        "mainPurpsCdNm": "공동주택",
        "etcPurps": "아파트",
        "hhldCnt": "373",
        "fmlyCnt": "0",
        "hoCnt": "0",
        "mainBldCnt": "4",
        "atchBldCnt": "1",
        "atchBldArea": "820.96",
        "totPkngCnt": "0",
        "indrMechUtcnt": "0",
        "indrMechArea": "0",
        "oudrMechUtcnt": "0",
        "oudrMechArea": "0",
        "indrAutoUtcnt": "0",
        "indrAutoArea": "0",
        "pmsDay": null,
        "stcnsDay": null,
        "useAprDay": null,
        "engrGrade": null,
        "engrRat": "0",
        "engrEpi": "0",
        "gnBldGrade": null,
        "gnBldCert": "0",
        "itgBldGrade": null,
        "itgBldCert": "0",
        "crtnDay": "20171205",
        "platPlc": "서울특별시 영등포구 여의도동 21-2번지",
        "sigunguCd": "11560",
        "bjdongCd": "11000",
        "platGbCd": "0",
        "bun": "0021",
        "ji": "0002",
        "regstrGbCd": "2",
        "regstrGbCdNm": "집합",
        "regstrKindCd": "1",
        "regstrKindCdNm": "총괄표제부",
        "bldNm": null,
        "newPlatPlc": "서울특별시 영등포구 여의대로6길 17",
        "splotNm": null,
        "bylotCnt": "0",
        "naRoadCd": "115604154645",
        "naBjdongCd": "11001",
        "naUgrndCd": "0",
        "naMainBun": "17.0",
        "naSubBun": "0.0",
        "platArea": "0",
        "archArea": "3371.82",
        "bcRat": "0",
        "totArea": "44706.38",
        "vlRatEstmTotArea": "40834.15",
        "vlRat": "0",
        "newOldRegstrGbCd": "0",
        "newOldRegstrGbCdNm": "구대장"
    },
    {
        "mgmBldrgstPk": "11560-100261088",
        "mainPurpsCd": "14000",
        "mainPurpsCdNm": "업무시설",
        "etcPurps": "업무시설,판매시설,숙박시설,근린생활시설,문화및집회시설,교육연구시설",
        "hhldCnt": "0",
        "fmlyCnt": "0",
        "hoCnt": "4",
        "mainBldCnt": "4",
        "atchBldCnt": "0",
        "atchBldArea": "0",
        "totPkngCnt": "2430",
        "indrMechUtcnt": "0",
        "indrMechArea": "0",
        "oudrMechUtcnt": "0",
        "oudrMechArea": "0",
        "indrAutoUtcnt": "2430",
        "indrAutoArea": "151727.26",
        "pmsDay": "20060711",
        "stcnsDay": "20070416",
        "useAprDay": "20200714",
        "engrGrade": "2",
        "engrRat": "0",
        "engrEpi": "0",
        "gnBldGrade": "1",
        "gnBldCert": "0",
        "itgBldGrade": null,
        "itgBldCert": "0",
        "crtnDay": "20210720",
        "platPlc": "서울특별시 영등포구 여의도동 22번지",
        "sigunguCd": "11560",
        "bjdongCd": "11000",
        "platGbCd": "0",
        "bun": "0022",
        "ji": "0000",
        "regstrGbCd": "2",
        "regstrGbCdNm": "집합",
        "regstrKindCd": "1",
        "regstrKindCdNm": "총괄표제부",
        "bldNm": "파크원",
        "newPlatPlc": "서울특별시 영등포구 여의대로 108",
        "splotNm": null,
        "bylotCnt": "0",
        "naRoadCd": "115602118001",
        "naBjdongCd": "11001",
        "naUgrndCd": "0",
        "naMainBun": "108.0",
        "naSubBun": "0.0",
        "platArea": "46465",
        "archArea": "24766",
        "bcRat": "53.3",
        "totArea": "629047.23",
        "vlRatEstmTotArea": "367848.43",
        "vlRat": "791.67",
        "newOldRegstrGbCd": "1",
        "newOldRegstrGbCdNm": "신대장"
    },
    {
        "mgmBldrgstPk": "11560-100203845",
        "mainPurpsCd": "14000",
        "mainPurpsCdNm": "업무시설",
        "etcPurps": "업무시설,숙박시설,판매시설,문화및집회시설",
        "hhldCnt": "0",
        "fmlyCnt": "0",
        "hoCnt": "10",
        "mainBldCnt": "5",
        "atchBldCnt": "0",
        "atchBldArea": "0",
        "totPkngCnt": "2085",
        "indrMechUtcnt": "49",
        "indrMechArea": "0",
        "oudrMechUtcnt": "0",
        "oudrMechArea": "0",
        "indrAutoUtcnt": "2036",
        "indrAutoArea": "0",
        "pmsDay": "20060424",
        "stcnsDay": "20061205",
        "useAprDay": "20120813",
        "engrGrade": null,
        "engrRat": "0",
        "engrEpi": "0",
        "gnBldGrade": null,
        "gnBldCert": "0",
        "itgBldGrade": null,
        "itgBldCert": "0",
        "crtnDay": "20210217",
        "platPlc": "서울특별시 영등포구 여의도동 23번지",
        "sigunguCd": "11560",
        "bjdongCd": "11000",
        "platGbCd": "0",
        "bun": "0023",
        "ji": "0000",
        "regstrGbCd": "2",
        "regstrGbCdNm": "집합",
        "regstrKindCd": "1",
        "regstrKindCdNm": "총괄표제부",
        "bldNm": "서울 국제금융 센터",
        "newPlatPlc": null,
        "splotNm": null,
        "bylotCnt": "1",
        "naRoadCd": null,
        "naBjdongCd": null,
        "naUgrndCd": "0",
        "naMainBun": "0.0",
        "naSubBun": "0.0",
        "platArea": "33058",
        "archArea": "15569.5",
        "bcRat": "47.1",
        "totArea": "506205.34",
        "vlRatEstmTotArea": "307030.86",
        "vlRat": "928.76417",
        "newOldRegstrGbCd": "1",
        "newOldRegstrGbCdNm": "신대장"
    },
    {
        "mgmBldrgstPk": "11560-100205036",
        "mainPurpsCd": "14000",
        "mainPurpsCdNm": "업무시설",
        "etcPurps": "근린생활시설,운동시설",
        "hhldCnt": "0",
        "fmlyCnt": "0",
        "hoCnt": "0",
        "mainBldCnt": "2",
        "atchBldCnt": "0",
        "atchBldArea": "0",
        "totPkngCnt": "320",
        "indrMechUtcnt": "0",
        "indrMechArea": "0",
        "oudrMechUtcnt": "0",
        "oudrMechArea": "0",
        "indrAutoUtcnt": "316",
        "indrAutoArea": "17995.3",
        "pmsDay": null,
        "stcnsDay": null,
        "useAprDay": null,
        "engrGrade": null,
        "engrRat": "0",
        "engrEpi": "0",
        "gnBldGrade": null,
        "gnBldCert": "0",
        "itgBldGrade": null,
        "itgBldCert": "0",
        "crtnDay": "20180704",
        "platPlc": "서울특별시 영등포구 여의도동 23-3번지",
        "sigunguCd": "11560",
        "bjdongCd": "11000",
        "platGbCd": "0",
        "bun": "0023",
        "ji": "0003",
        "regstrGbCd": "1",
        "regstrGbCdNm": "일반",
        "regstrKindCd": "1",
        "regstrKindCdNm": "총괄표제부",
        "bldNm": "KTB",
        "newPlatPlc": null,
        "splotNm": null,
        "bylotCnt": "0",
        "naRoadCd": null,
        "naBjdongCd": null,
        "naUgrndCd": "0",
        "naMainBun": "0.0",
        "naSubBun": "0.0",
        "platArea": "3707",
        "archArea": "1995.66",
        "bcRat": "53.834906",
        "totArea": "49826.17",
        "vlRatEstmTotArea": "25939.59",
        "vlRat": "699.74615",
        "newOldRegstrGbCd": "1",
        "newOldRegstrGbCdNm": "신대장"
    },
    {
        "mgmBldrgstPk": "11560-100224738",
        "mainPurpsCd": "14000",
        "mainPurpsCdNm": "업무시설",
        "etcPurps": "근린생활시설",
        "hhldCnt": "0",
        "fmlyCnt": "0",
        "hoCnt": "0",
        "mainBldCnt": "3",
        "atchBldCnt": "0",
        "atchBldArea": "0",
        "totPkngCnt": "232",
        "indrMechUtcnt": "0",
        "indrMechArea": "0",
        "oudrMechUtcnt": "0",
        "oudrMechArea": "0",
        "indrAutoUtcnt": "179",
        "indrAutoArea": "0",
        "pmsDay": null,
        "stcnsDay": null,
        "useAprDay": null,
        "engrGrade": null,
        "engrRat": "0",
        "engrEpi": "0",
        "gnBldGrade": null,
        "gnBldCert": "0",
        "itgBldGrade": null,
        "itgBldCert": "0",
        "crtnDay": "20190405",
        "platPlc": "서울특별시 영등포구 여의도동 25-11번지",
        "sigunguCd": "11560",
        "bjdongCd": "11000",
        "platGbCd": "0",
        "bun": "0025",
        "ji": "0011",
        "regstrGbCd": "1",
        "regstrGbCdNm": "일반",
        "regstrKindCd": "1",
        "regstrKindCdNm": "총괄표제부",
        "bldNm": "(주)유수홀딩스",
        "newPlatPlc": null,
        "splotNm": null,
        "bylotCnt": "0",
        "naRoadCd": null,
        "naBjdongCd": null,
        "naUgrndCd": "0",
        "naMainBun": "0.0",
        "naSubBun": "0.0",
        "platArea": "5541",
        "archArea": "2212.56",
        "bcRat": "39.93",
        "totArea": "49967.875",
        "vlRatEstmTotArea": "34649.16",
        "vlRat": "625.32",
        "newOldRegstrGbCd": "1",
        "newOldRegstrGbCdNm": "신대장"
    },
    {
        "mgmBldrgstPk": "11560-1325",
        "mainPurpsCd": "02000",
        "mainPurpsCdNm": "공동주택",
        "etcPurps": null,
        "hhldCnt": "576",
        "fmlyCnt": "0",
        "hoCnt": "0",
        "mainBldCnt": "9",
        "atchBldCnt": "1",
        "atchBldArea": "132",
        "totPkngCnt": "0",
        "indrMechUtcnt": "0",
        "indrMechArea": "0",
        "oudrMechUtcnt": "0",
        "oudrMechArea": "0",
        "indrAutoUtcnt": "0",
        "indrAutoArea": "0",
        "pmsDay": null,
        "stcnsDay": null,
        "useAprDay": null,
        "engrGrade": null,
        "engrRat": "0",
        "engrEpi": "0",
        "gnBldGrade": null,
        "gnBldCert": "0",
        "itgBldGrade": null,
        "itgBldCert": "0",
        "crtnDay": "20171118",
        "platPlc": "서울특별시 영등포구 여의도동 28번지",
        "sigunguCd": "11560",
        "bjdongCd": "11000",
        "platGbCd": "0",
        "bun": "0028",
        "ji": "0000",
        "regstrGbCd": "2",
        "regstrGbCdNm": "집합",
        "regstrKindCd": "1",
        "regstrKindCdNm": "총괄표제부",
        "bldNm": null,
        "newPlatPlc": "서울특별시 영등포구 여의나루로 7",
        "splotNm": null,
        "bylotCnt": "0",
        "naRoadCd": "115603118019",
        "naBjdongCd": "11001",
        "naUgrndCd": "0",
        "naMainBun": "7.0",
        "naSubBun": "0.0",
        "platArea": "0",
        "archArea": "6638.27",
        "bcRat": "0",
        "totArea": "87501.29",
        "vlRatEstmTotArea": "79068.92",
        "vlRat": "0",
        "newOldRegstrGbCd": "1",
        "newOldRegstrGbCdNm": "신대장"
    },
    {
        "mgmBldrgstPk": "11560-100211516",
        "mainPurpsCd": "14000",
        "mainPurpsCdNm": "업무시설",
        "etcPurps": "업무시설(사무소),문화및집회시설,근린생활시설",
        "hhldCnt": "0",
        "fmlyCnt": "0",
        "hoCnt": "0",
        "mainBldCnt": "3",
        "atchBldCnt": "0",
        "atchBldArea": "0",
        "totPkngCnt": "632",
        "indrMechUtcnt": "0",
        "indrMechArea": "0",
        "oudrMechUtcnt": "0",
        "oudrMechArea": "0",
        "indrAutoUtcnt": "632",
        "indrAutoArea": "37068.7",
        "pmsDay": "20100623",
        "stcnsDay": "20100826",
        "useAprDay": "20130923",
        "engrGrade": "1",
        "engrRat": "0",
        "engrEpi": "74",
        "gnBldGrade": "1",
        "gnBldCert": "86",
        "itgBldGrade": null,
        "itgBldCert": "0",
        "crtnDay": "20200822",
        "platPlc": "서울특별시 영등포구 여의도동 28-1번지",
        "sigunguCd": "11560",
        "bjdongCd": "11000",
        "platGbCd": "0",
        "bun": "0028",
        "ji": "0001",
        "regstrGbCd": "1",
        "regstrGbCdNm": "일반",
        "regstrKindCd": "1",
        "regstrKindCdNm": "총괄표제부",
        "bldNm": "전경련회관",
        "newPlatPlc": null,
        "splotNm": null,
        "bylotCnt": "0",
        "naRoadCd": null,
        "naBjdongCd": null,
        "naUgrndCd": "0",
        "naMainBun": "0.0",
        "naSubBun": "0.0",
        "platArea": "12146",
        "archArea": "6354.17",
        "bcRat": "52.31",
        "totArea": "168506.51",
        "vlRatEstmTotArea": "114174.03",
        "vlRat": "940.01",
        "newOldRegstrGbCd": "1",
        "newOldRegstrGbCdNm": "신대장"
    },
    {
        "mgmBldrgstPk": "11560-1397",
        "mainPurpsCd": "02000",
        "mainPurpsCdNm": "공동주택",
        "etcPurps": null,
        "hhldCnt": "312",
        "fmlyCnt": "0",
        "hoCnt": "0",
        "mainBldCnt": "2",
        "atchBldCnt": "0",
        "atchBldArea": "0",
        "totPkngCnt": "0",
        "indrMechUtcnt": "0",
        "indrMechArea": "0",
        "oudrMechUtcnt": "0",
        "oudrMechArea": "0",
        "indrAutoUtcnt": "0",
        "indrAutoArea": "0",
        "pmsDay": null,
        "stcnsDay": null,
        "useAprDay": null,
        "engrGrade": null,
        "engrRat": "0",
        "engrEpi": "0",
        "gnBldGrade": null,
        "gnBldCert": "0",
        "itgBldGrade": null,
        "itgBldCert": "0",
        "crtnDay": "20190606",
        "platPlc": "서울특별시 영등포구 여의도동 30번지",
        "sigunguCd": "11560",
        "bjdongCd": "11000",
        "platGbCd": "0",
        "bun": "0030",
        "ji": "0000",
        "regstrGbCd": "2",
        "regstrGbCdNm": "집합",
        "regstrKindCd": "1",
        "regstrKindCdNm": "총괄표제부",
        "bldNm": null,
        "newPlatPlc": "서울특별시 영등포구 여의나루로 126",
        "splotNm": null,
        "bylotCnt": "0",
        "naRoadCd": "115603118019",
        "naBjdongCd": "11001",
        "naUgrndCd": "0",
        "naMainBun": "126.0",
        "naSubBun": "0.0",
        "platArea": "0",
        "archArea": "11971.95",
        "bcRat": "0",
        "totArea": "26867.22",
        "vlRatEstmTotArea": "25236.09",
        "vlRat": "0",
        "newOldRegstrGbCd": "1",
        "newOldRegstrGbCdNm": "신대장"
    },
    {
        "mgmBldrgstPk": "11560-1908",
        "mainPurpsCd": "02000",
        "mainPurpsCdNm": "공동주택",
        "etcPurps": null,
        "hhldCnt": "450",
        "fmlyCnt": "0",
        "hoCnt": "0",
        "mainBldCnt": "7",
        "atchBldCnt": "0",
        "atchBldArea": "0",
        "totPkngCnt": "0",
        "indrMechUtcnt": "0",
        "indrMechArea": "0",
        "oudrMechUtcnt": "0",
        "oudrMechArea": "0",
        "indrAutoUtcnt": "0",
        "indrAutoArea": "0",
        "pmsDay": null,
        "stcnsDay": null,
        "useAprDay": null,
        "engrGrade": null,
        "engrRat": "0",
        "engrEpi": "0",
        "gnBldGrade": null,
        "gnBldCert": "0",
        "itgBldGrade": null,
        "itgBldCert": "0",
        "crtnDay": "20201208",
        "platPlc": "서울특별시 영등포구 여의도동 30-2번지",
        "sigunguCd": "11560",
        "bjdongCd": "11000",
        "platGbCd": "0",
        "bun": "0030",
        "ji": "0002",
        "regstrGbCd": "2",
        "regstrGbCdNm": "집합",
        "regstrKindCd": "1",
        "regstrKindCdNm": "총괄표제부",
        "bldNm": null,
        "newPlatPlc": "서울특별시 영등포구 국제금융로7길 27",
        "splotNm": null,
        "bylotCnt": "0",
        "naRoadCd": "115604154066",
        "naBjdongCd": "11001",
        "naUgrndCd": "0",
        "naMainBun": "27.0",
        "naSubBun": "0.0",
        "platArea": "0",
        "archArea": "4639.45",
        "bcRat": "0",
        "totArea": "73337.41",
        "vlRatEstmTotArea": "73887.31",
        "vlRat": "0",
        "newOldRegstrGbCd": "1",
        "newOldRegstrGbCdNm": "신대장"
    },
    {
        "mgmBldrgstPk": "11560-1393",
        "mainPurpsCd": "02000",
        "mainPurpsCdNm": "공동주택",
        "etcPurps": "아파트",
        "hhldCnt": "420",
        "fmlyCnt": "0",
        "hoCnt": "0",
        "mainBldCnt": "4",
        "atchBldCnt": "1",
        "atchBldArea": "1399.12",
        "totPkngCnt": "0",
        "indrMechUtcnt": "0",
        "indrMechArea": "0",
        "oudrMechUtcnt": "0",
        "oudrMechArea": "0",
        "indrAutoUtcnt": "0",
        "indrAutoArea": "0",
        "pmsDay": null,
        "stcnsDay": null,
        "useAprDay": null,
        "engrGrade": null,
        "engrRat": "0",
        "engrEpi": "0",
        "gnBldGrade": null,
        "gnBldCert": "0",
        "itgBldGrade": null,
        "itgBldCert": "0",
        "crtnDay": "20210623",
        "platPlc": "서울특별시 영등포구 여의도동 30-3번지",
        "sigunguCd": "11560",
        "bjdongCd": "11000",
        "platGbCd": "0",
        "bun": "0030",
        "ji": "0003",
        "regstrGbCd": "2",
        "regstrGbCdNm": "집합",
        "regstrKindCd": "1",
        "regstrKindCdNm": "총괄표제부",
        "bldNm": null,
        "newPlatPlc": "서울특별시 영등포구 국제금융로7길 15",
        "splotNm": null,
        "bylotCnt": "0",
        "naRoadCd": "115604154066",
        "naBjdongCd": "11001",
        "naUgrndCd": "0",
        "naMainBun": "15.0",
        "naSubBun": "0.0",
        "platArea": "0",
        "archArea": "1778.06",
        "bcRat": "0",
        "totArea": "53750.24",
        "vlRatEstmTotArea": "49098.03",
        "vlRat": "0",
        "newOldRegstrGbCd": "0",
        "newOldRegstrGbCdNm": "구대장"
    },
    {
        "mgmBldrgstPk": "11560-1727",
        "mainPurpsCd": "02000",
        "mainPurpsCdNm": "공동주택",
        "etcPurps": null,
        "hhldCnt": "329",
        "fmlyCnt": "0",
        "hoCnt": "0",
        "mainBldCnt": "3",
        "atchBldCnt": "0",
        "atchBldArea": "0",
        "totPkngCnt": "0",
        "indrMechUtcnt": "0",
        "indrMechArea": "0",
        "oudrMechUtcnt": "0",
        "oudrMechArea": "0",
        "indrAutoUtcnt": "0",
        "indrAutoArea": "0",
        "pmsDay": null,
        "stcnsDay": null,
        "useAprDay": null,
        "engrGrade": null,
        "engrRat": "0",
        "engrEpi": "0",
        "gnBldGrade": null,
        "gnBldCert": "0",
        "itgBldGrade": null,
        "itgBldCert": "0",
        "crtnDay": "20210809",
        "platPlc": "서울특별시 영등포구 여의도동 32번지",
        "sigunguCd": "11560",
        "bjdongCd": "11000",
        "platGbCd": "0",
        "bun": "0032",
        "ji": "0000",
        "regstrGbCd": "2",
        "regstrGbCdNm": "집합",
        "regstrKindCd": "1",
        "regstrKindCdNm": "총괄표제부",
        "bldNm": null,
        "newPlatPlc": "서울특별시 영등포구 국제금융로7길 1",
        "splotNm": null,
        "bylotCnt": "0",
        "naRoadCd": "115604154066",
        "naBjdongCd": "11001",
        "naUgrndCd": "0",
        "naMainBun": "1.0",
        "naSubBun": "0.0",
        "platArea": "0",
        "archArea": "2857.71",
        "bcRat": "0",
        "totArea": "48177.91",
        "vlRatEstmTotArea": "43064.93",
        "vlRat": "0",
        "newOldRegstrGbCd": "1",
        "newOldRegstrGbCdNm": "신대장"
    },
    {
        "mgmBldrgstPk": "11560-1169",
        "mainPurpsCd": "02000",
        "mainPurpsCdNm": "공동주택",
        "etcPurps": null,
        "hhldCnt": "216",
        "fmlyCnt": "0",
        "hoCnt": "0",
        "mainBldCnt": "3",
        "atchBldCnt": "2",
        "atchBldArea": "730.91",
        "totPkngCnt": "0",
        "indrMechUtcnt": "0",
        "indrMechArea": "0",
        "oudrMechUtcnt": "0",
        "oudrMechArea": "0",
        "indrAutoUtcnt": "0",
        "indrAutoArea": "0",
        "pmsDay": null,
        "stcnsDay": null,
        "useAprDay": "19800910",
        "engrGrade": null,
        "engrRat": "0",
        "engrEpi": "0",
        "gnBldGrade": null,
        "gnBldCert": "0",
        "itgBldGrade": null,
        "itgBldCert": "0",
        "crtnDay": "20171205",
        "platPlc": "서울특별시 영등포구 여의도동 37번지",
        "sigunguCd": "11560",
        "bjdongCd": "11000",
        "platGbCd": "0",
        "bun": "0037",
        "ji": "0000",
        "regstrGbCd": "2",
        "regstrGbCdNm": "집합",
        "regstrKindCd": "1",
        "regstrKindCdNm": "총괄표제부",
        "bldNm": null,
        "newPlatPlc": "서울특별시 영등포구 의사당대로 110",
        "splotNm": null,
        "bylotCnt": "0",
        "naRoadCd": "115602118002",
        "naBjdongCd": "11001",
        "naUgrndCd": "0",
        "naMainBun": "110.0",
        "naSubBun": "0.0",
        "platArea": "0",
        "archArea": "3624.49",
        "bcRat": "0",
        "totArea": "12708.82",
        "vlRatEstmTotArea": "33776.06",
        "vlRat": "0",
        "newOldRegstrGbCd": "1",
        "newOldRegstrGbCdNm": "신대장"
    },
    {
        "mgmBldrgstPk": "11560-1398",
        "mainPurpsCd": "02000",
        "mainPurpsCdNm": "공동주택",
        "etcPurps": null,
        "hhldCnt": "192",
        "fmlyCnt": "0",
        "hoCnt": "0",
        "mainBldCnt": "2",
        "atchBldCnt": "0",
        "atchBldArea": "0",
        "totPkngCnt": "0",
        "indrMechUtcnt": "0",
        "indrMechArea": "0",
        "oudrMechUtcnt": "0",
        "oudrMechArea": "0",
        "indrAutoUtcnt": "0",
        "indrAutoArea": "0",
        "pmsDay": null,
        "stcnsDay": null,
        "useAprDay": null,
        "engrGrade": null,
        "engrRat": "0",
        "engrEpi": "0",
        "gnBldGrade": null,
        "gnBldCert": "0",
        "itgBldGrade": null,
        "itgBldCert": "0",
        "crtnDay": "20171205",
        "platPlc": "서울특별시 영등포구 여의도동 37-2번지",
        "sigunguCd": "11560",
        "bjdongCd": "11000",
        "platGbCd": "0",
        "bun": "0037",
        "ji": "0002",
        "regstrGbCd": "2",
        "regstrGbCdNm": "집합",
        "regstrKindCd": "1",
        "regstrKindCdNm": "총괄표제부",
        "bldNm": null,
        "newPlatPlc": "서울특별시 영등포구 의사당대로 110",
        "splotNm": null,
        "bylotCnt": "0",
        "naRoadCd": "115602118002",
        "naBjdongCd": "11001",
        "naUgrndCd": "0",
        "naMainBun": "110.0",
        "naSubBun": "0.0",
        "platArea": "0",
        "archArea": "2086.95",
        "bcRat": "0",
        "totArea": "26567.05",
        "vlRatEstmTotArea": "24254.26",
        "vlRat": "0",
        "newOldRegstrGbCd": "1",
        "newOldRegstrGbCdNm": "신대장"
    },
    {
        "mgmBldrgstPk": "11560-1909",
        "mainPurpsCd": "02000",
        "mainPurpsCdNm": "공동주택",
        "etcPurps": null,
        "hhldCnt": "168",
        "fmlyCnt": "0",
        "hoCnt": "0",
        "mainBldCnt": "2",
        "atchBldCnt": "0",
        "atchBldArea": "0",
        "totPkngCnt": "0",
        "indrMechUtcnt": "0",
        "indrMechArea": "0",
        "oudrMechUtcnt": "0",
        "oudrMechArea": "0",
        "indrAutoUtcnt": "0",
        "indrAutoArea": "0",
        "pmsDay": null,
        "stcnsDay": null,
        "useAprDay": null,
        "engrGrade": null,
        "engrRat": "0",
        "engrEpi": "0",
        "gnBldGrade": null,
        "gnBldCert": "0",
        "itgBldGrade": null,
        "itgBldCert": "0",
        "crtnDay": "20111021",
        "platPlc": "서울특별시 영등포구 여의도동 38-1번지",
        "sigunguCd": "11560",
        "bjdongCd": "11000",
        "platGbCd": "0",
        "bun": "0038",
        "ji": "0001",
        "regstrGbCd": "2",
        "regstrGbCdNm": "집합",
        "regstrKindCd": "1",
        "regstrKindCdNm": "총괄표제부",
        "bldNm": null,
        "newPlatPlc": "서울특별시 영등포구 여의나루로 12",
        "splotNm": null,
        "bylotCnt": "0",
        "naRoadCd": "115603118019",
        "naBjdongCd": "11001",
        "naUgrndCd": "0",
        "naMainBun": "12.0",
        "naSubBun": "0.0",
        "platArea": "0",
        "archArea": "1633.06",
        "bcRat": "0",
        "totArea": "24134.55",
        "vlRatEstmTotArea": "22433.06",
        "vlRat": "0",
        "newOldRegstrGbCd": "1",
        "newOldRegstrGbCdNm": "신대장"
    },
    {
        "mgmBldrgstPk": "11560-1399",
        "mainPurpsCd": "02000",
        "mainPurpsCdNm": "공동주택",
        "etcPurps": null,
        "hhldCnt": "196",
        "fmlyCnt": "0",
        "hoCnt": "0",
        "mainBldCnt": "3",
        "atchBldCnt": "1",
        "atchBldArea": "359.01",
        "totPkngCnt": "0",
        "indrMechUtcnt": "0",
        "indrMechArea": "0",
        "oudrMechUtcnt": "0",
        "oudrMechArea": "0",
        "indrAutoUtcnt": "0",
        "indrAutoArea": "0",
        "pmsDay": null,
        "stcnsDay": null,
        "useAprDay": null,
        "engrGrade": null,
        "engrRat": "0",
        "engrEpi": "0",
        "gnBldGrade": null,
        "gnBldCert": "0",
        "itgBldGrade": null,
        "itgBldCert": "0",
        "crtnDay": "20210415",
        "platPlc": "서울특별시 영등포구 여의도동 40번지",
        "sigunguCd": "11560",
        "bjdongCd": "11000",
        "platGbCd": "0",
        "bun": "0040",
        "ji": "0000",
        "regstrGbCd": "2",
        "regstrGbCdNm": "집합",
        "regstrKindCd": "1",
        "regstrKindCdNm": "총괄표제부",
        "bldNm": "장미아파트",
        "newPlatPlc": "서울특별시 영등포구 국제금융로7길 32",
        "splotNm": null,
        "bylotCnt": "0",
        "naRoadCd": "115604154066",
        "naBjdongCd": "11001",
        "naUgrndCd": "0",
        "naMainBun": "32.0",
        "naSubBun": "0.0",
        "platArea": "0",
        "archArea": "2278.02",
        "bcRat": "0",
        "totArea": "32278.44",
        "vlRatEstmTotArea": "29818.92",
        "vlRat": "0",
        "newOldRegstrGbCd": "1",
        "newOldRegstrGbCdNm": "신대장"
    },
    {
        "mgmBldrgstPk": "11560-1160",
        "mainPurpsCd": "10000",
        "mainPurpsCdNm": "교육연구시설",
        "etcPurps": "교육연구시설",
        "hhldCnt": "0",
        "fmlyCnt": "0",
        "hoCnt": "0",
        "mainBldCnt": "2",
        "atchBldCnt": "0",
        "atchBldArea": "0",
        "totPkngCnt": "0",
        "indrMechUtcnt": "0",
        "indrMechArea": "0",
        "oudrMechUtcnt": "0",
        "oudrMechArea": "0",
        "indrAutoUtcnt": "0",
        "indrAutoArea": "0",
        "pmsDay": null,
        "stcnsDay": null,
        "useAprDay": "19980407",
        "engrGrade": null,
        "engrRat": "0",
        "engrEpi": "0",
        "gnBldGrade": null,
        "gnBldCert": "0",
        "itgBldGrade": null,
        "itgBldCert": "0",
        "crtnDay": "20111021",
        "platPlc": "서울특별시 영등포구 여의도동 40-1번지",
        "sigunguCd": "11560",
        "bjdongCd": "11000",
        "platGbCd": "0",
        "bun": "0040",
        "ji": "0001",
        "regstrGbCd": "1",
        "regstrGbCdNm": "일반",
        "regstrKindCd": "1",
        "regstrKindCdNm": "총괄표제부",
        "bldNm": "여의도중학교",
        "newPlatPlc": "서울특별시 영등포구 국제금융로7길 46",
        "splotNm": null,
        "bylotCnt": "0",
        "naRoadCd": "115604154066",
        "naBjdongCd": "11001",
        "naUgrndCd": "0",
        "naMainBun": "46.0",
        "naSubBun": "0.0",
        "platArea": "0",
        "archArea": "4344.03",
        "bcRat": "0",
        "totArea": "16115.24",
        "vlRatEstmTotArea": "14610.51",
        "vlRat": "0",
        "newOldRegstrGbCd": "1",
        "newOldRegstrGbCdNm": "신대장"
    },
    {
        "mgmBldrgstPk": "11560-505",
        "mainPurpsCd": "10000",
        "mainPurpsCdNm": "교육연구시설",
        "etcPurps": "교육연구시설",
        "hhldCnt": "0",
        "fmlyCnt": "0",
        "hoCnt": "0",
        "mainBldCnt": "3",
        "atchBldCnt": "3",
        "atchBldArea": "1787.85",
        "totPkngCnt": "13",
        "indrMechUtcnt": "0",
        "indrMechArea": "0",
        "oudrMechUtcnt": "0",
        "oudrMechArea": "0",
        "indrAutoUtcnt": "0",
        "indrAutoArea": "0",
        "pmsDay": null,
        "stcnsDay": null,
        "useAprDay": "19840501",
        "engrGrade": null,
        "engrRat": "0",
        "engrEpi": "0",
        "gnBldGrade": null,
        "gnBldCert": "0",
        "itgBldGrade": null,
        "itgBldCert": "0",
        "crtnDay": "20160113",
        "platPlc": "서울특별시 영등포구 여의도동 40-2번지",
        "sigunguCd": "11560",
        "bjdongCd": "11000",
        "platGbCd": "0",
        "bun": "0040",
        "ji": "0002",
        "regstrGbCd": "1",
        "regstrGbCdNm": "일반",
        "regstrKindCd": "1",
        "regstrKindCdNm": "총괄표제부",
        "bldNm": "여의도여자고등학교",
        "newPlatPlc": "서울특별시 영등포구 국제금융로7가길 13",
        "splotNm": null,
        "bylotCnt": "0",
        "naRoadCd": "115604154690",
        "naBjdongCd": "11001",
        "naUgrndCd": "0",
        "naMainBun": "13.0",
        "naSubBun": "0.0",
        "platArea": "10413",
        "archArea": "2598.81",
        "bcRat": "24.96",
        "totArea": "8961.26",
        "vlRatEstmTotArea": "8710.55",
        "vlRat": "83.65",
        "newOldRegstrGbCd": "1",
        "newOldRegstrGbCdNm": "신대장"
    },
    {
        "mgmBldrgstPk": "11560-100191075",
        "mainPurpsCd": "10000",
        "mainPurpsCdNm": "교육연구시설",
        "etcPurps": "교육연구시설",
        "hhldCnt": "0",
        "fmlyCnt": "0",
        "hoCnt": "0",
        "mainBldCnt": "2",
        "atchBldCnt": "1",
        "atchBldArea": "39.2",
        "totPkngCnt": "0",
        "indrMechUtcnt": "0",
        "indrMechArea": "0",
        "oudrMechUtcnt": "0",
        "oudrMechArea": "0",
        "indrAutoUtcnt": "0",
        "indrAutoArea": "0",
        "pmsDay": null,
        "stcnsDay": null,
        "useAprDay": "19800121",
        "engrGrade": null,
        "engrRat": "0",
        "engrEpi": "0",
        "gnBldGrade": null,
        "gnBldCert": "0",
        "itgBldGrade": null,
        "itgBldCert": "0",
        "crtnDay": "20200605",
        "platPlc": "서울특별시 영등포구 여의도동 40-3번지",
        "sigunguCd": "11560",
        "bjdongCd": "11000",
        "platGbCd": "0",
        "bun": "0040",
        "ji": "0003",
        "regstrGbCd": "1",
        "regstrGbCdNm": "일반",
        "regstrKindCd": "1",
        "regstrKindCdNm": "총괄표제부",
        "bldNm": "서울여의도초등학교",
        "newPlatPlc": "서울특별시 영등포구 여의대방로 439",
        "splotNm": null,
        "bylotCnt": "0",
        "naRoadCd": "115603118028",
        "naBjdongCd": "11001",
        "naUgrndCd": "0",
        "naMainBun": "439.0",
        "naSubBun": "0.0",
        "platArea": "11570",
        "archArea": "1890.35",
        "bcRat": "16.34",
        "totArea": "8275.95",
        "vlRatEstmTotArea": "8142.07",
        "vlRat": "70.37",
        "newOldRegstrGbCd": "1",
        "newOldRegstrGbCdNm": "신대장"
    },
    {
        "mgmBldrgstPk": "11560-1910",
        "mainPurpsCd": "02000",
        "mainPurpsCdNm": "공동주택",
        "etcPurps": null,
        "hhldCnt": "160",
        "fmlyCnt": "0",
        "hoCnt": "0",
        "mainBldCnt": "3",
        "atchBldCnt": "1",
        "atchBldArea": "590.09",
        "totPkngCnt": "0",
        "indrMechUtcnt": "0",
        "indrMechArea": "0",
        "oudrMechUtcnt": "0",
        "oudrMechArea": "0",
        "indrAutoUtcnt": "0",
        "indrAutoArea": "0",
        "pmsDay": null,
        "stcnsDay": null,
        "useAprDay": null,
        "engrGrade": null,
        "engrRat": "0",
        "engrEpi": "0",
        "gnBldGrade": null,
        "gnBldCert": "0",
        "itgBldGrade": null,
        "itgBldCert": "0",
        "crtnDay": "20171118",
        "platPlc": "서울특별시 영등포구 여의도동 40-4번지",
        "sigunguCd": "11560",
        "bjdongCd": "11000",
        "platGbCd": "0",
        "bun": "0040",
        "ji": "0004",
        "regstrGbCd": "2",
        "regstrGbCdNm": "집합",
        "regstrKindCd": "1",
        "regstrKindCdNm": "총괄표제부",
        "bldNm": null,
        "newPlatPlc": "서울특별시 영등포구 국제금융로7가길 21",
        "splotNm": null,
        "bylotCnt": "0",
        "naRoadCd": "115604154690",
        "naBjdongCd": "11001",
        "naUgrndCd": "0",
        "naMainBun": "21.0",
        "naSubBun": "0.0",
        "platArea": "0",
        "archArea": "1835.05",
        "bcRat": "0",
        "totArea": "20784.25",
        "vlRatEstmTotArea": "18223.23",
        "vlRat": "0",
        "newOldRegstrGbCd": "1",
        "newOldRegstrGbCdNm": "신대장"
    },
    {
        "mgmBldrgstPk": "11560-716",
        "mainPurpsCd": "02000",
        "mainPurpsCdNm": "공동주택",
        "etcPurps": null,
        "hhldCnt": "576",
        "fmlyCnt": "0",
        "hoCnt": "0",
        "mainBldCnt": "4",
        "atchBldCnt": "1",
        "atchBldArea": "1287.97",
        "totPkngCnt": "0",
        "indrMechUtcnt": "0",
        "indrMechArea": "0",
        "oudrMechUtcnt": "0",
        "oudrMechArea": "0",
        "indrAutoUtcnt": "0",
        "indrAutoArea": "0",
        "pmsDay": null,
        "stcnsDay": null,
        "useAprDay": null,
        "engrGrade": null,
        "engrRat": "0",
        "engrEpi": "0",
        "gnBldGrade": null,
        "gnBldCert": "0",
        "itgBldGrade": null,
        "itgBldCert": "0",
        "crtnDay": "20180118",
        "platPlc": "서울특별시 영등포구 여의도동 41번지",
        "sigunguCd": "11560",
        "bjdongCd": "11000",
        "platGbCd": "0",
        "bun": "0041",
        "ji": "0000",
        "regstrGbCd": "2",
        "regstrGbCdNm": "집합",
        "regstrKindCd": "1",
        "regstrKindCdNm": "총괄표제부",
        "bldNm": null,
        "newPlatPlc": "서울특별시 영등포구 국제금융로7길 20",
        "splotNm": null,
        "bylotCnt": "0",
        "naRoadCd": "115604154066",
        "naBjdongCd": "11001",
        "naUgrndCd": "0",
        "naMainBun": "20.0",
        "naSubBun": "0.0",
        "platArea": "0",
        "archArea": "5416.48",
        "bcRat": "0",
        "totArea": "71819.52",
        "vlRatEstmTotArea": "64997.78",
        "vlRat": "0",
        "newOldRegstrGbCd": "1",
        "newOldRegstrGbCdNm": "신대장"
    },
    {
        "mgmBldrgstPk": "11560-850",
        "mainPurpsCd": "02000",
        "mainPurpsCdNm": "공동주택",
        "etcPurps": null,
        "hhldCnt": "588",
        "fmlyCnt": "0",
        "hoCnt": "0",
        "mainBldCnt": "8",
        "atchBldCnt": "1",
        "atchBldArea": "1393.43",
        "totPkngCnt": "0",
        "indrMechUtcnt": "0",
        "indrMechArea": "0",
        "oudrMechUtcnt": "0",
        "oudrMechArea": "0",
        "indrAutoUtcnt": "0",
        "indrAutoArea": "0",
        "pmsDay": null,
        "stcnsDay": null,
        "useAprDay": null,
        "engrGrade": null,
        "engrRat": "0",
        "engrEpi": "0",
        "gnBldGrade": null,
        "gnBldCert": "0",
        "itgBldGrade": null,
        "itgBldCert": "0",
        "crtnDay": "20180811",
        "platPlc": "서울특별시 영등포구 여의도동 42번지",
        "sigunguCd": "11560",
        "bjdongCd": "11000",
        "platGbCd": "0",
        "bun": "0042",
        "ji": "0000",
        "regstrGbCd": "2",
        "regstrGbCdNm": "집합",
        "regstrKindCd": "1",
        "regstrKindCdNm": "총괄표제부",
        "bldNm": null,
        "newPlatPlc": "서울특별시 영등포구 국제금융로 79",
        "splotNm": null,
        "bylotCnt": "0",
        "naRoadCd": "115603118002",
        "naBjdongCd": "11001",
        "naUgrndCd": "0",
        "naMainBun": "79.0",
        "naSubBun": "0.0",
        "platArea": "0",
        "archArea": "7046.19",
        "bcRat": "0",
        "totArea": "99991.72",
        "vlRatEstmTotArea": "85559.29",
        "vlRat": "0",
        "newOldRegstrGbCd": "1",
        "newOldRegstrGbCdNm": "신대장"
    },
    {
        "mgmBldrgstPk": "11560-1389",
        "mainPurpsCd": "24000",
        "mainPurpsCdNm": "방송통신시설",
        "etcPurps": "방송국, 공개홀, 창고",
        "hhldCnt": "0",
        "fmlyCnt": "0",
        "hoCnt": "0",
        "mainBldCnt": "2",
        "atchBldCnt": "0",
        "atchBldArea": "0",
        "totPkngCnt": "272",
        "indrMechUtcnt": "0",
        "indrMechArea": "0",
        "oudrMechUtcnt": "0",
        "oudrMechArea": "0",
        "indrAutoUtcnt": "0",
        "indrAutoArea": "0",
        "pmsDay": null,
        "stcnsDay": null,
        "useAprDay": null,
        "engrGrade": null,
        "engrRat": "0",
        "engrEpi": "0",
        "gnBldGrade": null,
        "gnBldCert": "0",
        "itgBldGrade": null,
        "itgBldCert": "0",
        "crtnDay": "20121205",
        "platPlc": "서울특별시 영등포구 여의도동 46번지",
        "sigunguCd": "11560",
        "bjdongCd": "11000",
        "platGbCd": "0",
        "bun": "0046",
        "ji": "0000",
        "regstrGbCd": "1",
        "regstrGbCdNm": "일반",
        "regstrKindCd": "1",
        "regstrKindCdNm": "총괄표제부",
        "bldNm": null,
        "newPlatPlc": "서울특별시 영등포구 여의대방로 359",
        "splotNm": null,
        "bylotCnt": "0",
        "naRoadCd": "115603118028",
        "naBjdongCd": "11001",
        "naUgrndCd": "0",
        "naMainBun": "359.0",
        "naSubBun": "0.0",
        "platArea": "27335",
        "archArea": "11408.88",
        "bcRat": "41.7372",
        "totArea": "32289.11",
        "vlRatEstmTotArea": "24837.47",
        "vlRat": "90.8632",
        "newOldRegstrGbCd": "0",
        "newOldRegstrGbCdNm": "구대장"
    },
    {
        "mgmBldrgstPk": "11560-1394",
        "mainPurpsCd": "02000",
        "mainPurpsCdNm": "공동주택",
        "etcPurps": "아파트및 상가",
        "hhldCnt": "1812",
        "fmlyCnt": "0",
        "hoCnt": "0",
        "mainBldCnt": "25",
        "atchBldCnt": "0",
        "atchBldArea": "0",
        "totPkngCnt": "0",
        "indrMechUtcnt": "0",
        "indrMechArea": "0",
        "oudrMechUtcnt": "0",
        "oudrMechArea": "0",
        "indrAutoUtcnt": "0",
        "indrAutoArea": "0",
        "pmsDay": null,
        "stcnsDay": null,
        "useAprDay": null,
        "engrGrade": null,
        "engrRat": "0",
        "engrEpi": "0",
        "gnBldGrade": null,
        "gnBldCert": "0",
        "itgBldGrade": null,
        "itgBldCert": "0",
        "crtnDay": "20210810",
        "platPlc": "서울특별시 영등포구 여의도동 50번지",
        "sigunguCd": "11560",
        "bjdongCd": "11000",
        "platGbCd": "0",
        "bun": "0050",
        "ji": "0000",
        "regstrGbCd": "2",
        "regstrGbCdNm": "집합",
        "regstrKindCd": "1",
        "regstrKindCdNm": "총괄표제부",
        "bldNm": null,
        "newPlatPlc": "서울특별시 영등포구 63로 45",
        "splotNm": null,
        "bylotCnt": "0",
        "naRoadCd": "115603118001",
        "naBjdongCd": "11001",
        "naUgrndCd": "0",
        "naMainBun": "45.0",
        "naSubBun": "0.0",
        "platArea": "0",
        "archArea": "59370.89",
        "bcRat": "0",
        "totArea": "170198.64",
        "vlRatEstmTotArea": "175275.66",
        "vlRat": "0",
        "newOldRegstrGbCd": "0",
        "newOldRegstrGbCdNm": "구대장"
    },
    {
        "mgmBldrgstPk": "11560-851",
        "mainPurpsCd": "02000",
        "mainPurpsCdNm": "공동주택",
        "etcPurps": null,
        "hhldCnt": "360",
        "fmlyCnt": "0",
        "hoCnt": "0",
        "mainBldCnt": "4",
        "atchBldCnt": "0",
        "atchBldArea": "0",
        "totPkngCnt": "0",
        "indrMechUtcnt": "0",
        "indrMechArea": "0",
        "oudrMechUtcnt": "0",
        "oudrMechArea": "0",
        "indrAutoUtcnt": "0",
        "indrAutoArea": "0",
        "pmsDay": null,
        "stcnsDay": null,
        "useAprDay": null,
        "engrGrade": null,
        "engrRat": "0",
        "engrEpi": "0",
        "gnBldGrade": null,
        "gnBldCert": "0",
        "itgBldGrade": null,
        "itgBldCert": "0",
        "crtnDay": "20171118",
        "platPlc": "서울특별시 영등포구 여의도동 51번지",
        "sigunguCd": "11560",
        "bjdongCd": "11000",
        "platGbCd": "0",
        "bun": "0051",
        "ji": "0000",
        "regstrGbCd": "2",
        "regstrGbCdNm": "집합",
        "regstrKindCd": "1",
        "regstrKindCdNm": "총괄표제부",
        "bldNm": null,
        "newPlatPlc": "서울특별시 영등포구 국제금융로 109",
        "splotNm": null,
        "bylotCnt": "0",
        "naRoadCd": "115603118002",
        "naBjdongCd": "11001",
        "naUgrndCd": "0",
        "naMainBun": "109.0",
        "naSubBun": "0.0",
        "platArea": "0",
        "archArea": "3693.98",
        "bcRat": "0",
        "totArea": "46925.07",
        "vlRatEstmTotArea": "44835.73",
        "vlRat": "0",
        "newOldRegstrGbCd": "1",
        "newOldRegstrGbCdNm": "신대장"
    },
    {
        "mgmBldrgstPk": "11560-852",
        "mainPurpsCd": "02000",
        "mainPurpsCdNm": "공동주택",
        "etcPurps": null,
        "hhldCnt": "360",
        "fmlyCnt": "0",
        "hoCnt": "0",
        "mainBldCnt": "4",
        "atchBldCnt": "0",
        "atchBldArea": "0",
        "totPkngCnt": "0",
        "indrMechUtcnt": "0",
        "indrMechArea": "0",
        "oudrMechUtcnt": "0",
        "oudrMechArea": "0",
        "indrAutoUtcnt": "0",
        "indrAutoArea": "0",
        "pmsDay": null,
        "stcnsDay": null,
        "useAprDay": null,
        "engrGrade": null,
        "engrRat": "0",
        "engrEpi": "0",
        "gnBldGrade": null,
        "gnBldCert": "0",
        "itgBldGrade": null,
        "itgBldCert": "0",
        "crtnDay": "20171118",
        "platPlc": "서울특별시 영등포구 여의도동 52번지",
        "sigunguCd": "11560",
        "bjdongCd": "11000",
        "platGbCd": "0",
        "bun": "0052",
        "ji": "0000",
        "regstrGbCd": "2",
        "regstrGbCdNm": "집합",
        "regstrKindCd": "1",
        "regstrKindCdNm": "총괄표제부",
        "bldNm": null,
        "newPlatPlc": "서울특별시 영등포구 63로 7",
        "splotNm": null,
        "bylotCnt": "0",
        "naRoadCd": "115603118001",
        "naBjdongCd": "11001",
        "naUgrndCd": "0",
        "naMainBun": "7.0",
        "naSubBun": "0.0",
        "platArea": "0",
        "archArea": "3646.14",
        "bcRat": "0",
        "totArea": "46947.25",
        "vlRatEstmTotArea": "44629.29",
        "vlRat": "0",
        "newOldRegstrGbCd": "1",
        "newOldRegstrGbCdNm": "신대장"
    },
    {
        "mgmBldrgstPk": "11560-100228278",
        "mainPurpsCd": "06000",
        "mainPurpsCdNm": "종교시설",
        "etcPurps": "종교시설",
        "hhldCnt": "0",
        "fmlyCnt": "0",
        "hoCnt": "0",
        "mainBldCnt": "2",
        "atchBldCnt": "0",
        "atchBldArea": "0",
        "totPkngCnt": "75",
        "indrMechUtcnt": "0",
        "indrMechArea": "0",
        "oudrMechUtcnt": "0",
        "oudrMechArea": "0",
        "indrAutoUtcnt": "75",
        "indrAutoArea": "3098.42",
        "pmsDay": null,
        "stcnsDay": null,
        "useAprDay": null,
        "engrGrade": null,
        "engrRat": "0",
        "engrEpi": "0",
        "gnBldGrade": null,
        "gnBldCert": "0",
        "itgBldGrade": null,
        "itgBldCert": "0",
        "crtnDay": "20160517",
        "platPlc": "서울특별시 영등포구 여의도동 53-19번지",
        "sigunguCd": "11560",
        "bjdongCd": "11000",
        "platGbCd": "0",
        "bun": "0053",
        "ji": "0019",
        "regstrGbCd": "1",
        "regstrGbCdNm": "일반",
        "regstrKindCd": "1",
        "regstrKindCdNm": "총괄표제부",
        "bldNm": "여의도침례교회",
        "newPlatPlc": null,
        "splotNm": null,
        "bylotCnt": "0",
        "naRoadCd": null,
        "naBjdongCd": null,
        "naUgrndCd": "0",
        "naMainBun": "0.0",
        "naSubBun": "0.0",
        "platArea": "3451",
        "archArea": "1986.52",
        "bcRat": "57.56",
        "totArea": "16078.8",
        "vlRatEstmTotArea": "10934.25",
        "vlRat": "316.84",
        "newOldRegstrGbCd": "1",
        "newOldRegstrGbCdNm": "신대장"
    },
    {
        "mgmBldrgstPk": "11560-100191416",
        "mainPurpsCd": "10000",
        "mainPurpsCdNm": "교육연구시설",
        "etcPurps": "대사관,대사관저,기숙사",
        "hhldCnt": "0",
        "fmlyCnt": "0",
        "hoCnt": "0",
        "mainBldCnt": "3",
        "atchBldCnt": "0",
        "atchBldArea": "0",
        "totPkngCnt": "0",
        "indrMechUtcnt": "0",
        "indrMechArea": "0",
        "oudrMechUtcnt": "0",
        "oudrMechArea": "0",
        "indrAutoUtcnt": "15",
        "indrAutoArea": "0",
        "pmsDay": "19770809",
        "stcnsDay": null,
        "useAprDay": "19791204",
        "engrGrade": null,
        "engrRat": "0",
        "engrEpi": "0",
        "gnBldGrade": null,
        "gnBldCert": "0",
        "itgBldGrade": null,
        "itgBldCert": "0",
        "crtnDay": "20091027",
        "platPlc": "서울특별시 영등포구 여의도동 55번지",
        "sigunguCd": "11560",
        "bjdongCd": "11000",
        "platGbCd": "0",
        "bun": "0055",
        "ji": "0000",
        "regstrGbCd": "1",
        "regstrGbCdNm": "일반",
        "regstrKindCd": "1",
        "regstrKindCdNm": "총괄표제부",
        "bldNm": "인도네시아대사관",
        "newPlatPlc": "서울특별시 영등포구 여의대방로 380",
        "splotNm": null,
        "bylotCnt": "0",
        "naRoadCd": "115603118028",
        "naBjdongCd": "11001",
        "naUgrndCd": "0",
        "naMainBun": "380.0",
        "naSubBun": "0.0",
        "platArea": "7934",
        "archArea": "0",
        "bcRat": "0",
        "totArea": "7855.45",
        "vlRatEstmTotArea": "0",
        "vlRat": "0",
        "newOldRegstrGbCd": "1",
        "newOldRegstrGbCdNm": "신대장"
    },
    {
        "mgmBldrgstPk": "11560-100191775",
        "mainPurpsCd": null,
        "mainPurpsCdNm": null,
        "etcPurps": "전시관,관리사무소,화장실",
        "hhldCnt": "0",
        "fmlyCnt": "0",
        "hoCnt": "0",
        "mainBldCnt": "0",
        "atchBldCnt": "0",
        "atchBldArea": "0",
        "totPkngCnt": "0",
        "indrMechUtcnt": "0",
        "indrMechArea": "0",
        "oudrMechUtcnt": "0",
        "oudrMechArea": "0",
        "indrAutoUtcnt": "0",
        "indrAutoArea": "0",
        "pmsDay": null,
        "stcnsDay": null,
        "useAprDay": null,
        "engrGrade": null,
        "engrRat": "0",
        "engrEpi": "0",
        "gnBldGrade": null,
        "gnBldCert": "0",
        "itgBldGrade": null,
        "itgBldCert": "0",
        "crtnDay": "20120821",
        "platPlc": "서울특별시 영등포구 여의도동 56번지",
        "sigunguCd": "11560",
        "bjdongCd": "11000",
        "platGbCd": "0",
        "bun": "0056",
        "ji": "0000",
        "regstrGbCd": "1",
        "regstrGbCdNm": "일반",
        "regstrKindCd": "1",
        "regstrKindCdNm": "총괄표제부",
        "bldNm": null,
        "newPlatPlc": null,
        "splotNm": null,
        "bylotCnt": "0",
        "naRoadCd": null,
        "naBjdongCd": null,
        "naUgrndCd": "0",
        "naMainBun": "0.0",
        "naSubBun": "0.0",
        "platArea": "17617",
        "archArea": "0",
        "bcRat": "0",
        "totArea": "221.55",
        "vlRatEstmTotArea": "0",
        "vlRat": "0",
        "newOldRegstrGbCd": "1",
        "newOldRegstrGbCdNm": "신대장"
    },
    {
        "mgmBldrgstPk": "11560-1390",
        "mainPurpsCd": "09000",
        "mainPurpsCdNm": "의료시설",
        "etcPurps": "의료시설",
        "hhldCnt": "0",
        "fmlyCnt": "0",
        "hoCnt": "0",
        "mainBldCnt": "5",
        "atchBldCnt": "0",
        "atchBldArea": "0",
        "totPkngCnt": "399",
        "indrMechUtcnt": "0",
        "indrMechArea": "0",
        "oudrMechUtcnt": "156",
        "oudrMechArea": "0",
        "indrAutoUtcnt": "68",
        "indrAutoArea": "0",
        "pmsDay": null,
        "stcnsDay": null,
        "useAprDay": "19740406",
        "engrGrade": null,
        "engrRat": "0",
        "engrEpi": "0",
        "gnBldGrade": null,
        "gnBldCert": "0",
        "itgBldGrade": null,
        "itgBldCert": "0",
        "crtnDay": "20190227",
        "platPlc": "서울특별시 영등포구 여의도동 62번지",
        "sigunguCd": "11560",
        "bjdongCd": "11000",
        "platGbCd": "0",
        "bun": "0062",
        "ji": "0000",
        "regstrGbCd": "1",
        "regstrGbCdNm": "일반",
        "regstrKindCd": "1",
        "regstrKindCdNm": "총괄표제부",
        "bldNm": "가톨릭대학교성모병원",
        "newPlatPlc": "서울특별시 영등포구 63로 10",
        "splotNm": null,
        "bylotCnt": "0",
        "naRoadCd": "115603118001",
        "naBjdongCd": "11001",
        "naUgrndCd": "0",
        "naMainBun": "10.0",
        "naSubBun": "0.0",
        "platArea": "12292",
        "archArea": "5621.71",
        "bcRat": "45.73",
        "totArea": "52783.72",
        "vlRatEstmTotArea": "38149.76",
        "vlRat": "310.36",
        "newOldRegstrGbCd": "1",
        "newOldRegstrGbCdNm": "신대장"
    }
]