[
    {
        "거래금액": "18,800",
        "건축년도": "1975",
        "년": "2006",
        "법정동": "회현동1가",
        "아파트": "삼풍",
        "월": "7",
        "일": "17",
        "전용면적": "68.95",
        "지번": "146-1",
        "지역코드": "11140",
        "층": "5",
        "해제사유발생일": null,
        "해제여부": null
    },
    {
        "거래금액": "26,500",
        "건축년도": "1975",
        "년": "2006",
        "법정동": "회현동1가",
        "아파트": "삼풍",
        "월": "7",
        "일": "20",
        "전용면적": "102.04",
        "지번": "146-1",
        "지역코드": "11140",
        "층": "3",
        "해제사유발생일": null,
        "해제여부": null
    },
    {
        "거래금액": "19,750",
        "건축년도": "1975",
        "년": "2006",
        "법정동": "회현동1가",
        "아파트": "삼풍",
        "월": "7",
        "일": "21",
        "전용면적": "68.96",
        "지번": "146-1",
        "지역코드": "11140",
        "층": "8",
        "해제사유발생일": null,
        "해제여부": null
    },
    {
        "거래금액": "38,000",
        "건축년도": "2006",
        "년": "2006",
        "법정동": "을지로5가",
        "아파트": "삼성파크빌(39-1)",
        "월": "7",
        "일": "11",
        "전용면적": "84.96",
        "지번": "39-1",
        "지역코드": "11140",
        "층": "13",
        "해제사유발생일": null,
        "해제여부": null
    },
    {
        "거래금액": "27,000",
        "건축년도": "2002",
        "년": "2006",
        "법정동": "신당동",
        "아파트": "남산타운",
        "월": "7",
        "일": "2",
        "전용면적": "59.94",
        "지번": "844",
        "지역코드": "11140",
        "층": "14",
        "해제사유발생일": null,
        "해제여부": null
    },
    {
        "거래금액": "71,500",
        "건축년도": "2002",
        "년": "2006",
        "법정동": "신당동",
        "아파트": "남산타운",
        "월": "7",
        "일": "3",
        "전용면적": "114.88",
        "지번": "844",
        "지역코드": "11140",
        "층": "3",
        "해제사유발생일": null,
        "해제여부": null
    },
    {
        "거래금액": "24,500",
        "건축년도": "2002",
        "년": "2006",
        "법정동": "신당동",
        "아파트": "남산타운",
        "월": "7",
        "일": "3",
        "전용면적": "59.94",
        "지번": "844",
        "지역코드": "11140",
        "층": "16",
        "해제사유발생일": null,
        "해제여부": null
    },
    {
        "거래금액": "57,000",
        "건축년도": "2002",
        "년": "2006",
        "법정동": "신당동",
        "아파트": "남산타운",
        "월": "7",
        "일": "4",
        "전용면적": "84.88",
        "지번": "844",
        "지역코드": "11140",
        "층": "12",
        "해제사유발생일": null,
        "해제여부": null
    },
    {
        "거래금액": "29,000",
        "건축년도": "2004",
        "년": "2006",
        "법정동": "신당동",
        "아파트": "삼성홈타운",
        "월": "7",
        "일": "5",
        "전용면적": "83.94",
        "지번": "849",
        "지역코드": "11140",
        "층": "4",
        "해제사유발생일": null,
        "해제여부": null
    },
    {
        "거래금액": "28,300",
        "건축년도": "1993",
        "년": "2006",
        "법정동": "신당동",
        "아파트": "현대",
        "월": "7",
        "일": "5",
        "전용면적": "83.97",
        "지번": "840",
        "지역코드": "11140",
        "층": "12",
        "해제사유발생일": null,
        "해제여부": null
    },
    {
        "거래금액": "23,500",
        "건축년도": "1999",
        "년": "2006",
        "법정동": "신당동",
        "아파트": "약수하이츠",
        "월": "7",
        "일": "7",
        "전용면적": "57.63",
        "지번": "842",
        "지역코드": "11140",
        "층": "3",
        "해제사유발생일": null,
        "해제여부": null
    },
    {
        "거래금액": "24,800",
        "건축년도": "1999",
        "년": "2006",
        "법정동": "신당동",
        "아파트": "약수하이츠",
        "월": "7",
        "일": "7",
        "전용면적": "57.63",
        "지번": "842",
        "지역코드": "11140",
        "층": "17",
        "해제사유발생일": null,
        "해제여부": null
    },
    {
        "거래금액": "58,200",
        "건축년도": "2002",
        "년": "2006",
        "법정동": "신당동",
        "아파트": "남산타운",
        "월": "7",
        "일": "8",
        "전용면적": "114.88",
        "지번": "844",
        "지역코드": "11140",
        "층": "18",
        "해제사유발생일": null,
        "해제여부": null
    },
    {
        "거래금액": "24,900",
        "건축년도": "2002",
        "년": "2006",
        "법정동": "신당동",
        "아파트": "남산타운",
        "월": "7",
        "일": "8",
        "전용면적": "59.94",
        "지번": "844",
        "지역코드": "11140",
        "층": "3",
        "해제사유발생일": null,
        "해제여부": null
    },
    {
        "거래금액": "29,200",
        "건축년도": "2006",
        "년": "2006",
        "법정동": "신당동",
        "아파트": "태원팰리스5차(432-1132)",
        "월": "7",
        "일": "9",
        "전용면적": "84.78",
        "지번": "432-1132",
        "지역코드": "11140",
        "층": "5",
        "해제사유발생일": null,
        "해제여부": null
    },
    {
        "거래금액": "28,000",
        "건축년도": "1993",
        "년": "2006",
        "법정동": "신당동",
        "아파트": "현대",
        "월": "7",
        "일": "10",
        "전용면적": "79.11",
        "지번": "840",
        "지역코드": "11140",
        "층": "7",
        "해제사유발생일": null,
        "해제여부": null
    },
    {
        "거래금액": "26,100",
        "건축년도": "2002",
        "년": "2006",
        "법정동": "신당동",
        "아파트": "남산타운",
        "월": "7",
        "일": "10",
        "전용면적": "59.94",
        "지번": "844",
        "지역코드": "11140",
        "층": "7",
        "해제사유발생일": null,
        "해제여부": null
    },
    {
        "거래금액": "41,000",
        "건축년도": "1999",
        "년": "2006",
        "법정동": "신당동",
        "아파트": "약수하이츠",
        "월": "7",
        "일": "11",
        "전용면적": "84.88",
        "지번": "842",
        "지역코드": "11140",
        "층": "8",
        "해제사유발생일": null,
        "해제여부": null
    },
    {
        "거래금액": "45,250",
        "건축년도": "1999",
        "년": "2006",
        "법정동": "신당동",
        "아파트": "약수하이츠",
        "월": "7",
        "일": "11",
        "전용면적": "84.88",
        "지번": "842",
        "지역코드": "11140",
        "층": "14",
        "해제사유발생일": null,
        "해제여부": null
    },
    {
        "거래금액": "64,000",
        "건축년도": "2002",
        "년": "2006",
        "법정동": "신당동",
        "아파트": "남산타운",
        "월": "7",
        "일": "12",
        "전용면적": "114.88",
        "지번": "844",
        "지역코드": "11140",
        "층": "6",
        "해제사유발생일": null,
        "해제여부": null
    },
    {
        "거래금액": "8,300",
        "건축년도": "2001",
        "년": "2006",
        "법정동": "신당동",
        "아파트": "(432-904)",
        "월": "7",
        "일": "13",
        "전용면적": "58.59",
        "지번": "432-904",
        "지역코드": "11140",
        "층": "5",
        "해제사유발생일": null,
        "해제여부": null
    },
    {
        "거래금액": "71,000",
        "건축년도": "2002",
        "년": "2006",
        "법정동": "신당동",
        "아파트": "남산타운",
        "월": "7",
        "일": "14",
        "전용면적": "114.88",
        "지번": "844",
        "지역코드": "11140",
        "층": "16",
        "해제사유발생일": null,
        "해제여부": null
    },
    {
        "거래금액": "9,500",
        "건축년도": "2000",
        "년": "2006",
        "법정동": "신당동",
        "아파트": "각산빌",
        "월": "7",
        "일": "15",
        "전용면적": "57.69",
        "지번": "432-2008",
        "지역코드": "11140",
        "층": "3",
        "해제사유발생일": null,
        "해제여부": null
    },
    {
        "거래금액": "11,400",
        "건축년도": "2000",
        "년": "2006",
        "법정동": "신당동",
        "아파트": "다오아트빌",
        "월": "7",
        "일": "17",
        "전용면적": "53.7",
        "지번": "432-498",
        "지역코드": "11140",
        "층": "3",
        "해제사유발생일": null,
        "해제여부": null
    },
    {
        "거래금액": "37,900",
        "건축년도": "1999",
        "년": "2006",
        "법정동": "신당동",
        "아파트": "삼성",
        "월": "7",
        "일": "19",
        "전용면적": "84.96",
        "지번": "843",
        "지역코드": "11140",
        "층": "15",
        "해제사유발생일": null,
        "해제여부": null
    },
    {
        "거래금액": "69,500",
        "건축년도": "2002",
        "년": "2006",
        "법정동": "신당동",
        "아파트": "남산타운",
        "월": "7",
        "일": "20",
        "전용면적": "114.88",
        "지번": "844",
        "지역코드": "11140",
        "층": "15",
        "해제사유발생일": null,
        "해제여부": null
    },
    {
        "거래금액": "69,800",
        "건축년도": "2005",
        "년": "2006",
        "법정동": "신당동",
        "아파트": "남산정은스카이",
        "월": "7",
        "일": "20",
        "전용면적": "143.049",
        "지번": "366-126",
        "지역코드": "11140",
        "층": "8",
        "해제사유발생일": null,
        "해제여부": null
    },
    {
        "거래금액": "26,500",
        "건축년도": "2002",
        "년": "2006",
        "법정동": "신당동",
        "아파트": "남산타운",
        "월": "7",
        "일": "20",
        "전용면적": "59.94",
        "지번": "844",
        "지역코드": "11140",
        "층": "17",
        "해제사유발생일": null,
        "해제여부": null
    },
    {
        "거래금액": "8,200",
        "건축년도": "2001",
        "년": "2006",
        "법정동": "신당동",
        "아파트": "신신(1차)",
        "월": "7",
        "일": "21",
        "전용면적": "53.88",
        "지번": "432-1972",
        "지역코드": "11140",
        "층": "2",
        "해제사유발생일": null,
        "해제여부": null
    },
    {
        "거래금액": "40,000",
        "건축년도": "2002",
        "년": "2006",
        "법정동": "신당동",
        "아파트": "남산타운",
        "월": "7",
        "일": "22",
        "전용면적": "84.88",
        "지번": "844",
        "지역코드": "11140",
        "층": "15",
        "해제사유발생일": null,
        "해제여부": null
    },
    {
        "거래금액": "31,200",
        "건축년도": "2006",
        "년": "2006",
        "법정동": "신당동",
        "아파트": "태원팰리스5차(432-1132)",
        "월": "7",
        "일": "24",
        "전용면적": "96.42",
        "지번": "432-1132",
        "지역코드": "11140",
        "층": "2",
        "해제사유발생일": null,
        "해제여부": null
    },
    {
        "거래금액": "41,300",
        "건축년도": "1999",
        "년": "2006",
        "법정동": "신당동",
        "아파트": "약수하이츠",
        "월": "7",
        "일": "24",
        "전용면적": "84.88",
        "지번": "842",
        "지역코드": "11140",
        "층": "16",
        "해제사유발생일": null,
        "해제여부": null
    },
    {
        "거래금액": "51,500",
        "건축년도": "2002",
        "년": "2006",
        "법정동": "신당동",
        "아파트": "남산타운",
        "월": "7",
        "일": "26",
        "전용면적": "84.88",
        "지번": "844",
        "지역코드": "11140",
        "층": "11",
        "해제사유발생일": null,
        "해제여부": null
    },
    {
        "거래금액": "21,300",
        "건축년도": "1999",
        "년": "2006",
        "법정동": "신당동",
        "아파트": "약수하이츠",
        "월": "7",
        "일": "27",
        "전용면적": "57.63",
        "지번": "842",
        "지역코드": "11140",
        "층": "11",
        "해제사유발생일": null,
        "해제여부": null
    },
    {
        "거래금액": "28,000",
        "건축년도": "2002",
        "년": "2006",
        "법정동": "신당동",
        "아파트": "남산타운",
        "월": "7",
        "일": "29",
        "전용면적": "59.94",
        "지번": "844",
        "지역코드": "11140",
        "층": "12",
        "해제사유발생일": null,
        "해제여부": null
    },
    {
        "거래금액": "39,700",
        "건축년도": "1999",
        "년": "2006",
        "법정동": "신당동",
        "아파트": "삼성",
        "월": "7",
        "일": "30",
        "전용면적": "84.96",
        "지번": "843",
        "지역코드": "11140",
        "층": "19",
        "해제사유발생일": null,
        "해제여부": null
    },
    {
        "거래금액": "25,900",
        "건축년도": "2002",
        "년": "2006",
        "법정동": "신당동",
        "아파트": "남산타운",
        "월": "7",
        "일": "31",
        "전용면적": "59.94",
        "지번": "844",
        "지역코드": "11140",
        "층": "5",
        "해제사유발생일": null,
        "해제여부": null
    },
    {
        "거래금액": "18,500",
        "건축년도": "1994",
        "년": "2006",
        "법정동": "흥인동",
        "아파트": "aaa",
        "월": "7",
        "일": "8",
        "전용면적": "69.39",
        "지번": "3-4",
        "지역코드": "11140",
        "층": "18",
        "해제사유발생일": null,
        "해제여부": null
    },
    {
        "거래금액": "44,200",
        "건축년도": "2001",
        "년": "2006",
        "법정동": "중림동",
        "아파트": "삼성사이버빌리지",
        "월": "7",
        "일": "17",
        "전용면적": "84.95",
        "지번": "200",
        "지역코드": "11140",
        "층": "5",
        "해제사유발생일": null,
        "해제여부": null
    },
    {
        "거래금액": "34,750",
        "건축년도": "2002",
        "년": "2006",
        "법정동": "신교동",
        "아파트": "신현(101동)",
        "월": "7",
        "일": "21",
        "전용면적": "84.82",
        "지번": "6-13",
        "지역코드": "11110",
        "층": "3",
        "해제사유발생일": null,
        "해제여부": null
    },
    {
        "거래금액": "100,000",
        "건축년도": "2004",
        "년": "2006",
        "법정동": "내수동",
        "아파트": "경희궁의아침3단지",
        "월": "7",
        "일": "6",
        "전용면적": "124.17",
        "지번": "72",
        "지역코드": "11110",
        "층": "16",
        "해제사유발생일": null,
        "해제여부": null
    },
    {
        "거래금액": "29,200",
        "건축년도": "1994",
        "년": "2006",
        "법정동": "내수동",
        "아파트": "세종로대우",
        "월": "7",
        "일": "21",
        "전용면적": "66.96",
        "지번": "167",
        "지역코드": "11110",
        "층": "10",
        "해제사유발생일": null,
        "해제여부": null
    },
    {
        "거래금액": "15,500",
        "건축년도": "1993",
        "년": "2006",
        "법정동": "창신동",
        "아파트": "창신쌍용2",
        "월": "7",
        "일": "1",
        "전용면적": "64.66",
        "지번": "703",
        "지역코드": "11110",
        "층": "13",
        "해제사유발생일": null,
        "해제여부": null
    },
    {
        "거래금액": "6,500",
        "건축년도": "1970",
        "년": "2006",
        "법정동": "창신동",
        "아파트": "동문상가",
        "월": "7",
        "일": "6",
        "전용면적": "35.76",
        "지번": "436-41",
        "지역코드": "11110",
        "층": "6",
        "해제사유발생일": null,
        "해제여부": null
    },
    {
        "거래금액": "24,800",
        "건축년도": "1999",
        "년": "2006",
        "법정동": "창신동",
        "아파트": "두산",
        "월": "7",
        "일": "7",
        "전용면적": "59.95",
        "지번": "232",
        "지역코드": "11110",
        "층": "11",
        "해제사유발생일": null,
        "해제여부": null
    },
    {
        "거래금액": "34,500",
        "건축년도": "1999",
        "년": "2006",
        "법정동": "창신동",
        "아파트": "두산",
        "월": "7",
        "일": "7",
        "전용면적": "84.9",
        "지번": "232",
        "지역코드": "11110",
        "층": "2",
        "해제사유발생일": null,
        "해제여부": null
    },
    {
        "거래금액": "46,900",
        "건축년도": "2003",
        "년": "2006",
        "법정동": "창신동",
        "아파트": "창신이수",
        "월": "7",
        "일": "15",
        "전용면적": "120.84",
        "지번": "23-816",
        "지역코드": "11110",
        "층": "16",
        "해제사유발생일": null,
        "해제여부": null
    },
    {
        "거래금액": "14,700",
        "건축년도": "1993",
        "년": "2006",
        "법정동": "창신동",
        "아파트": "창신쌍용2",
        "월": "7",
        "일": "19",
        "전용면적": "54.7",
        "지번": "703",
        "지역코드": "11110",
        "층": "10",
        "해제사유발생일": null,
        "해제여부": null
    },
    {
        "거래금액": "20,000",
        "건축년도": "1993",
        "년": "2006",
        "법정동": "창신동",
        "아파트": "창신쌍용2",
        "월": "7",
        "일": "21",
        "전용면적": "79.87",
        "지번": "703",
        "지역코드": "11110",
        "층": "13",
        "해제사유발생일": null,
        "해제여부": null
    },
    {
        "거래금액": "15,000",
        "건축년도": "1993",
        "년": "2006",
        "법정동": "창신동",
        "아파트": "창신쌍용2",
        "월": "7",
        "일": "21",
        "전용면적": "64.66",
        "지번": "703",
        "지역코드": "11110",
        "층": "4",
        "해제사유발생일": null,
        "해제여부": null
    },
    {
        "거래금액": "15,700",
        "건축년도": "1993",
        "년": "2006",
        "법정동": "창신동",
        "아파트": "창신쌍용2",
        "월": "7",
        "일": "21",
        "전용면적": "64.66",
        "지번": "703",
        "지역코드": "11110",
        "층": "6",
        "해제사유발생일": null,
        "해제여부": null
    },
    {
        "거래금액": "21,000",
        "건축년도": "1968",
        "년": "2006",
        "법정동": "창신동",
        "아파트": "동대문상가",
        "월": "7",
        "일": "24",
        "전용면적": "49.75",
        "지번": "436-64",
        "지역코드": "11110",
        "층": "5",
        "해제사유발생일": null,
        "해제여부": null
    },
    {
        "거래금액": "14,500",
        "건축년도": "1993",
        "년": "2006",
        "법정동": "창신동",
        "아파트": "창신쌍용2",
        "월": "7",
        "일": "24",
        "전용면적": "54.7",
        "지번": "703",
        "지역코드": "11110",
        "층": "7",
        "해제사유발생일": null,
        "해제여부": null
    },
    {
        "거래금액": "16,000",
        "건축년도": "1992",
        "년": "2006",
        "법정동": "창신동",
        "아파트": "창신쌍용1",
        "월": "7",
        "일": "25",
        "전용면적": "54.7",
        "지번": "702",
        "지역코드": "11110",
        "층": "13",
        "해제사유발생일": null,
        "해제여부": null
    },
    {
        "거래금액": "20,500",
        "건축년도": "1993",
        "년": "2006",
        "법정동": "창신동",
        "아파트": "창신쌍용2",
        "월": "7",
        "일": "26",
        "전용면적": "79.87",
        "지번": "703",
        "지역코드": "11110",
        "층": "13",
        "해제사유발생일": null,
        "해제여부": null
    },
    {
        "거래금액": "24,000",
        "건축년도": "1999",
        "년": "2006",
        "법정동": "창신동",
        "아파트": "두산",
        "월": "7",
        "일": "26",
        "전용면적": "59.95",
        "지번": "232",
        "지역코드": "11110",
        "층": "10",
        "해제사유발생일": null,
        "해제여부": null
    },
    {
        "거래금액": "22,000",
        "건축년도": "1968",
        "년": "2006",
        "법정동": "창신동",
        "아파트": "동대문상가",
        "월": "7",
        "일": "26",
        "전용면적": "40.87",
        "지번": "436-64",
        "지역코드": "11110",
        "층": "4",
        "해제사유발생일": null,
        "해제여부": null
    },
    {
        "거래금액": "33,000",
        "건축년도": "1993",
        "년": "2006",
        "법정동": "창신동",
        "아파트": "창신쌍용2",
        "월": "7",
        "일": "28",
        "전용면적": "106.62",
        "지번": "703",
        "지역코드": "11110",
        "층": "2",
        "해제사유발생일": null,
        "해제여부": null
    },
    {
        "거래금액": "15,500",
        "건축년도": "1992",
        "년": "2006",
        "법정동": "창신동",
        "아파트": "창신쌍용1",
        "월": "7",
        "일": "28",
        "전용면적": "54.7",
        "지번": "702",
        "지역코드": "11110",
        "층": "13",
        "해제사유발생일": null,
        "해제여부": null
    },
    {
        "거래금액": "30,000",
        "건축년도": "1968",
        "년": "2006",
        "법정동": "창신동",
        "아파트": "동대문상가",
        "월": "7",
        "일": "31",
        "전용면적": "50.74",
        "지번": "436-64",
        "지역코드": "11110",
        "층": "5",
        "해제사유발생일": null,
        "해제여부": null
    },
    {
        "거래금액": "22,950",
        "건축년도": "1968",
        "년": "2006",
        "법정동": "창신동",
        "아파트": "동대문상가",
        "월": "7",
        "일": "31",
        "전용면적": "40.87",
        "지번": "436-64",
        "지역코드": "11110",
        "층": "5",
        "해제사유발생일": null,
        "해제여부": null
    },
    {
        "거래금액": "30,500",
        "건축년도": "1979",
        "년": "2006",
        "법정동": "숭인동",
        "아파트": "숭인상가",
        "월": "7",
        "일": "3",
        "전용면적": "77.75",
        "지번": "204-11",
        "지역코드": "11110",
        "층": "5",
        "해제사유발생일": null,
        "해제여부": null
    },
    {
        "거래금액": "12,500",
        "건축년도": "1979",
        "년": "2006",
        "법정동": "숭인동",
        "아파트": "숭인상가",
        "월": "7",
        "일": "25",
        "전용면적": "80.85",
        "지번": "204-11",
        "지역코드": "11110",
        "층": "8",
        "해제사유발생일": null,
        "해제여부": null
    },
    {
        "거래금액": "4,800",
        "건축년도": "1971",
        "년": "2006",
        "법정동": "행촌동",
        "아파트": "대성아파트",
        "월": "7",
        "일": "24",
        "전용면적": "30.28",
        "지번": "41-1",
        "지역코드": "11110",
        "층": "7",
        "해제사유발생일": null,
        "해제여부": null
    },
    {
        "거래금액": "26,000",
        "건축년도": "1998",
        "년": "2006",
        "법정동": "평창동",
        "아파트": "삼성",
        "월": "7",
        "일": "3",
        "전용면적": "84.93",
        "지번": "596",
        "지역코드": "11110",
        "층": "14",
        "해제사유발생일": null,
        "해제여부": null
    },
    {
        "거래금액": "83,500",
        "건축년도": "2004",
        "년": "2006",
        "법정동": "평창동",
        "아파트": "벽산블루밍평창힐스",
        "월": "7",
        "일": "6",
        "전용면적": "150.83",
        "지번": "45",
        "지역코드": "11110",
        "층": "3",
        "해제사유발생일": null,
        "해제여부": null
    },
    {
        "거래금액": "35,000",
        "건축년도": "2005",
        "년": "2006",
        "법정동": "평창동",
        "아파트": "형우럭스빌(33-1)",
        "월": "7",
        "일": "10",
        "전용면적": "103.07",
        "지번": "33-1",
        "지역코드": "11110",
        "층": "4",
        "해제사유발생일": null,
        "해제여부": null
    },
    {
        "거래금액": "35,000",
        "건축년도": "2005",
        "년": "2006",
        "법정동": "평창동",
        "아파트": "형우럭스빌(33-1)",
        "월": "7",
        "일": "19",
        "전용면적": "103.07",
        "지번": "33-1",
        "지역코드": "11110",
        "층": "2",
        "해제사유발생일": null,
        "해제여부": null
    },
    {
        "거래금액": "18,400",
        "건축년도": "1998",
        "년": "2006",
        "법정동": "평창동",
        "아파트": "삼성",
        "월": "7",
        "일": "25",
        "전용면적": "59.97",
        "지번": "596",
        "지역코드": "11110",
        "층": "7",
        "해제사유발생일": null,
        "해제여부": null
    },
    {
        "거래금액": "37,000",
        "건축년도": "2005",
        "년": "2006",
        "법정동": "평창동",
        "아파트": "형우럭스빌(33-1)",
        "월": "7",
        "일": "31",
        "전용면적": "103.07",
        "지번": "33-1",
        "지역코드": "11110",
        "층": "1",
        "해제사유발생일": null,
        "해제여부": null
    },
    {
        "거래금액": "14,000",
        "건축년도": "1998",
        "년": "2006",
        "법정동": "신영동",
        "아파트": "대아파크빌",
        "월": "7",
        "일": "26",
        "전용면적": "59.22",
        "지번": "254",
        "지역코드": "11110",
        "층": "9",
        "해제사유발생일": null,
        "해제여부": null
    },
    {
        "거래금액": "45,000",
        "건축년도": "2000",
        "년": "2006",
        "법정동": "무악동",
        "아파트": "현대",
        "월": "7",
        "일": "10",
        "전용면적": "84.92",
        "지번": "82",
        "지역코드": "11110",
        "층": "13",
        "해제사유발생일": null,
        "해제여부": null
    },
    {
        "거래금액": "59,000",
        "건축년도": "2000",
        "년": "2006",
        "법정동": "무악동",
        "아파트": "현대",
        "월": "7",
        "일": "13",
        "전용면적": "114.9",
        "지번": "82",
        "지역코드": "11110",
        "층": "19",
        "해제사유발생일": null,
        "해제여부": null
    },
    {
        "거래금액": "35,800",
        "건축년도": "2000",
        "년": "2006",
        "법정동": "무악동",
        "아파트": "현대",
        "월": "7",
        "일": "15",
        "전용면적": "84.92",
        "지번": "82",
        "지역코드": "11110",
        "층": "3",
        "해제사유발생일": null,
        "해제여부": null
    },
    {
        "거래금액": "39,700",
        "건축년도": "2000",
        "년": "2006",
        "법정동": "무악동",
        "아파트": "현대",
        "월": "7",
        "일": "18",
        "전용면적": "84.92",
        "지번": "82",
        "지역코드": "11110",
        "층": "14",
        "해제사유발생일": null,
        "해제여부": null
    }
]