[
    {
        "거래금액": "7,000",
        "건축년도": "1986",
        "년": "2006",
        "대지권면적": "28.38",
        "법정동": "필동3가",
        "연립다세대": "(55-14)",
        "월": "7",
        "일": "4",
        "전용면적": "35.97",
        "지번": "55-14",
        "지역코드": "11140",
        "층": "-1",
        "해제사유발생일": null,
        "해제여부": null
    },
    {
        "거래금액": "10,500",
        "건축년도": "1995",
        "년": "2006",
        "대지권면적": "41.54",
        "법정동": "예장동",
        "연립다세대": "이공아트빌라",
        "월": "7",
        "일": "13",
        "전용면적": "64.98",
        "지번": "1-127",
        "지역코드": "11140",
        "층": "1",
        "해제사유발생일": null,
        "해제여부": null
    },
    {
        "거래금액": "6,500",
        "건축년도": "2003",
        "년": "2006",
        "대지권면적": "17.8",
        "법정동": "신당동",
        "연립다세대": "성은빌라",
        "월": "7",
        "일": "10",
        "전용면적": "47.72",
        "지번": "432-1955",
        "지역코드": "11140",
        "층": "2",
        "해제사유발생일": null,
        "해제여부": null
    },
    {
        "거래금액": "11,500",
        "건축년도": "1998",
        "년": "2006",
        "대지권면적": "24.95",
        "법정동": "신당동",
        "연립다세대": "우석타운",
        "월": "7",
        "일": "19",
        "전용면적": "48.56",
        "지번": "52-8",
        "지역코드": "11140",
        "층": "3",
        "해제사유발생일": null,
        "해제여부": null
    },
    {
        "거래금액": "20,000",
        "건축년도": "2001",
        "년": "2006",
        "대지권면적": "27.2",
        "법정동": "신교동",
        "연립다세대": "월드빌",
        "월": "7",
        "일": "22",
        "전용면적": "67.99",
        "지번": "9-4",
        "지역코드": "11110",
        "층": "1",
        "해제사유발생일": null,
        "해제여부": null
    },
    {
        "거래금액": "15,500",
        "건축년도": "2003",
        "년": "2006",
        "대지권면적": "29.28",
        "법정동": "신교동",
        "연립다세대": "코디골드빌",
        "월": "7",
        "일": "23",
        "전용면적": "60.82",
        "지번": "6-53",
        "지역코드": "11110",
        "층": "1",
        "해제사유발생일": null,
        "해제여부": null
    },
    {
        "거래금액": "92,000",
        "건축년도": "2004",
        "년": "2006",
        "대지권면적": "91.15",
        "법정동": "효자동",
        "연립다세대": "엠퍼러스파크빌",
        "월": "7",
        "일": "3",
        "전용면적": "190.08",
        "지번": "76-1",
        "지역코드": "11110",
        "층": "4",
        "해제사유발생일": null,
        "해제여부": null
    },
    {
        "거래금액": "9,900",
        "건축년도": "2001",
        "년": "2006",
        "대지권면적": "19.05",
        "법정동": "누상동",
        "연립다세대": "코디골드빌102동",
        "월": "7",
        "일": "10",
        "전용면적": "57.6",
        "지번": "159-12",
        "지역코드": "11110",
        "층": "3",
        "해제사유발생일": null,
        "해제여부": null
    },
    {
        "거래금액": "7,300",
        "건축년도": "1997",
        "년": "2006",
        "대지권면적": "24.43",
        "법정동": "누상동",
        "연립다세대": "계동빌라",
        "월": "7",
        "일": "10",
        "전용면적": "49.55",
        "지번": "166-131",
        "지역코드": "11110",
        "층": "-1",
        "해제사유발생일": null,
        "해제여부": null
    },
    {
        "거래금액": "20,350",
        "건축년도": "2004",
        "년": "2006",
        "대지권면적": "41.27",
        "법정동": "옥인동",
        "연립다세대": "예지명가",
        "월": "7",
        "일": "3",
        "전용면적": "79.25",
        "지번": "142",
        "지역코드": "11110",
        "층": "2",
        "해제사유발생일": null,
        "해제여부": null
    },
    {
        "거래금액": "18,000",
        "건축년도": "2004",
        "년": "2006",
        "대지권면적": "38.49",
        "법정동": "옥인동",
        "연립다세대": "예지명가",
        "월": "7",
        "일": "20",
        "전용면적": "73.91",
        "지번": "142",
        "지역코드": "11110",
        "층": "3",
        "해제사유발생일": null,
        "해제여부": null
    },
    {
        "거래금액": "17,000",
        "건축년도": "1980",
        "년": "2006",
        "대지권면적": "48.9",
        "법정동": "옥인동",
        "연립다세대": "옥인",
        "월": "7",
        "일": "28",
        "전용면적": "59.23",
        "지번": "182",
        "지역코드": "11110",
        "층": "2",
        "해제사유발생일": null,
        "해제여부": null
    },
    {
        "거래금액": "25,500",
        "건축년도": "2003",
        "년": "2006",
        "대지권면적": "36.51",
        "법정동": "체부동",
        "연립다세대": "평화빌라",
        "월": "7",
        "일": "5",
        "전용면적": "59.69",
        "지번": "170-1",
        "지역코드": "11110",
        "층": "2",
        "해제사유발생일": null,
        "해제여부": null
    },
    {
        "거래금액": "3,730",
        "건축년도": "1999",
        "년": "2006",
        "대지권면적": "13.68",
        "법정동": "사직동",
        "연립다세대": "희망빌라",
        "월": "7",
        "일": "3",
        "전용면적": "38.2",
        "지번": "291-2",
        "지역코드": "11110",
        "층": "-1",
        "해제사유발생일": null,
        "해제여부": null
    },
    {
        "거래금액": "16,000",
        "건축년도": "1993",
        "년": "2006",
        "대지권면적": "26.1",
        "법정동": "사직동",
        "연립다세대": "(187-1)",
        "월": "7",
        "일": "26",
        "전용면적": "46.02",
        "지번": "187-1",
        "지역코드": "11110",
        "층": "-1",
        "해제사유발생일": null,
        "해제여부": null
    },
    {
        "거래금액": "50,000",
        "건축년도": "2002",
        "년": "2006",
        "대지권면적": "74.75",
        "법정동": "가회동",
        "연립다세대": "(1-70)",
        "월": "7",
        "일": "6",
        "전용면적": "122.57",
        "지번": "1-70",
        "지역코드": "11110",
        "층": "1",
        "해제사유발생일": null,
        "해제여부": null
    },
    {
        "거래금액": "8,200",
        "건축년도": "1998",
        "년": "2006",
        "대지권면적": "17.46",
        "법정동": "원서동",
        "연립다세대": "(86-12)",
        "월": "7",
        "일": "3",
        "전용면적": "57",
        "지번": "86-12",
        "지역코드": "11110",
        "층": "-1",
        "해제사유발생일": null,
        "해제여부": null
    },
    {
        "거래금액": "8,300",
        "건축년도": "1999",
        "년": "2006",
        "대지권면적": "15.02",
        "법정동": "원서동",
        "연립다세대": "(135-97)",
        "월": "7",
        "일": "31",
        "전용면적": "37.5",
        "지번": "135-97",
        "지역코드": "11110",
        "층": "4",
        "해제사유발생일": null,
        "해제여부": null
    },
    {
        "거래금액": "14,000",
        "건축년도": "2004",
        "년": "2006",
        "대지권면적": "31.813",
        "법정동": "혜화동",
        "연립다세대": "우성빌라",
        "월": "7",
        "일": "10",
        "전용면적": "65.49",
        "지번": "6-12",
        "지역코드": "11110",
        "층": "3",
        "해제사유발생일": null,
        "해제여부": null
    },
    {
        "거래금액": "15,000",
        "건축년도": "2001",
        "년": "2006",
        "대지권면적": "43",
        "법정동": "혜화동",
        "연립다세대": "(10-4)",
        "월": "7",
        "일": "20",
        "전용면적": "83.66",
        "지번": "10-4",
        "지역코드": "11110",
        "층": "2",
        "해제사유발생일": null,
        "해제여부": null
    },
    {
        "거래금액": "19,200",
        "건축년도": "2004",
        "년": "2006",
        "대지권면적": "40.093",
        "법정동": "명륜1가",
        "연립다세대": "해성빌라트",
        "월": "7",
        "일": "27",
        "전용면적": "74.34",
        "지번": "7-17",
        "지역코드": "11110",
        "층": "4",
        "해제사유발생일": null,
        "해제여부": null
    },
    {
        "거래금액": "23,000",
        "건축년도": "1997",
        "년": "2006",
        "대지권면적": "57.907",
        "법정동": "창신동",
        "연립다세대": "대일빌라트 가동",
        "월": "7",
        "일": "7",
        "전용면적": "75.36",
        "지번": "23-627",
        "지역코드": "11110",
        "층": "3",
        "해제사유발생일": null,
        "해제여부": null
    },
    {
        "거래금액": "9,000",
        "건축년도": "2001",
        "년": "2006",
        "대지권면적": "11.22",
        "법정동": "창신동",
        "연립다세대": "(660-120)",
        "월": "7",
        "일": "11",
        "전용면적": "25.28",
        "지번": "660-120",
        "지역코드": "11110",
        "층": "4",
        "해제사유발생일": null,
        "해제여부": null
    },
    {
        "거래금액": "11,000",
        "건축년도": "2006",
        "년": "2006",
        "대지권면적": "18.63",
        "법정동": "숭인동",
        "연립다세대": "아이캐슬",
        "월": "7",
        "일": "20",
        "전용면적": "37.88",
        "지번": "716-3",
        "지역코드": "11110",
        "층": "2",
        "해제사유발생일": null,
        "해제여부": null
    },
    {
        "거래금액": "13,600",
        "건축년도": "2001",
        "년": "2006",
        "대지권면적": "22.919",
        "법정동": "숭인동",
        "연립다세대": "숭인동연립주택",
        "월": "7",
        "일": "21",
        "전용면적": "59.65",
        "지번": "456",
        "지역코드": "11110",
        "층": "4",
        "해제사유발생일": null,
        "해제여부": null
    },
    {
        "거래금액": "11,850",
        "건축년도": "2001",
        "년": "2006",
        "대지권면적": "21.62",
        "법정동": "숭인동",
        "연립다세대": "동문타운 A",
        "월": "7",
        "일": "24",
        "전용면적": "59.84",
        "지번": "181-82",
        "지역코드": "11110",
        "층": "2",
        "해제사유발생일": null,
        "해제여부": null
    },
    {
        "거래금액": "13,400",
        "건축년도": "2001",
        "년": "2006",
        "대지권면적": "23.039",
        "법정동": "숭인동",
        "연립다세대": "숭인동연립주택",
        "월": "7",
        "일": "25",
        "전용면적": "59.98",
        "지번": "456",
        "지역코드": "11110",
        "층": "3",
        "해제사유발생일": null,
        "해제여부": null
    },
    {
        "거래금액": "21,000",
        "건축년도": "2004",
        "년": "2006",
        "대지권면적": "44.322",
        "법정동": "숭인동",
        "연립다세대": "본동타운",
        "월": "7",
        "일": "25",
        "전용면적": "89.86",
        "지번": "460",
        "지역코드": "11110",
        "층": "3",
        "해제사유발생일": null,
        "해제여부": null
    },
    {
        "거래금액": "11,000",
        "건축년도": "2006",
        "년": "2006",
        "대지권면적": "18.63",
        "법정동": "숭인동",
        "연립다세대": "아이캐슬",
        "월": "7",
        "일": "25",
        "전용면적": "37.88",
        "지번": "716-3",
        "지역코드": "11110",
        "층": "3",
        "해제사유발생일": null,
        "해제여부": null
    },
    {
        "거래금액": "21,500",
        "건축년도": "2006",
        "년": "2006",
        "대지권면적": "58.83",
        "법정동": "숭인동",
        "연립다세대": "씨티빌라",
        "월": "7",
        "일": "26",
        "전용면적": "24.64",
        "지번": "56-84",
        "지역코드": "11110",
        "층": "2",
        "해제사유발생일": null,
        "해제여부": null
    },
    {
        "거래금액": "20,000",
        "건축년도": "2006",
        "년": "2006",
        "대지권면적": "54.92",
        "법정동": "숭인동",
        "연립다세대": "씨티빌라",
        "월": "7",
        "일": "26",
        "전용면적": "23",
        "지번": "56-84",
        "지역코드": "11110",
        "층": "3",
        "해제사유발생일": null,
        "해제여부": null
    },
    {
        "거래금액": "20,000",
        "건축년도": "2006",
        "년": "2006",
        "대지권면적": "54.92",
        "법정동": "숭인동",
        "연립다세대": "씨티빌라",
        "월": "7",
        "일": "26",
        "전용면적": "23",
        "지번": "56-84",
        "지역코드": "11110",
        "층": "2",
        "해제사유발생일": null,
        "해제여부": null
    },
    {
        "거래금액": "10,000",
        "건축년도": "2006",
        "년": "2006",
        "대지권면적": "16.44",
        "법정동": "숭인동",
        "연립다세대": "아이캐슬",
        "월": "7",
        "일": "27",
        "전용면적": "33.45",
        "지번": "716-3",
        "지역코드": "11110",
        "층": "5",
        "해제사유발생일": null,
        "해제여부": null
    },
    {
        "거래금액": "11,000",
        "건축년도": "2006",
        "년": "2006",
        "대지권면적": "18.6",
        "법정동": "숭인동",
        "연립다세대": "아이캐슬",
        "월": "7",
        "일": "27",
        "전용면적": "37.82",
        "지번": "716-3",
        "지역코드": "11110",
        "층": "3",
        "해제사유발생일": null,
        "해제여부": null
    },
    {
        "거래금액": "11,000",
        "건축년도": "2006",
        "년": "2006",
        "대지권면적": "18.6",
        "법정동": "숭인동",
        "연립다세대": "아이캐슬",
        "월": "7",
        "일": "28",
        "전용면적": "37.82",
        "지번": "716-3",
        "지역코드": "11110",
        "층": "2",
        "해제사유발생일": null,
        "해제여부": null
    },
    {
        "거래금액": "11,000",
        "건축년도": "2006",
        "년": "2006",
        "대지권면적": "18.63",
        "법정동": "숭인동",
        "연립다세대": "아이캐슬",
        "월": "7",
        "일": "31",
        "전용면적": "37.88",
        "지번": "716-3",
        "지역코드": "11110",
        "층": "4",
        "해제사유발생일": null,
        "해제여부": null
    },
    {
        "거래금액": "14,000",
        "건축년도": "1999",
        "년": "2006",
        "대지권면적": "21.97",
        "법정동": "홍파동",
        "연립다세대": "석촌빌라",
        "월": "7",
        "일": "1",
        "전용면적": "58",
        "지번": "2-22",
        "지역코드": "11110",
        "층": "4",
        "해제사유발생일": null,
        "해제여부": null
    },
    {
        "거래금액": "5,000",
        "건축년도": "1996",
        "년": "2006",
        "대지권면적": "13.8",
        "법정동": "행촌동",
        "연립다세대": "(210-165)",
        "월": "7",
        "일": "5",
        "전용면적": "26.82",
        "지번": "210-165",
        "지역코드": "11110",
        "층": "2",
        "해제사유발생일": null,
        "해제여부": null
    },
    {
        "거래금액": "3,550",
        "건축년도": "1995",
        "년": "2006",
        "대지권면적": "11.35",
        "법정동": "행촌동",
        "연립다세대": "(210-462)",
        "월": "7",
        "일": "5",
        "전용면적": "32.64",
        "지번": "210-462",
        "지역코드": "11110",
        "층": "-1",
        "해제사유발생일": null,
        "해제여부": null
    },
    {
        "거래금액": "12,700",
        "건축년도": "1999",
        "년": "2006",
        "대지권면적": "27.88",
        "법정동": "행촌동",
        "연립다세대": "선덕빌라",
        "월": "7",
        "일": "11",
        "전용면적": "59.99",
        "지번": "210-372",
        "지역코드": "11110",
        "층": "3",
        "해제사유발생일": null,
        "해제여부": null
    },
    {
        "거래금액": "14,500",
        "건축년도": "2002",
        "년": "2006",
        "대지권면적": "20.05",
        "법정동": "행촌동",
        "연립다세대": "유림아트빌",
        "월": "7",
        "일": "12",
        "전용면적": "59.89",
        "지번": "210-387",
        "지역코드": "11110",
        "층": "3",
        "해제사유발생일": null,
        "해제여부": null
    },
    {
        "거래금액": "8,000",
        "건축년도": "1988",
        "년": "2006",
        "대지권면적": "59",
        "법정동": "구기동",
        "연립다세대": "용상빌라(A동)",
        "월": "7",
        "일": "10",
        "전용면적": "81.55",
        "지번": "21-2",
        "지역코드": "11110",
        "층": "-1",
        "해제사유발생일": null,
        "해제여부": null
    },
    {
        "거래금액": "60,000",
        "건축년도": "1992",
        "년": "2006",
        "대지권면적": "225.67",
        "법정동": "구기동",
        "연립다세대": "동성빌라",
        "월": "7",
        "일": "22",
        "전용면적": "163.62",
        "지번": "138-1",
        "지역코드": "11110",
        "층": "2",
        "해제사유발생일": null,
        "해제여부": null
    },
    {
        "거래금액": "33,500",
        "건축년도": "1991",
        "년": "2006",
        "대지권면적": "262.3",
        "법정동": "평창동",
        "연립다세대": "평창현대주택",
        "월": "7",
        "일": "4",
        "전용면적": "215.01",
        "지번": "523-39",
        "지역코드": "11110",
        "층": "1",
        "해제사유발생일": null,
        "해제여부": null
    },
    {
        "거래금액": "15,300",
        "건축년도": "1989",
        "년": "2006",
        "대지권면적": "61.97",
        "법정동": "평창동",
        "연립다세대": "금강하이츠빌라",
        "월": "7",
        "일": "25",
        "전용면적": "49.57",
        "지번": "64-3",
        "지역코드": "11110",
        "층": "1",
        "해제사유발생일": null,
        "해제여부": null
    },
    {
        "거래금액": "78,000",
        "건축년도": "1996",
        "년": "2006",
        "대지권면적": "203.25",
        "법정동": "평창동",
        "연립다세대": "거송빌라",
        "월": "7",
        "일": "25",
        "전용면적": "188.01",
        "지번": "342-1",
        "지역코드": "11110",
        "층": "-1",
        "해제사유발생일": null,
        "해제여부": null
    }
]