[
    {
        "거래금액": "12,100",
        "건축년도": "2003",
        "년": "2006",
        "단지": "스타빌딩",
        "법정동": "필동1가",
        "시군구": "중구",
        "월": "7",
        "일": "23",
        "전용면적": "28.67",
        "지번": "22-2",
        "지역코드": "11140",
        "층": "10",
        "해제사유발생일": null,
        "해제여부": null
    },
    {
        "거래금액": "6,500",
        "건축년도": "1997",
        "년": "2006",
        "단지": "넥서스타워",
        "법정동": "오장동",
        "시군구": "중구",
        "월": "7",
        "일": "21",
        "전용면적": "26.24",
        "지번": "206-3",
        "지역코드": "11140",
        "층": "12",
        "해제사유발생일": null,
        "해제여부": null
    },
    {
        "거래금액": "16,655",
        "건축년도": "2005",
        "년": "2006",
        "단지": "바비엥-2",
        "법정동": "의주로1가",
        "시군구": "중구",
        "월": "7",
        "일": "13",
        "전용면적": "29.48",
        "지번": "25-10",
        "지역코드": "11140",
        "층": "12",
        "해제사유발생일": null,
        "해제여부": null
    },
    {
        "거래금액": "19,817",
        "건축년도": "2006",
        "년": "2006",
        "단지": "브라운스톤서울",
        "법정동": "중림동",
        "시군구": "중구",
        "월": "7",
        "일": "3",
        "전용면적": "49.39",
        "지번": "355",
        "지역코드": "11140",
        "층": "5",
        "해제사유발생일": null,
        "해제여부": null
    },
    {
        "거래금액": "11,675",
        "건축년도": "2006",
        "년": "2006",
        "단지": "브라운스톤서울",
        "법정동": "중림동",
        "시군구": "중구",
        "월": "7",
        "일": "22",
        "전용면적": "30.99",
        "지번": "355",
        "지역코드": "11140",
        "층": "6",
        "해제사유발생일": null,
        "해제여부": null
    },
    {
        "거래금액": "18,115",
        "건축년도": "2004",
        "년": "2006",
        "단지": "KCC 파크타운",
        "법정동": "만리동2가",
        "시군구": "중구",
        "월": "7",
        "일": "12",
        "전용면적": "66.47",
        "지번": "11-1",
        "지역코드": "11140",
        "층": "8",
        "해제사유발생일": null,
        "해제여부": null
    },
    {
        "거래금액": "18,116",
        "건축년도": "2004",
        "년": "2006",
        "단지": "KCC 파크타운",
        "법정동": "만리동2가",
        "시군구": "중구",
        "월": "7",
        "일": "13",
        "전용면적": "66.47",
        "지번": "11-1",
        "지역코드": "11140",
        "층": "5",
        "해제사유발생일": null,
        "해제여부": null
    },
    {
        "거래금액": "18,434",
        "건축년도": "2004",
        "년": "2006",
        "단지": "KCC 파크타운",
        "법정동": "만리동2가",
        "시군구": "중구",
        "월": "7",
        "일": "18",
        "전용면적": "66.47",
        "지번": "11-1",
        "지역코드": "11140",
        "층": "5",
        "해제사유발생일": null,
        "해제여부": null
    },
    {
        "거래금액": "19,300",
        "건축년도": "2003",
        "년": "2006",
        "단지": "광화문 플래티넘",
        "법정동": "적선동",
        "시군구": "종로구",
        "월": "7",
        "일": "19",
        "전용면적": "45.36",
        "지번": "156",
        "지역코드": "11110",
        "층": "7",
        "해제사유발생일": null,
        "해제여부": null
    },
    {
        "거래금액": "17,800",
        "건축년도": "2003",
        "년": "2006",
        "단지": "광화문 플래티넘",
        "법정동": "적선동",
        "시군구": "종로구",
        "월": "7",
        "일": "19",
        "전용면적": "45.36",
        "지번": "156",
        "지역코드": "11110",
        "층": "7",
        "해제사유발생일": null,
        "해제여부": null
    },
    {
        "거래금액": "18,500",
        "건축년도": "2003",
        "년": "2006",
        "단지": "광화문 플래티넘",
        "법정동": "적선동",
        "시군구": "종로구",
        "월": "7",
        "일": "21",
        "전용면적": "51.24",
        "지번": "156",
        "지역코드": "11110",
        "층": "6",
        "해제사유발생일": null,
        "해제여부": null
    },
    {
        "거래금액": "14,400",
        "건축년도": "2004",
        "년": "2006",
        "단지": "경희궁의 아침 3단지",
        "법정동": "내수동",
        "시군구": "종로구",
        "월": "7",
        "일": "3",
        "전용면적": "37.5",
        "지번": "72",
        "지역코드": "11110",
        "층": "15",
        "해제사유발생일": null,
        "해제여부": null
    },
    {
        "거래금액": "13,900",
        "건축년도": "2004",
        "년": "2006",
        "단지": "경희궁의 아침 2단지",
        "법정동": "내수동",
        "시군구": "종로구",
        "월": "7",
        "일": "11",
        "전용면적": "32.43",
        "지번": "71",
        "지역코드": "11110",
        "층": "14",
        "해제사유발생일": null,
        "해제여부": null
    },
    {
        "거래금액": "14,900",
        "건축년도": "2004",
        "년": "2006",
        "단지": "경희궁의 아침 3단지",
        "법정동": "내수동",
        "시군구": "종로구",
        "월": "7",
        "일": "14",
        "전용면적": "37.5",
        "지번": "72",
        "지역코드": "11110",
        "층": "7",
        "해제사유발생일": null,
        "해제여부": null
    },
    {
        "거래금액": "40,000",
        "건축년도": "2004",
        "년": "2006",
        "단지": "경희궁의 아침 3단지",
        "법정동": "내수동",
        "시군구": "종로구",
        "월": "7",
        "일": "21",
        "전용면적": "75",
        "지번": "72",
        "지역코드": "11110",
        "층": "14",
        "해제사유발생일": null,
        "해제여부": null
    },
    {
        "거래금액": "14,800",
        "건축년도": "2004",
        "년": "2006",
        "단지": "경희궁의 아침 3단지",
        "법정동": "내수동",
        "시군구": "종로구",
        "월": "7",
        "일": "22",
        "전용면적": "37.5",
        "지번": "72",
        "지역코드": "11110",
        "층": "2",
        "해제사유발생일": null,
        "해제여부": null
    },
    {
        "거래금액": "10,600",
        "건축년도": "2004",
        "년": "2006",
        "단지": "경희궁의 아침 4단지",
        "법정동": "내수동",
        "시군구": "종로구",
        "월": "7",
        "일": "25",
        "전용면적": "28.24",
        "지번": "73",
        "지역코드": "11110",
        "층": "9",
        "해제사유발생일": null,
        "해제여부": null
    },
    {
        "거래금액": "27,349",
        "건축년도": "2005",
        "년": "2006",
        "단지": "광화문오피시아빌딩",
        "법정동": "신문로1가",
        "시군구": "종로구",
        "월": "7",
        "일": "8",
        "전용면적": "46.77",
        "지번": "163",
        "지역코드": "11110",
        "층": "18",
        "해제사유발생일": null,
        "해제여부": null
    },
    {
        "거래금액": "24,400",
        "건축년도": "2004",
        "년": "2006",
        "단지": "두산위브파빌리온",
        "법정동": "수송동",
        "시군구": "종로구",
        "월": "7",
        "일": "25",
        "전용면적": "57.96",
        "지번": "58",
        "지역코드": "11110",
        "층": "11",
        "해제사유발생일": null,
        "해제여부": null
    },
    {
        "거래금액": "23,211",
        "건축년도": "2005",
        "년": "2006",
        "단지": "운현궁 에스케이 허브",
        "법정동": "경운동",
        "시군구": "종로구",
        "월": "7",
        "일": "28",
        "전용면적": "52.5",
        "지번": "89-4",
        "지역코드": "11110",
        "층": "7",
        "해제사유발생일": null,
        "해제여부": null
    },
    {
        "거래금액": "9,200",
        "건축년도": "2003",
        "년": "2006",
        "단지": "반도 보라 아이비 타워",
        "법정동": "효제동",
        "시군구": "종로구",
        "월": "7",
        "일": "7",
        "전용면적": "30.7",
        "지번": "45",
        "지역코드": "11110",
        "층": "6",
        "해제사유발생일": null,
        "해제여부": null
    },
    {
        "거래금액": "9,311",
        "건축년도": "2005",
        "년": "2006",
        "단지": "동양파라빌",
        "법정동": "숭인동",
        "시군구": "종로구",
        "월": "7",
        "일": "6",
        "전용면적": "27.09",
        "지번": "1388",
        "지역코드": "11110",
        "층": "5",
        "해제사유발생일": null,
        "해제여부": null
    },
    {
        "거래금액": "9,867",
        "건축년도": "2005",
        "년": "2006",
        "단지": "동양파라빌",
        "법정동": "숭인동",
        "시군구": "종로구",
        "월": "7",
        "일": "21",
        "전용면적": "24.93",
        "지번": "1388",
        "지역코드": "11110",
        "층": "10",
        "해제사유발생일": null,
        "해제여부": null
    },
    {
        "거래금액": "10,572",
        "건축년도": "2005",
        "년": "2006",
        "단지": "동양파라빌",
        "법정동": "숭인동",
        "시군구": "종로구",
        "월": "7",
        "일": "24",
        "전용면적": "27.09",
        "지번": "1388",
        "지역코드": "11110",
        "층": "14",
        "해제사유발생일": null,
        "해제여부": null
    },
    {
        "거래금액": "4,000",
        "건축년도": "1989",
        "년": "2006",
        "단지": "요진오피스텔쉐레이",
        "법정동": "구기동",
        "시군구": "종로구",
        "월": "7",
        "일": "24",
        "전용면적": "26.54",
        "지번": "110-1",
        "지역코드": "11110",
        "층": "7",
        "해제사유발생일": null,
        "해제여부": null
    }
]