[
    {
        "거래금액": "24,000",
        "건축년도": "1970",
        "년": "2006",
        "법정동": "충무로4가",
        "아파트": "진양상가",
        "월": "6",
        "일": "19",
        "전용면적": "71.93",
        "지번": "120-3",
        "지역코드": "11140",
        "층": "13",
        "해제사유발생일": null,
        "해제여부": null
    },
    {
        "거래금액": "25,000",
        "건축년도": "1970",
        "년": "2006",
        "법정동": "충무로4가",
        "아파트": "진양상가",
        "월": "6",
        "일": "19",
        "전용면적": "71.93",
        "지번": "120-3",
        "지역코드": "11140",
        "층": "16",
        "해제사유발생일": null,
        "해제여부": null
    },
    {
        "거래금액": "11,950",
        "건축년도": "1968",
        "년": "2006",
        "법정동": "인현동2가",
        "아파트": "신성상가",
        "월": "6",
        "일": "9",
        "전용면적": "49.22",
        "지번": "192-30",
        "지역코드": "11140",
        "층": "9",
        "해제사유발생일": null,
        "해제여부": null
    },
    {
        "거래금액": "11,950",
        "건축년도": "1968",
        "년": "2006",
        "법정동": "인현동2가",
        "아파트": "신성상가",
        "월": "6",
        "일": "22",
        "전용면적": "49.22",
        "지번": "192-30",
        "지역코드": "11140",
        "층": "9",
        "해제사유발생일": null,
        "해제여부": null
    },
    {
        "거래금액": "8,200",
        "건축년도": "1968",
        "년": "2006",
        "법정동": "인현동2가",
        "아파트": "신성상가",
        "월": "6",
        "일": "27",
        "전용면적": "40.83",
        "지번": "192-30",
        "지역코드": "11140",
        "층": "9",
        "해제사유발생일": null,
        "해제여부": null
    },
    {
        "거래금액": "4,900",
        "건축년도": "1981",
        "년": "2006",
        "법정동": "장충동2가",
        "아파트": "장충",
        "월": "6",
        "일": "8",
        "전용면적": "31.24",
        "지번": "193-29",
        "지역코드": "11140",
        "층": "5",
        "해제사유발생일": null,
        "해제여부": null
    },
    {
        "거래금액": "69,800",
        "건축년도": "2005",
        "년": "2006",
        "법정동": "신당동",
        "아파트": "남산정은스카이",
        "월": "6",
        "일": "1",
        "전용면적": "143.049",
        "지번": "366-126",
        "지역코드": "11140",
        "층": "9",
        "해제사유발생일": null,
        "해제여부": null
    },
    {
        "거래금액": "69,800",
        "건축년도": "2005",
        "년": "2006",
        "법정동": "신당동",
        "아파트": "남산정은스카이",
        "월": "6",
        "일": "1",
        "전용면적": "143.049",
        "지번": "366-126",
        "지역코드": "11140",
        "층": "10",
        "해제사유발생일": null,
        "해제여부": null
    },
    {
        "거래금액": "27,100",
        "건축년도": "2002",
        "년": "2006",
        "법정동": "신당동",
        "아파트": "남산타운",
        "월": "6",
        "일": "1",
        "전용면적": "59.94",
        "지번": "844",
        "지역코드": "11140",
        "층": "12",
        "해제사유발생일": null,
        "해제여부": null
    },
    {
        "거래금액": "20,750",
        "건축년도": "1999",
        "년": "2006",
        "법정동": "신당동",
        "아파트": "삼성",
        "월": "6",
        "일": "1",
        "전용면적": "59.98",
        "지번": "843",
        "지역코드": "11140",
        "층": "1",
        "해제사유발생일": null,
        "해제여부": null
    },
    {
        "거래금액": "50,000",
        "건축년도": "2002",
        "년": "2006",
        "법정동": "신당동",
        "아파트": "남산타운",
        "월": "6",
        "일": "1",
        "전용면적": "84.88",
        "지번": "844",
        "지역코드": "11140",
        "층": "9",
        "해제사유발생일": null,
        "해제여부": null
    },
    {
        "거래금액": "10,000",
        "건축년도": "2002",
        "년": "2006",
        "법정동": "신당동",
        "아파트": "글로리안(A)",
        "월": "6",
        "일": "4",
        "전용면적": "59.9",
        "지번": "432-986",
        "지역코드": "11140",
        "층": "2",
        "해제사유발생일": null,
        "해제여부": null
    },
    {
        "거래금액": "21,000",
        "건축년도": "2000",
        "년": "2006",
        "법정동": "신당동",
        "아파트": "신당동파라다이스",
        "월": "6",
        "일": "5",
        "전용면적": "59.9",
        "지번": "846",
        "지역코드": "11140",
        "층": "10",
        "해제사유발생일": null,
        "해제여부": null
    },
    {
        "거래금액": "45,400",
        "건축년도": "1993",
        "년": "2006",
        "법정동": "신당동",
        "아파트": "현대",
        "월": "6",
        "일": "5",
        "전용면적": "139.275",
        "지번": "840",
        "지역코드": "11140",
        "층": "13",
        "해제사유발생일": null,
        "해제여부": null
    },
    {
        "거래금액": "38,000",
        "건축년도": "1999",
        "년": "2006",
        "법정동": "신당동",
        "아파트": "삼성",
        "월": "6",
        "일": "5",
        "전용면적": "84.96",
        "지번": "843",
        "지역코드": "11140",
        "층": "15",
        "해제사유발생일": null,
        "해제여부": null
    },
    {
        "거래금액": "32,000",
        "건축년도": "1993",
        "년": "2006",
        "법정동": "신당동",
        "아파트": "현대",
        "월": "6",
        "일": "6",
        "전용면적": "79.11",
        "지번": "840",
        "지역코드": "11140",
        "층": "12",
        "해제사유발생일": null,
        "해제여부": null
    },
    {
        "거래금액": "27,500",
        "건축년도": "1999",
        "년": "2006",
        "법정동": "신당동",
        "아파트": "약수하이츠",
        "월": "6",
        "일": "6",
        "전용면적": "65.37",
        "지번": "842",
        "지역코드": "11140",
        "층": "9",
        "해제사유발생일": null,
        "해제여부": null
    },
    {
        "거래금액": "53,000",
        "건축년도": "2002",
        "년": "2006",
        "법정동": "신당동",
        "아파트": "남산타운",
        "월": "6",
        "일": "7",
        "전용면적": "84.88",
        "지번": "844",
        "지역코드": "11140",
        "층": "10",
        "해제사유발생일": null,
        "해제여부": null
    },
    {
        "거래금액": "26,000",
        "건축년도": "2002",
        "년": "2006",
        "법정동": "신당동",
        "아파트": "남산타운",
        "월": "6",
        "일": "7",
        "전용면적": "59.94",
        "지번": "844",
        "지역코드": "11140",
        "층": "5",
        "해제사유발생일": null,
        "해제여부": null
    },
    {
        "거래금액": "62,500",
        "건축년도": "1999",
        "년": "2006",
        "법정동": "신당동",
        "아파트": "약수하이츠",
        "월": "6",
        "일": "7",
        "전용면적": "114.92",
        "지번": "842",
        "지역코드": "11140",
        "층": "14",
        "해제사유발생일": null,
        "해제여부": null
    },
    {
        "거래금액": "41,800",
        "건축년도": "2006",
        "년": "2006",
        "법정동": "신당동",
        "아파트": "태원팰리스5차(432-1132)",
        "월": "6",
        "일": "8",
        "전용면적": "108.66",
        "지번": "432-1132",
        "지역코드": "11140",
        "층": "4",
        "해제사유발생일": null,
        "해제여부": null
    },
    {
        "거래금액": "28,000",
        "건축년도": "1993",
        "년": "2006",
        "법정동": "신당동",
        "아파트": "현대",
        "월": "6",
        "일": "10",
        "전용면적": "83.97",
        "지번": "840",
        "지역코드": "11140",
        "층": "10",
        "해제사유발생일": null,
        "해제여부": null
    },
    {
        "거래금액": "62,000",
        "건축년도": "1999",
        "년": "2006",
        "법정동": "신당동",
        "아파트": "약수하이츠",
        "월": "6",
        "일": "12",
        "전용면적": "114.92",
        "지번": "842",
        "지역코드": "11140",
        "층": "10",
        "해제사유발생일": null,
        "해제여부": null
    },
    {
        "거래금액": "28,000",
        "건축년도": "1993",
        "년": "2006",
        "법정동": "신당동",
        "아파트": "현대",
        "월": "6",
        "일": "13",
        "전용면적": "83.97",
        "지번": "840",
        "지역코드": "11140",
        "층": "11",
        "해제사유발생일": null,
        "해제여부": null
    },
    {
        "거래금액": "10,000",
        "건축년도": "2000",
        "년": "2006",
        "법정동": "신당동",
        "아파트": "푸른마을(432-921)",
        "월": "6",
        "일": "13",
        "전용면적": "59.8",
        "지번": "432-921",
        "지역코드": "11140",
        "층": "4",
        "해제사유발생일": null,
        "해제여부": null
    },
    {
        "거래금액": "24,400",
        "건축년도": "1993",
        "년": "2006",
        "법정동": "신당동",
        "아파트": "현대",
        "월": "6",
        "일": "14",
        "전용면적": "83.97",
        "지번": "840",
        "지역코드": "11140",
        "층": "1",
        "해제사유발생일": null,
        "해제여부": null
    },
    {
        "거래금액": "27,800",
        "건축년도": "1999",
        "년": "2006",
        "법정동": "신당동",
        "아파트": "약수하이츠",
        "월": "6",
        "일": "14",
        "전용면적": "65.37",
        "지번": "842",
        "지역코드": "11140",
        "층": "10",
        "해제사유발생일": null,
        "해제여부": null
    },
    {
        "거래금액": "62,000",
        "건축년도": "2005",
        "년": "2006",
        "법정동": "신당동",
        "아파트": "신당푸르지오",
        "월": "6",
        "일": "16",
        "전용면적": "145.1",
        "지번": "850",
        "지역코드": "11140",
        "층": "1",
        "해제사유발생일": null,
        "해제여부": null
    },
    {
        "거래금액": "36,800",
        "건축년도": "1999",
        "년": "2006",
        "법정동": "신당동",
        "아파트": "삼성",
        "월": "6",
        "일": "16",
        "전용면적": "84.96",
        "지번": "843",
        "지역코드": "11140",
        "층": "9",
        "해제사유발생일": null,
        "해제여부": null
    },
    {
        "거래금액": "49,000",
        "건축년도": "2002",
        "년": "2006",
        "법정동": "신당동",
        "아파트": "남산타운",
        "월": "6",
        "일": "16",
        "전용면적": "84.88",
        "지번": "844",
        "지역코드": "11140",
        "층": "8",
        "해제사유발생일": null,
        "해제여부": null
    },
    {
        "거래금액": "75,000",
        "건축년도": "2002",
        "년": "2006",
        "법정동": "신당동",
        "아파트": "남산타운",
        "월": "6",
        "일": "20",
        "전용면적": "114.88",
        "지번": "844",
        "지역코드": "11140",
        "층": "16",
        "해제사유발생일": null,
        "해제여부": null
    },
    {
        "거래금액": "94,500",
        "건축년도": "2002",
        "년": "2006",
        "법정동": "신당동",
        "아파트": "남산타운",
        "월": "6",
        "일": "21",
        "전용면적": "114.88",
        "지번": "844",
        "지역코드": "11140",
        "층": "8",
        "해제사유발생일": null,
        "해제여부": null
    },
    {
        "거래금액": "12,400",
        "건축년도": "2001",
        "년": "2006",
        "법정동": "신당동",
        "아파트": "신신(2차)",
        "월": "6",
        "일": "23",
        "전용면적": "59.98",
        "지번": "432-1957",
        "지역코드": "11140",
        "층": "3",
        "해제사유발생일": null,
        "해제여부": null
    },
    {
        "거래금액": "25,500",
        "건축년도": "2002",
        "년": "2006",
        "법정동": "신당동",
        "아파트": "남산타운",
        "월": "6",
        "일": "24",
        "전용면적": "59.94",
        "지번": "844",
        "지역코드": "11140",
        "층": "14",
        "해제사유발생일": null,
        "해제여부": null
    },
    {
        "거래금액": "63,000",
        "건축년도": "1999",
        "년": "2006",
        "법정동": "신당동",
        "아파트": "약수하이츠",
        "월": "6",
        "일": "26",
        "전용면적": "114.92",
        "지번": "842",
        "지역코드": "11140",
        "층": "7",
        "해제사유발생일": null,
        "해제여부": null
    },
    {
        "거래금액": "45,800",
        "건축년도": "2005",
        "년": "2006",
        "법정동": "신당동",
        "아파트": "신당푸르지오",
        "월": "6",
        "일": "26",
        "전용면적": "84.39",
        "지번": "850",
        "지역코드": "11140",
        "층": "8",
        "해제사유발생일": null,
        "해제여부": null
    },
    {
        "거래금액": "53,800",
        "건축년도": "2002",
        "년": "2006",
        "법정동": "신당동",
        "아파트": "남산타운",
        "월": "6",
        "일": "27",
        "전용면적": "84.88",
        "지번": "844",
        "지역코드": "11140",
        "층": "12",
        "해제사유발생일": null,
        "해제여부": null
    },
    {
        "거래금액": "50,000",
        "건축년도": "2002",
        "년": "2006",
        "법정동": "신당동",
        "아파트": "남산타운",
        "월": "6",
        "일": "28",
        "전용면적": "84.88",
        "지번": "844",
        "지역코드": "11140",
        "층": "10",
        "해제사유발생일": null,
        "해제여부": null
    },
    {
        "거래금액": "52,000",
        "건축년도": "1999",
        "년": "2006",
        "법정동": "신당동",
        "아파트": "삼성",
        "월": "6",
        "일": "28",
        "전용면적": "114.91",
        "지번": "843",
        "지역코드": "11140",
        "층": "15",
        "해제사유발생일": null,
        "해제여부": null
    },
    {
        "거래금액": "38,000",
        "건축년도": "1999",
        "년": "2006",
        "법정동": "신당동",
        "아파트": "삼성",
        "월": "6",
        "일": "29",
        "전용면적": "84.96",
        "지번": "843",
        "지역코드": "11140",
        "층": "15",
        "해제사유발생일": null,
        "해제여부": null
    },
    {
        "거래금액": "18,000",
        "건축년도": "2002",
        "년": "2006",
        "법정동": "신당동",
        "아파트": "대성드림",
        "월": "6",
        "일": "29",
        "전용면적": "83.79",
        "지번": "290-52",
        "지역코드": "11140",
        "층": "1",
        "해제사유발생일": null,
        "해제여부": null
    },
    {
        "거래금액": "26,000",
        "건축년도": "1999",
        "년": "2006",
        "법정동": "신당동",
        "아파트": "삼성",
        "월": "6",
        "일": "30",
        "전용면적": "59.98",
        "지번": "843",
        "지역코드": "11140",
        "층": "19",
        "해제사유발생일": null,
        "해제여부": null
    },
    {
        "거래금액": "29,500",
        "건축년도": "2003",
        "년": "2006",
        "법정동": "황학동",
        "아파트": "중구리버빌",
        "월": "6",
        "일": "14",
        "전용면적": "107.76",
        "지번": "981",
        "지역코드": "11140",
        "층": "3",
        "해제사유발생일": null,
        "해제여부": null
    },
    {
        "거래금액": "39,500",
        "건축년도": "2001",
        "년": "2006",
        "법정동": "중림동",
        "아파트": "삼성사이버빌리지",
        "월": "6",
        "일": "13",
        "전용면적": "84.93",
        "지번": "200",
        "지역코드": "11140",
        "층": "2",
        "해제사유발생일": null,
        "해제여부": null
    },
    {
        "거래금액": "29,000",
        "건축년도": "2001",
        "년": "2006",
        "법정동": "중림동",
        "아파트": "삼성사이버빌리지",
        "월": "6",
        "일": "21",
        "전용면적": "59.7",
        "지번": "200",
        "지역코드": "11140",
        "층": "5",
        "해제사유발생일": null,
        "해제여부": null
    },
    {
        "거래금액": "43,000",
        "건축년도": "2001",
        "년": "2006",
        "법정동": "중림동",
        "아파트": "삼성사이버빌리지",
        "월": "6",
        "일": "22",
        "전용면적": "84.95",
        "지번": "200",
        "지역코드": "11140",
        "층": "2",
        "해제사유발생일": null,
        "해제여부": null
    },
    {
        "거래금액": "59,000",
        "건축년도": "2000",
        "년": "2006",
        "법정동": "청운동",
        "아파트": "청운현대",
        "월": "6",
        "일": "28",
        "전용면적": "103.67",
        "지번": "56-45",
        "지역코드": "11110",
        "층": "3",
        "해제사유발생일": null,
        "해제여부": null
    },
    {
        "거래금액": "22,500",
        "건축년도": "1971",
        "년": "2006",
        "법정동": "옥인동",
        "아파트": "옥인시민",
        "월": "6",
        "일": "29",
        "전용면적": "59.5",
        "지번": "179-3",
        "지역코드": "11110",
        "층": "3",
        "해제사유발생일": null,
        "해제여부": null
    },
    {
        "거래금액": "25,900",
        "건축년도": "2005",
        "년": "2006",
        "법정동": "수송동",
        "아파트": "로얄팰리스스위트",
        "월": "6",
        "일": "9",
        "전용면적": "40.07",
        "지번": "85",
        "지역코드": "11110",
        "층": "17",
        "해제사유발생일": null,
        "해제여부": null
    },
    {
        "거래금액": "15,000",
        "건축년도": "1968",
        "년": "2006",
        "법정동": "낙원동",
        "아파트": "낙원",
        "월": "6",
        "일": "2",
        "전용면적": "70.61",
        "지번": "288",
        "지역코드": "11110",
        "층": "15",
        "해제사유발생일": null,
        "해제여부": null
    },
    {
        "거래금액": "46,500",
        "건축년도": "1995",
        "년": "2006",
        "법정동": "명륜2가",
        "아파트": "아남1",
        "월": "6",
        "일": "19",
        "전용면적": "84.9",
        "지번": "4",
        "지역코드": "11110",
        "층": "10",
        "해제사유발생일": null,
        "해제여부": null
    },
    {
        "거래금액": "43,000",
        "건축년도": "1995",
        "년": "2006",
        "법정동": "명륜2가",
        "아파트": "아남1",
        "월": "6",
        "일": "19",
        "전용면적": "84.9",
        "지번": "4",
        "지역코드": "11110",
        "층": "12",
        "해제사유발생일": null,
        "해제여부": null
    },
    {
        "거래금액": "15,000",
        "건축년도": "2002",
        "년": "2006",
        "법정동": "창신동",
        "아파트": "MID그린(2동)",
        "월": "6",
        "일": "2",
        "전용면적": "59.47",
        "지번": "601-1",
        "지역코드": "11110",
        "층": "5",
        "해제사유발생일": null,
        "해제여부": null
    },
    {
        "거래금액": "45,000",
        "건축년도": "2003",
        "년": "2006",
        "법정동": "창신동",
        "아파트": "창신이수",
        "월": "6",
        "일": "3",
        "전용면적": "120.84",
        "지번": "23-816",
        "지역코드": "11110",
        "층": "14",
        "해제사유발생일": null,
        "해제여부": null
    },
    {
        "거래금액": "16,000",
        "건축년도": "1992",
        "년": "2006",
        "법정동": "창신동",
        "아파트": "창신쌍용1",
        "월": "6",
        "일": "5",
        "전용면적": "54.7",
        "지번": "702",
        "지역코드": "11110",
        "층": "4",
        "해제사유발생일": null,
        "해제여부": null
    },
    {
        "거래금액": "34,500",
        "건축년도": "1993",
        "년": "2006",
        "법정동": "창신동",
        "아파트": "창신쌍용2",
        "월": "6",
        "일": "6",
        "전용면적": "115.53",
        "지번": "703",
        "지역코드": "11110",
        "층": "10",
        "해제사유발생일": null,
        "해제여부": null
    },
    {
        "거래금액": "16,000",
        "건축년도": "2002",
        "년": "2006",
        "법정동": "창신동",
        "아파트": "MID그린(4동)",
        "월": "6",
        "일": "7",
        "전용면적": "59.55",
        "지번": "601-5",
        "지역코드": "11110",
        "층": "8",
        "해제사유발생일": null,
        "해제여부": null
    },
    {
        "거래금액": "16,000",
        "건축년도": "1993",
        "년": "2006",
        "법정동": "창신동",
        "아파트": "창신쌍용2",
        "월": "6",
        "일": "8",
        "전용면적": "64.66",
        "지번": "703",
        "지역코드": "11110",
        "층": "9",
        "해제사유발생일": null,
        "해제여부": null
    },
    {
        "거래금액": "20,500",
        "건축년도": "1968",
        "년": "2006",
        "법정동": "창신동",
        "아파트": "동대문상가",
        "월": "6",
        "일": "8",
        "전용면적": "48.99",
        "지번": "436-64",
        "지역코드": "11110",
        "층": "5",
        "해제사유발생일": null,
        "해제여부": null
    },
    {
        "거래금액": "31,000",
        "건축년도": "1992",
        "년": "2006",
        "법정동": "창신동",
        "아파트": "창신쌍용1",
        "월": "6",
        "일": "8",
        "전용면적": "106.62",
        "지번": "702",
        "지역코드": "11110",
        "층": "7",
        "해제사유발생일": null,
        "해제여부": null
    },
    {
        "거래금액": "12,400",
        "건축년도": "2002",
        "년": "2006",
        "법정동": "창신동",
        "아파트": "그린",
        "월": "6",
        "일": "10",
        "전용면적": "45.27",
        "지번": "23-326",
        "지역코드": "11110",
        "층": "4",
        "해제사유발생일": null,
        "해제여부": null
    },
    {
        "거래금액": "15,800",
        "건축년도": "2002",
        "년": "2006",
        "법정동": "창신동",
        "아파트": "MID그린(2동)",
        "월": "6",
        "일": "11",
        "전용면적": "59.26",
        "지번": "601-1",
        "지역코드": "11110",
        "층": "4",
        "해제사유발생일": null,
        "해제여부": null
    },
    {
        "거래금액": "15,000",
        "건축년도": "2002",
        "년": "2006",
        "법정동": "창신동",
        "아파트": "MID그린(4동)",
        "월": "6",
        "일": "12",
        "전용면적": "59.55",
        "지번": "601-5",
        "지역코드": "11110",
        "층": "2",
        "해제사유발생일": null,
        "해제여부": null
    },
    {
        "거래금액": "24,300",
        "건축년도": "1999",
        "년": "2006",
        "법정동": "창신동",
        "아파트": "두산",
        "월": "6",
        "일": "16",
        "전용면적": "59.95",
        "지번": "232",
        "지역코드": "11110",
        "층": "10",
        "해제사유발생일": null,
        "해제여부": null
    },
    {
        "거래금액": "21,000",
        "건축년도": "1968",
        "년": "2006",
        "법정동": "창신동",
        "아파트": "동대문상가",
        "월": "6",
        "일": "17",
        "전용면적": "40.87",
        "지번": "436-64",
        "지역코드": "11110",
        "층": "5",
        "해제사유발생일": null,
        "해제여부": null
    },
    {
        "거래금액": "20,000",
        "건축년도": "1968",
        "년": "2006",
        "법정동": "창신동",
        "아파트": "동대문상가",
        "월": "6",
        "일": "19",
        "전용면적": "40.87",
        "지번": "436-64",
        "지역코드": "11110",
        "층": "4",
        "해제사유발생일": null,
        "해제여부": null
    },
    {
        "거래금액": "31,000",
        "건축년도": "1993",
        "년": "2006",
        "법정동": "창신동",
        "아파트": "창신쌍용2",
        "월": "6",
        "일": "21",
        "전용면적": "106.62",
        "지번": "703",
        "지역코드": "11110",
        "층": "4",
        "해제사유발생일": null,
        "해제여부": null
    },
    {
        "거래금액": "40,500",
        "건축년도": "1999",
        "년": "2006",
        "법정동": "창신동",
        "아파트": "두산",
        "월": "6",
        "일": "23",
        "전용면적": "84.9",
        "지번": "232",
        "지역코드": "11110",
        "층": "7",
        "해제사유발생일": null,
        "해제여부": null
    },
    {
        "거래금액": "15,500",
        "건축년도": "1993",
        "년": "2006",
        "법정동": "창신동",
        "아파트": "창신쌍용2",
        "월": "6",
        "일": "24",
        "전용면적": "64.66",
        "지번": "703",
        "지역코드": "11110",
        "층": "10",
        "해제사유발생일": null,
        "해제여부": null
    },
    {
        "거래금액": "22,850",
        "건축년도": "1992",
        "년": "2006",
        "법정동": "창신동",
        "아파트": "창신쌍용1",
        "월": "6",
        "일": "26",
        "전용면적": "79.87",
        "지번": "702",
        "지역코드": "11110",
        "층": "6",
        "해제사유발생일": null,
        "해제여부": null
    },
    {
        "거래금액": "31,000",
        "건축년도": "1993",
        "년": "2006",
        "법정동": "창신동",
        "아파트": "창신쌍용2",
        "월": "6",
        "일": "26",
        "전용면적": "106.62",
        "지번": "703",
        "지역코드": "11110",
        "층": "12",
        "해제사유발생일": null,
        "해제여부": null
    },
    {
        "거래금액": "15,750",
        "건축년도": "2002",
        "년": "2006",
        "법정동": "창신동",
        "아파트": "일우",
        "월": "6",
        "일": "26",
        "전용면적": "59.3",
        "지번": "602",
        "지역코드": "11110",
        "층": "6",
        "해제사유발생일": null,
        "해제여부": null
    },
    {
        "거래금액": "15,200",
        "건축년도": "2002",
        "년": "2006",
        "법정동": "창신동",
        "아파트": "MID그린(2동)",
        "월": "6",
        "일": "29",
        "전용면적": "54.72",
        "지번": "601-1",
        "지역코드": "11110",
        "층": "5",
        "해제사유발생일": null,
        "해제여부": null
    },
    {
        "거래금액": "20,300",
        "건축년도": "1998",
        "년": "2006",
        "법정동": "평창동",
        "아파트": "삼성",
        "월": "6",
        "일": "3",
        "전용면적": "84.93",
        "지번": "596",
        "지역코드": "11110",
        "층": "1",
        "해제사유발생일": null,
        "해제여부": null
    },
    {
        "거래금액": "65,000",
        "건축년도": "2003",
        "년": "2006",
        "법정동": "평창동",
        "아파트": "크래스빌",
        "월": "6",
        "일": "10",
        "전용면적": "175.81",
        "지번": "46-1",
        "지역코드": "11110",
        "층": "4",
        "해제사유발생일": null,
        "해제여부": null
    },
    {
        "거래금액": "37,000",
        "건축년도": "2005",
        "년": "2006",
        "법정동": "평창동",
        "아파트": "형우럭스빌(33-1)",
        "월": "6",
        "일": "19",
        "전용면적": "103.07",
        "지번": "33-1",
        "지역코드": "11110",
        "층": "5",
        "해제사유발생일": null,
        "해제여부": null
    },
    {
        "거래금액": "36,000",
        "건축년도": "2005",
        "년": "2006",
        "법정동": "평창동",
        "아파트": "형우럭스빌(33-1)",
        "월": "6",
        "일": "19",
        "전용면적": "103.07",
        "지번": "33-1",
        "지역코드": "11110",
        "층": "4",
        "해제사유발생일": null,
        "해제여부": null
    },
    {
        "거래금액": "6,000",
        "건축년도": "1997",
        "년": "2006",
        "법정동": "평창동",
        "아파트": "갑을",
        "월": "6",
        "일": "20",
        "전용면적": "30.55",
        "지번": "595",
        "지역코드": "11110",
        "층": "13",
        "해제사유발생일": null,
        "해제여부": null
    },
    {
        "거래금액": "38,900",
        "건축년도": "2000",
        "년": "2006",
        "법정동": "무악동",
        "아파트": "현대",
        "월": "6",
        "일": "10",
        "전용면적": "84.92",
        "지번": "82",
        "지역코드": "11110",
        "층": "3",
        "해제사유발생일": null,
        "해제여부": null
    },
    {
        "거래금액": "40,000",
        "건축년도": "2000",
        "년": "2006",
        "법정동": "무악동",
        "아파트": "현대",
        "월": "6",
        "일": "12",
        "전용면적": "84.92",
        "지번": "82",
        "지역코드": "11110",
        "층": "3",
        "해제사유발생일": null,
        "해제여부": null
    },
    {
        "거래금액": "22,800",
        "건축년도": "2000",
        "년": "2006",
        "법정동": "무악동",
        "아파트": "현대",
        "월": "6",
        "일": "12",
        "전용면적": "60",
        "지번": "82",
        "지역코드": "11110",
        "층": "4",
        "해제사유발생일": null,
        "해제여부": null
    },
    {
        "거래금액": "43,300",
        "건축년도": "2000",
        "년": "2006",
        "법정동": "무악동",
        "아파트": "현대",
        "월": "6",
        "일": "22",
        "전용면적": "84.92",
        "지번": "82",
        "지역코드": "11110",
        "층": "15",
        "해제사유발생일": null,
        "해제여부": null
    },
    {
        "거래금액": "38,500",
        "건축년도": "2000",
        "년": "2006",
        "법정동": "무악동",
        "아파트": "현대",
        "월": "6",
        "일": "27",
        "전용면적": "84.92",
        "지번": "82",
        "지역코드": "11110",
        "층": "9",
        "해제사유발생일": null,
        "해제여부": null
    }
]