[
    {
        "거래금액": "15,000",
        "건축년도": "1991",
        "년": "2006",
        "대지권면적": "60.32",
        "법정동": "장충동1가",
        "연립다세대": "퍼시픽하우스(37-31)",
        "월": "6",
        "일": "29",
        "전용면적": "84.39",
        "지번": "37-31",
        "지역코드": "11140",
        "층": "3",
        "해제사유발생일": null,
        "해제여부": null
    },
    {
        "거래금액": "18,200",
        "건축년도": "2000",
        "년": "2006",
        "대지권면적": "35.06",
        "법정동": "신당동",
        "연립다세대": "대찬빌라",
        "월": "6",
        "일": "7",
        "전용면적": "74.42",
        "지번": "333-121",
        "지역코드": "11140",
        "층": "4",
        "해제사유발생일": null,
        "해제여부": null
    },
    {
        "거래금액": "18,950",
        "건축년도": "2003",
        "년": "2006",
        "대지권면적": "30.79",
        "법정동": "신당동",
        "연립다세대": "청운하이츠16차",
        "월": "6",
        "일": "15",
        "전용면적": "66.38",
        "지번": "419-6",
        "지역코드": "11140",
        "층": "3",
        "해제사유발생일": null,
        "해제여부": null
    },
    {
        "거래금액": "7,200",
        "건축년도": "2002",
        "년": "2006",
        "대지권면적": "18.68",
        "법정동": "신당동",
        "연립다세대": "각산타운 5차",
        "월": "6",
        "일": "21",
        "전용면적": "51.32",
        "지번": "432-2809",
        "지역코드": "11140",
        "층": "2",
        "해제사유발생일": null,
        "해제여부": null
    },
    {
        "거래금액": "12,200",
        "건축년도": "1993",
        "년": "2006",
        "대지권면적": "27.43",
        "법정동": "신당동",
        "연립다세대": "양우빌리지",
        "월": "6",
        "일": "22",
        "전용면적": "46.26",
        "지번": "165-52",
        "지역코드": "11140",
        "층": "2",
        "해제사유발생일": null,
        "해제여부": null
    },
    {
        "거래금액": "23,100",
        "건축년도": "2003",
        "년": "2006",
        "대지권면적": "37.05",
        "법정동": "신당동",
        "연립다세대": "뉴타운빌A",
        "월": "6",
        "일": "26",
        "전용면적": "75.68",
        "지번": "424-4",
        "지역코드": "11140",
        "층": "2",
        "해제사유발생일": null,
        "해제여부": null
    },
    {
        "거래금액": "12,800",
        "건축년도": "2000",
        "년": "2006",
        "대지권면적": "25.48",
        "법정동": "신당동",
        "연립다세대": "토토빌리지 4차",
        "월": "6",
        "일": "28",
        "전용면적": "58.34",
        "지번": "432-419",
        "지역코드": "11140",
        "층": "2",
        "해제사유발생일": null,
        "해제여부": null
    },
    {
        "거래금액": "18,000",
        "건축년도": "2002",
        "년": "2006",
        "대지권면적": "40.22",
        "법정동": "신당동",
        "연립다세대": "도현블랑빌3차 나동",
        "월": "6",
        "일": "28",
        "전용면적": "80.78",
        "지번": "432-1643",
        "지역코드": "11140",
        "층": "1",
        "해제사유발생일": null,
        "해제여부": null
    },
    {
        "거래금액": "11,000",
        "건축년도": "1992",
        "년": "2006",
        "대지권면적": "28.19",
        "법정동": "신당동",
        "연립다세대": "에덴빌라 B동",
        "월": "6",
        "일": "28",
        "전용면적": "56.08",
        "지번": "349-135",
        "지역코드": "11140",
        "층": "3",
        "해제사유발생일": null,
        "해제여부": null
    },
    {
        "거래금액": "32,000",
        "건축년도": "1993",
        "년": "2006",
        "대지권면적": "94.1",
        "법정동": "중림동",
        "연립다세대": "(398-17)",
        "월": "6",
        "일": "12",
        "전용면적": "127.32",
        "지번": "398-17",
        "지역코드": "11140",
        "층": "3",
        "해제사유발생일": null,
        "해제여부": null
    },
    {
        "거래금액": "9,000",
        "건축년도": "1995",
        "년": "2006",
        "대지권면적": "26",
        "법정동": "만리동1가",
        "연립다세대": "덕원하이츠빌라",
        "월": "6",
        "일": "26",
        "전용면적": "41.99",
        "지번": "56-4",
        "지역코드": "11140",
        "층": "1",
        "해제사유발생일": null,
        "해제여부": null
    },
    {
        "거래금액": "90,000",
        "건축년도": "2001",
        "년": "2006",
        "대지권면적": "142.04",
        "법정동": "신교동",
        "연립다세대": "유니온빌",
        "월": "6",
        "일": "13",
        "전용면적": "244.42",
        "지번": "6-22",
        "지역코드": "11110",
        "층": "4",
        "해제사유발생일": null,
        "해제여부": null
    },
    {
        "거래금액": "14,000",
        "건축년도": "2001",
        "년": "2006",
        "대지권면적": "24.39",
        "법정동": "누상동",
        "연립다세대": "인왕5차넥스빌",
        "월": "6",
        "일": "1",
        "전용면적": "59.85",
        "지번": "166-169",
        "지역코드": "11110",
        "층": "4",
        "해제사유발생일": null,
        "해제여부": null
    },
    {
        "거래금액": "16,500",
        "건축년도": "2001",
        "년": "2006",
        "대지권면적": "31.6",
        "법정동": "누상동",
        "연립다세대": "코디골드빌103동",
        "월": "6",
        "일": "2",
        "전용면적": "70.4",
        "지번": "114-2",
        "지역코드": "11110",
        "층": "4",
        "해제사유발생일": null,
        "해제여부": null
    },
    {
        "거래금액": "17,000",
        "건축년도": "2004",
        "년": "2006",
        "대지권면적": "28.09",
        "법정동": "누상동",
        "연립다세대": "E HAUS",
        "월": "6",
        "일": "20",
        "전용면적": "69.28",
        "지번": "67",
        "지역코드": "11110",
        "층": "4",
        "해제사유발생일": null,
        "해제여부": null
    },
    {
        "거래금액": "8,600",
        "건축년도": "2000",
        "년": "2006",
        "대지권면적": "14.94",
        "법정동": "누상동",
        "연립다세대": "인왕넥스빌2차",
        "월": "6",
        "일": "25",
        "전용면적": "47.37",
        "지번": "166-66",
        "지역코드": "11110",
        "층": "1",
        "해제사유발생일": null,
        "해제여부": null
    },
    {
        "거래금액": "8,900",
        "건축년도": "2000",
        "년": "2006",
        "대지권면적": "15.47",
        "법정동": "누상동",
        "연립다세대": "인왕넥스빌2차",
        "월": "6",
        "일": "25",
        "전용면적": "49.05",
        "지번": "166-66",
        "지역코드": "11110",
        "층": "1",
        "해제사유발생일": null,
        "해제여부": null
    },
    {
        "거래금액": "13,570",
        "건축년도": "1980",
        "년": "2006",
        "대지권면적": "53.2",
        "법정동": "옥인동",
        "연립다세대": "옥인",
        "월": "6",
        "일": "7",
        "전용면적": "59.23",
        "지번": "183-1",
        "지역코드": "11110",
        "층": "1",
        "해제사유발생일": null,
        "해제여부": null
    },
    {
        "거래금액": "26,000",
        "건축년도": "1993",
        "년": "2006",
        "대지권면적": "37.94",
        "법정동": "사직동",
        "연립다세대": "반석빌라",
        "월": "6",
        "일": "23",
        "전용면적": "72.18",
        "지번": "311-15",
        "지역코드": "11110",
        "층": "2",
        "해제사유발생일": null,
        "해제여부": null
    },
    {
        "거래금액": "14,500",
        "건축년도": "1980",
        "년": "2006",
        "대지권면적": "92.56",
        "법정동": "사직동",
        "연립다세대": "(262-140)",
        "월": "6",
        "일": "27",
        "전용면적": "79.96",
        "지번": "262-140",
        "지역코드": "11110",
        "층": "2",
        "해제사유발생일": null,
        "해제여부": null
    },
    {
        "거래금액": "3,000",
        "건축년도": "1996",
        "년": "2006",
        "대지권면적": "14.05",
        "법정동": "동숭동",
        "연립다세대": "(4-100)",
        "월": "6",
        "일": "15",
        "전용면적": "26.69",
        "지번": "4-100",
        "지역코드": "11110",
        "층": "1",
        "해제사유발생일": null,
        "해제여부": null
    },
    {
        "거래금액": "3,000",
        "건축년도": "1996",
        "년": "2006",
        "대지권면적": "14.05",
        "법정동": "동숭동",
        "연립다세대": "(4-100)",
        "월": "6",
        "일": "15",
        "전용면적": "26.69",
        "지번": "4-100",
        "지역코드": "11110",
        "층": "2",
        "해제사유발생일": null,
        "해제여부": null
    },
    {
        "거래금액": "3,000",
        "건축년도": "1996",
        "년": "2006",
        "대지권면적": "14.05",
        "법정동": "동숭동",
        "연립다세대": "(4-100)",
        "월": "6",
        "일": "15",
        "전용면적": "26.69",
        "지번": "4-100",
        "지역코드": "11110",
        "층": "4",
        "해제사유발생일": null,
        "해제여부": null
    },
    {
        "거래금액": "3,000",
        "건축년도": "1996",
        "년": "2006",
        "대지권면적": "14.05",
        "법정동": "동숭동",
        "연립다세대": "(4-100)",
        "월": "6",
        "일": "15",
        "전용면적": "26.69",
        "지번": "4-100",
        "지역코드": "11110",
        "층": "3",
        "해제사유발생일": null,
        "해제여부": null
    },
    {
        "거래금액": "11,000",
        "건축년도": "1994",
        "년": "2006",
        "대지권면적": "26.3",
        "법정동": "혜화동",
        "연립다세대": "(26-39)",
        "월": "6",
        "일": "10",
        "전용면적": "44.91",
        "지번": "26-39",
        "지역코드": "11110",
        "층": "3",
        "해제사유발생일": null,
        "해제여부": null
    },
    {
        "거래금액": "13,000",
        "건축년도": "2004",
        "년": "2006",
        "대지권면적": "31.813",
        "법정동": "혜화동",
        "연립다세대": "우성빌라",
        "월": "6",
        "일": "24",
        "전용면적": "65.49",
        "지번": "6-12",
        "지역코드": "11110",
        "층": "2",
        "해제사유발생일": null,
        "해제여부": null
    },
    {
        "거래금액": "12,400",
        "건축년도": "2003",
        "년": "2006",
        "대지권면적": "24.22",
        "법정동": "명륜1가",
        "연립다세대": "블루맨션",
        "월": "6",
        "일": "4",
        "전용면적": "47.58",
        "지번": "33-61",
        "지역코드": "11110",
        "층": "4",
        "해제사유발생일": null,
        "해제여부": null
    },
    {
        "거래금액": "18,200",
        "건축년도": "1998",
        "년": "2006",
        "대지권면적": "35.7",
        "법정동": "명륜1가",
        "연립다세대": "대보하이츠",
        "월": "6",
        "일": "5",
        "전용면적": "84.28",
        "지번": "29-4",
        "지역코드": "11110",
        "층": "2",
        "해제사유발생일": null,
        "해제여부": null
    },
    {
        "거래금액": "10,300",
        "건축년도": "1995",
        "년": "2006",
        "대지권면적": "23.75",
        "법정동": "명륜1가",
        "연립다세대": "(5-46)",
        "월": "6",
        "일": "6",
        "전용면적": "59.78",
        "지번": "5-46",
        "지역코드": "11110",
        "층": "2",
        "해제사유발생일": null,
        "해제여부": null
    },
    {
        "거래금액": "6,700",
        "건축년도": "1995",
        "년": "2006",
        "대지권면적": "14.06",
        "법정동": "명륜1가",
        "연립다세대": "대명빌라트",
        "월": "6",
        "일": "9",
        "전용면적": "45.35",
        "지번": "5-105",
        "지역코드": "11110",
        "층": "-1",
        "해제사유발생일": null,
        "해제여부": null
    },
    {
        "거래금액": "18,000",
        "건축년도": "1997",
        "년": "2006",
        "대지권면적": "41.06",
        "법정동": "명륜1가",
        "연립다세대": "대보하이츠빌라",
        "월": "6",
        "일": "29",
        "전용면적": "71.37",
        "지번": "81",
        "지역코드": "11110",
        "층": "4",
        "해제사유발생일": null,
        "해제여부": null
    },
    {
        "거래금액": "14,000",
        "건축년도": "1996",
        "년": "2006",
        "대지권면적": "37.236",
        "법정동": "명륜2가",
        "연립다세대": "대보빌라6차",
        "월": "6",
        "일": "20",
        "전용면적": "76.96",
        "지번": "90-2",
        "지역코드": "11110",
        "층": "4",
        "해제사유발생일": null,
        "해제여부": null
    },
    {
        "거래금액": "10,000",
        "건축년도": "2002",
        "년": "2006",
        "대지권면적": "33.26",
        "법정동": "명륜4가",
        "연립다세대": "(154-17)",
        "월": "6",
        "일": "3",
        "전용면적": "48.8",
        "지번": "154-17",
        "지역코드": "11110",
        "층": "3",
        "해제사유발생일": null,
        "해제여부": null
    },
    {
        "거래금액": "10,000",
        "건축년도": "2002",
        "년": "2006",
        "대지권면적": "33.26",
        "법정동": "명륜4가",
        "연립다세대": "(154-17)",
        "월": "6",
        "일": "3",
        "전용면적": "48.8",
        "지번": "154-17",
        "지역코드": "11110",
        "층": "2",
        "해제사유발생일": null,
        "해제여부": null
    },
    {
        "거래금액": "10,000",
        "건축년도": "2002",
        "년": "2006",
        "대지권면적": "21.02",
        "법정동": "명륜4가",
        "연립다세대": "(154-17)",
        "월": "6",
        "일": "3",
        "전용면적": "30.84",
        "지번": "154-17",
        "지역코드": "11110",
        "층": "4",
        "해제사유발생일": null,
        "해제여부": null
    },
    {
        "거래금액": "12,000",
        "건축년도": "2002",
        "년": "2006",
        "대지권면적": "15.83",
        "법정동": "창신동",
        "연립다세대": "(640-60)",
        "월": "6",
        "일": "5",
        "전용면적": "37.74",
        "지번": "640-60",
        "지역코드": "11110",
        "층": "1",
        "해제사유발생일": null,
        "해제여부": null
    },
    {
        "거래금액": "11,500",
        "건축년도": "2000",
        "년": "2006",
        "대지권면적": "18.38",
        "법정동": "창신동",
        "연립다세대": "(629-7)",
        "월": "6",
        "일": "5",
        "전용면적": "50.74",
        "지번": "629-7",
        "지역코드": "11110",
        "층": "3",
        "해제사유발생일": null,
        "해제여부": null
    },
    {
        "거래금액": "20,000",
        "건축년도": "2001",
        "년": "2006",
        "대지권면적": "29.48",
        "법정동": "숭인동",
        "연립다세대": "세원아트빌A동",
        "월": "6",
        "일": "12",
        "전용면적": "79.9",
        "지번": "814",
        "지역코드": "11110",
        "층": "-1",
        "해제사유발생일": null,
        "해제여부": null
    },
    {
        "거래금액": "16,000",
        "건축년도": "2001",
        "년": "2006",
        "대지권면적": "23.22",
        "법정동": "숭인동",
        "연립다세대": "세원아트빌A동",
        "월": "6",
        "일": "17",
        "전용면적": "62.92",
        "지번": "814",
        "지역코드": "11110",
        "층": "2",
        "해제사유발생일": null,
        "해제여부": null
    },
    {
        "거래금액": "15,000",
        "건축년도": "2001",
        "년": "2006",
        "대지권면적": "20.74",
        "법정동": "숭인동",
        "연립다세대": "월드팰리스",
        "월": "6",
        "일": "20",
        "전용면적": "59.96",
        "지번": "811",
        "지역코드": "11110",
        "층": "4",
        "해제사유발생일": null,
        "해제여부": null
    },
    {
        "거래금액": "15,000",
        "건축년도": "2001",
        "년": "2006",
        "대지권면적": "20.66",
        "법정동": "숭인동",
        "연립다세대": "월드팰리스",
        "월": "6",
        "일": "20",
        "전용면적": "59.73",
        "지번": "811",
        "지역코드": "11110",
        "층": "4",
        "해제사유발생일": null,
        "해제여부": null
    },
    {
        "거래금액": "15,850",
        "건축년도": "2001",
        "년": "2006",
        "대지권면적": "32.199",
        "법정동": "숭인동",
        "연립다세대": "한서파래스",
        "월": "6",
        "일": "23",
        "전용면적": "84.78",
        "지번": "847",
        "지역코드": "11110",
        "층": "1",
        "해제사유발생일": null,
        "해제여부": null
    },
    {
        "거래금액": "9,500",
        "건축년도": "2002",
        "년": "2006",
        "대지권면적": "22.41",
        "법정동": "숭인동",
        "연립다세대": "한서아트빌B",
        "월": "6",
        "일": "30",
        "전용면적": "59.52",
        "지번": "649",
        "지역코드": "11110",
        "층": "2",
        "해제사유발생일": null,
        "해제여부": null
    },
    {
        "거래금액": "40,100",
        "건축년도": "2003",
        "년": "2006",
        "대지권면적": "45.84",
        "법정동": "평동",
        "연립다세대": "마루빌",
        "월": "6",
        "일": "24",
        "전용면적": "72.33",
        "지번": "21-1",
        "지역코드": "11110",
        "층": "3",
        "해제사유발생일": null,
        "해제여부": null
    },
    {
        "거래금액": "13,000",
        "건축년도": "1996",
        "년": "2006",
        "대지권면적": "10.96",
        "법정동": "홍파동",
        "연립다세대": "동일빌라",
        "월": "6",
        "일": "28",
        "전용면적": "21.29",
        "지번": "153-3",
        "지역코드": "11110",
        "층": "2",
        "해제사유발생일": null,
        "해제여부": null
    },
    {
        "거래금액": "18,500",
        "건축년도": "2006",
        "년": "2006",
        "대지권면적": "29",
        "법정동": "행촌동",
        "연립다세대": "블렌하임빌리지(210-655)",
        "월": "6",
        "일": "8",
        "전용면적": "71.26",
        "지번": "210-655",
        "지역코드": "11110",
        "층": "2",
        "해제사유발생일": null,
        "해제여부": null
    },
    {
        "거래금액": "12,000",
        "건축년도": "2001",
        "년": "2006",
        "대지권면적": "23.69",
        "법정동": "행촌동",
        "연립다세대": "성우빌라C동",
        "월": "6",
        "일": "21",
        "전용면적": "59.31",
        "지번": "171-135",
        "지역코드": "11110",
        "층": "2",
        "해제사유발생일": null,
        "해제여부": null
    },
    {
        "거래금액": "13,000",
        "건축년도": "1989",
        "년": "2006",
        "대지권면적": "87.04",
        "법정동": "구기동",
        "연립다세대": "힐탑빌라",
        "월": "6",
        "일": "2",
        "전용면적": "77.66",
        "지번": "132-8",
        "지역코드": "11110",
        "층": "2",
        "해제사유발생일": null,
        "해제여부": null
    },
    {
        "거래금액": "30,500",
        "건축년도": "1985",
        "년": "2006",
        "대지권면적": "209.5",
        "법정동": "구기동",
        "연립다세대": "북악빌라",
        "월": "6",
        "일": "3",
        "전용면적": "94.16",
        "지번": "53-2",
        "지역코드": "11110",
        "층": "1",
        "해제사유발생일": null,
        "해제여부": null
    },
    {
        "거래금액": "18,000",
        "건축년도": "1988",
        "년": "2006",
        "대지권면적": "60",
        "법정동": "구기동",
        "연립다세대": "용상빌라(A동)",
        "월": "6",
        "일": "5",
        "전용면적": "83.75",
        "지번": "21-2",
        "지역코드": "11110",
        "층": "2",
        "해제사유발생일": null,
        "해제여부": null
    },
    {
        "거래금액": "13,500",
        "건축년도": "1988",
        "년": "2006",
        "대지권면적": "58",
        "법정동": "구기동",
        "연립다세대": "용상빌라(B동)",
        "월": "6",
        "일": "23",
        "전용면적": "77.2",
        "지번": "21-5",
        "지역코드": "11110",
        "층": "1",
        "해제사유발생일": null,
        "해제여부": null
    },
    {
        "거래금액": "50,000",
        "건축년도": "2002",
        "년": "2006",
        "대지권면적": "133.67",
        "법정동": "평창동",
        "연립다세대": "이데아빌A동",
        "월": "6",
        "일": "5",
        "전용면적": "185.22",
        "지번": "553-1",
        "지역코드": "11110",
        "층": "1",
        "해제사유발생일": null,
        "해제여부": null
    },
    {
        "거래금액": "24,000",
        "건축년도": "1986",
        "년": "2006",
        "대지권면적": "121.66",
        "법정동": "평창동",
        "연립다세대": "럭키평창빌라",
        "월": "6",
        "일": "14",
        "전용면적": "84.84",
        "지번": "329-2",
        "지역코드": "11110",
        "층": "1",
        "해제사유발생일": null,
        "해제여부": null
    },
    {
        "거래금액": "26,900",
        "건축년도": "1992",
        "년": "2006",
        "대지권면적": "104.37",
        "법정동": "평창동",
        "연립다세대": "금강주택",
        "월": "6",
        "일": "15",
        "전용면적": "84.95",
        "지번": "170",
        "지역코드": "11110",
        "층": "2",
        "해제사유발생일": null,
        "해제여부": null
    },
    {
        "거래금액": "8,500",
        "건축년도": "1994",
        "년": "2006",
        "대지권면적": "44.77",
        "법정동": "평창동",
        "연립다세대": "동아빌라",
        "월": "6",
        "일": "16",
        "전용면적": "49.03",
        "지번": "154-15",
        "지역코드": "11110",
        "층": "2",
        "해제사유발생일": null,
        "해제여부": null
    },
    {
        "거래금액": "19,800",
        "건축년도": "1989",
        "년": "2006",
        "대지권면적": "69.57",
        "법정동": "평창동",
        "연립다세대": "금강하이츠빌라",
        "월": "6",
        "일": "21",
        "전용면적": "56.32",
        "지번": "64-3",
        "지역코드": "11110",
        "층": "1",
        "해제사유발생일": null,
        "해제여부": null
    },
    {
        "거래금액": "18,700",
        "건축년도": "1987",
        "년": "2006",
        "대지권면적": "93.43",
        "법정동": "부암동",
        "연립다세대": "우림빌라",
        "월": "6",
        "일": "19",
        "전용면적": "87.7",
        "지번": "48-4",
        "지역코드": "11110",
        "층": "2",
        "해제사유발생일": null,
        "해제여부": null
    },
    {
        "거래금액": "25,000",
        "건축년도": "2006",
        "년": "2006",
        "대지권면적": "81.61",
        "법정동": "부암동",
        "연립다세대": "부암빌라(238-5)",
        "월": "6",
        "일": "20",
        "전용면적": "76.13",
        "지번": "238-5",
        "지역코드": "11110",
        "층": "2",
        "해제사유발생일": null,
        "해제여부": null
    }
]