[
    {
        "거래금액": "11,900",
        "건축년도": "1991",
        "년": "2006",
        "단지": "(171)",
        "법정동": "남대문로5가",
        "시군구": "중구",
        "월": "6",
        "일": "12",
        "전용면적": "36.45",
        "지번": "171",
        "지역코드": "11140",
        "층": "9",
        "해제사유발생일": null,
        "해제여부": null
    },
    {
        "거래금액": "8,000",
        "건축년도": "2004",
        "년": "2006",
        "단지": "신당역올리브2",
        "법정동": "황학동",
        "시군구": "중구",
        "월": "6",
        "일": "29",
        "전용면적": "23.82",
        "지번": "2484",
        "지역코드": "11140",
        "층": "15",
        "해제사유발생일": null,
        "해제여부": null
    },
    {
        "거래금액": "14,500",
        "건축년도": "2005",
        "년": "2006",
        "단지": "바비엥-2",
        "법정동": "의주로1가",
        "시군구": "중구",
        "월": "6",
        "일": "28",
        "전용면적": "29.48",
        "지번": "25-10",
        "지역코드": "11140",
        "층": "15",
        "해제사유발생일": null,
        "해제여부": null
    },
    {
        "거래금액": "11,000",
        "건축년도": "2004",
        "년": "2006",
        "단지": "경희궁의 아침 4단지",
        "법정동": "내수동",
        "시군구": "종로구",
        "월": "6",
        "일": "1",
        "전용면적": "28.24",
        "지번": "73",
        "지역코드": "11110",
        "층": "5",
        "해제사유발생일": null,
        "해제여부": null
    },
    {
        "거래금액": "15,000",
        "건축년도": "2004",
        "년": "2006",
        "단지": "경희궁의 아침 3단지",
        "법정동": "내수동",
        "시군구": "종로구",
        "월": "6",
        "일": "15",
        "전용면적": "37.5",
        "지번": "72",
        "지역코드": "11110",
        "층": "14",
        "해제사유발생일": null,
        "해제여부": null
    },
    {
        "거래금액": "13,500",
        "건축년도": "2004",
        "년": "2006",
        "단지": "용비어천가",
        "법정동": "내수동",
        "시군구": "종로구",
        "월": "6",
        "일": "15",
        "전용면적": "37.56",
        "지번": "75",
        "지역코드": "11110",
        "층": "11",
        "해제사유발생일": null,
        "해제여부": null
    },
    {
        "거래금액": "14,700",
        "건축년도": "2004",
        "년": "2006",
        "단지": "경희궁의 아침 3단지",
        "법정동": "내수동",
        "시군구": "종로구",
        "월": "6",
        "일": "24",
        "전용면적": "37.5",
        "지번": "72",
        "지역코드": "11110",
        "층": "5",
        "해제사유발생일": null,
        "해제여부": null
    },
    {
        "거래금액": "14,750",
        "건축년도": "2004",
        "년": "2006",
        "단지": "경희궁의 아침 3단지",
        "법정동": "내수동",
        "시군구": "종로구",
        "월": "6",
        "일": "28",
        "전용면적": "37.5",
        "지번": "72",
        "지역코드": "11110",
        "층": "15",
        "해제사유발생일": null,
        "해제여부": null
    },
    {
        "거래금액": "11,850",
        "건축년도": "2004",
        "년": "2006",
        "단지": "경희궁의 아침 2단지",
        "법정동": "내수동",
        "시군구": "종로구",
        "월": "6",
        "일": "30",
        "전용면적": "28.9",
        "지번": "71",
        "지역코드": "11110",
        "층": "11",
        "해제사유발생일": null,
        "해제여부": null
    },
    {
        "거래금액": "24,300",
        "건축년도": "2004",
        "년": "2006",
        "단지": "두산위브파빌리온",
        "법정동": "수송동",
        "시군구": "종로구",
        "월": "6",
        "일": "20",
        "전용면적": "57.96",
        "지번": "58",
        "지역코드": "11110",
        "층": "12",
        "해제사유발생일": null,
        "해제여부": null
    },
    {
        "거래금액": "7,700",
        "건축년도": "2004",
        "년": "2006",
        "단지": "BIZ-WELL 종로 오피스텔",
        "법정동": "익선동",
        "시군구": "종로구",
        "월": "6",
        "일": "16",
        "전용면적": "17.2",
        "지번": "34",
        "지역코드": "11110",
        "층": "4",
        "해제사유발생일": null,
        "해제여부": null
    },
    {
        "거래금액": "20,242",
        "건축년도": "2005",
        "년": "2006",
        "단지": "운현궁 에스케이 허브",
        "법정동": "경운동",
        "시군구": "종로구",
        "월": "6",
        "일": "8",
        "전용면적": "41.12",
        "지번": "89-4",
        "지역코드": "11110",
        "층": "7",
        "해제사유발생일": null,
        "해제여부": null
    },
    {
        "거래금액": "11,491",
        "건축년도": "2005",
        "년": "2006",
        "단지": "운현궁 에스케이 허브",
        "법정동": "경운동",
        "시군구": "종로구",
        "월": "6",
        "일": "16",
        "전용면적": "23.66",
        "지번": "89-4",
        "지역코드": "11110",
        "층": "14",
        "해제사유발생일": null,
        "해제여부": null
    },
    {
        "거래금액": "8,425",
        "건축년도": "2005",
        "년": "2006",
        "단지": "종로1번가",
        "법정동": "관철동",
        "시군구": "종로구",
        "월": "6",
        "일": "28",
        "전용면적": "23.86",
        "지번": "155",
        "지역코드": "11110",
        "층": "14",
        "해제사유발생일": null,
        "해제여부": null
    },
    {
        "거래금액": "8,470",
        "건축년도": "2005",
        "년": "2006",
        "단지": "종로1번가",
        "법정동": "관철동",
        "시군구": "종로구",
        "월": "6",
        "일": "28",
        "전용면적": "23.98",
        "지번": "155",
        "지역코드": "11110",
        "층": "14",
        "해제사유발생일": null,
        "해제여부": null
    },
    {
        "거래금액": "5,500",
        "건축년도": "1994",
        "년": "2006",
        "단지": "종로오피스텔",
        "법정동": "낙원동",
        "시군구": "종로구",
        "월": "6",
        "일": "14",
        "전용면적": "23.81",
        "지번": "58-1",
        "지역코드": "11110",
        "층": "3",
        "해제사유발생일": null,
        "해제여부": null
    },
    {
        "거래금액": "7,250",
        "건축년도": "1994",
        "년": "2006",
        "단지": "종로오피스텔",
        "법정동": "낙원동",
        "시군구": "종로구",
        "월": "6",
        "일": "25",
        "전용면적": "29.7",
        "지번": "58-1",
        "지역코드": "11110",
        "층": "7",
        "해제사유발생일": null,
        "해제여부": null
    },
    {
        "거래금액": "7,250",
        "건축년도": "1994",
        "년": "2006",
        "단지": "종로오피스텔",
        "법정동": "낙원동",
        "시군구": "종로구",
        "월": "6",
        "일": "25",
        "전용면적": "29.7",
        "지번": "58-1",
        "지역코드": "11110",
        "층": "7",
        "해제사유발생일": null,
        "해제여부": null
    },
    {
        "거래금액": "8,030",
        "건축년도": "1991",
        "년": "2006",
        "단지": "낙원오피스텔",
        "법정동": "돈의동",
        "시군구": "종로구",
        "월": "6",
        "일": "22",
        "전용면적": "28.06",
        "지번": "39-2",
        "지역코드": "11110",
        "층": "8",
        "해제사유발생일": null,
        "해제여부": null
    },
    {
        "거래금액": "11,000",
        "건축년도": "2005",
        "년": "2006",
        "단지": "동양파라빌",
        "법정동": "숭인동",
        "시군구": "종로구",
        "월": "6",
        "일": "2",
        "전용면적": "24.93",
        "지번": "1388",
        "지역코드": "11110",
        "층": "5",
        "해제사유발생일": null,
        "해제여부": null
    },
    {
        "거래금액": "11,400",
        "건축년도": "2004",
        "년": "2006",
        "단지": "롯데캐슬 천지인",
        "법정동": "숭인동",
        "시군구": "종로구",
        "월": "6",
        "일": "12",
        "전용면적": "39.6",
        "지번": "76",
        "지역코드": "11110",
        "층": "10",
        "해제사유발생일": null,
        "해제여부": null
    },
    {
        "거래금액": "9,800",
        "건축년도": "2004",
        "년": "2006",
        "단지": "종로대우디오빌",
        "법정동": "숭인동",
        "시군구": "종로구",
        "월": "6",
        "일": "19",
        "전용면적": "28.89",
        "지번": "310",
        "지역코드": "11110",
        "층": "15",
        "해제사유발생일": null,
        "해제여부": null
    },
    {
        "거래금액": "9,600",
        "건축년도": "2004",
        "년": "2006",
        "단지": "종로대우디오빌",
        "법정동": "숭인동",
        "시군구": "종로구",
        "월": "6",
        "일": "22",
        "전용면적": "29.65",
        "지번": "310",
        "지역코드": "11110",
        "층": "5",
        "해제사유발생일": null,
        "해제여부": null
    },
    {
        "거래금액": "13,000",
        "건축년도": "2004",
        "년": "2006",
        "단지": "롯데캐슬 천지인",
        "법정동": "숭인동",
        "시군구": "종로구",
        "월": "6",
        "일": "25",
        "전용면적": "39.6",
        "지번": "76",
        "지역코드": "11110",
        "층": "12",
        "해제사유발생일": null,
        "해제여부": null
    },
    {
        "거래금액": "13,000",
        "건축년도": "2004",
        "년": "2006",
        "단지": "롯데캐슬 천지인",
        "법정동": "숭인동",
        "시군구": "종로구",
        "월": "6",
        "일": "30",
        "전용면적": "39.6",
        "지번": "76",
        "지역코드": "11110",
        "층": "16",
        "해제사유발생일": null,
        "해제여부": null
    },
    {
        "거래금액": "11,200",
        "건축년도": "2005",
        "년": "2006",
        "단지": "동양파라빌",
        "법정동": "숭인동",
        "시군구": "종로구",
        "월": "6",
        "일": "30",
        "전용면적": "27.09",
        "지번": "1388",
        "지역코드": "11110",
        "층": "11",
        "해제사유발생일": null,
        "해제여부": null
    },
    {
        "거래금액": "9,000",
        "건축년도": "2002",
        "년": "2006",
        "단지": "타임730오피스텔",
        "법정동": "부암동",
        "시군구": "종로구",
        "월": "6",
        "일": "2",
        "전용면적": "32.59",
        "지번": "129-8",
        "지역코드": "11110",
        "층": "3",
        "해제사유발생일": null,
        "해제여부": null
    }
]