[
    {
        "거래금액": "11,000",
        "건축년도": "1975",
        "년": "2006",
        "법정동": "회현동1가",
        "아파트": "삼풍",
        "월": "8",
        "일": "4",
        "전용면적": "48.84",
        "지번": "146-1",
        "지역코드": "11140",
        "층": "8",
        "해제사유발생일": null,
        "해제여부": null
    },
    {
        "거래금액": "27,500",
        "건축년도": "2003",
        "년": "2006",
        "법정동": "남산동2가",
        "아파트": "남산퍼시픽",
        "월": "8",
        "일": "16",
        "전용면적": "75.72",
        "지번": "42",
        "지역코드": "11140",
        "층": "4",
        "해제사유발생일": null,
        "해제여부": null
    },
    {
        "거래금액": "32,000",
        "건축년도": "1970",
        "년": "2006",
        "법정동": "충무로4가",
        "아파트": "진양상가",
        "월": "8",
        "일": "30",
        "전용면적": "101.19",
        "지번": "120-3",
        "지역코드": "11140",
        "층": "8",
        "해제사유발생일": null,
        "해제여부": null
    },
    {
        "거래금액": "10,500",
        "건축년도": "1968",
        "년": "2006",
        "법정동": "인현동2가",
        "아파트": "신성상가",
        "월": "8",
        "일": "10",
        "전용면적": "41.62",
        "지번": "192-30",
        "지역코드": "11140",
        "층": "8",
        "해제사유발생일": null,
        "해제여부": null
    },
    {
        "거래금액": "10,000",
        "건축년도": "1968",
        "년": "2006",
        "법정동": "인현동2가",
        "아파트": "신성상가",
        "월": "8",
        "일": "25",
        "전용면적": "40.83",
        "지번": "192-30",
        "지역코드": "11140",
        "층": "9",
        "해제사유발생일": null,
        "해제여부": null
    },
    {
        "거래금액": "3,800",
        "건축년도": "1981",
        "년": "2006",
        "법정동": "장충동2가",
        "아파트": "장충",
        "월": "8",
        "일": "23",
        "전용면적": "31.64",
        "지번": "193-29",
        "지역코드": "11140",
        "층": "2",
        "해제사유발생일": null,
        "해제여부": null
    },
    {
        "거래금액": "4,700",
        "건축년도": "1981",
        "년": "2006",
        "법정동": "장충동2가",
        "아파트": "장충",
        "월": "8",
        "일": "31",
        "전용면적": "31.24",
        "지번": "193-29",
        "지역코드": "11140",
        "층": "3",
        "해제사유발생일": null,
        "해제여부": null
    },
    {
        "거래금액": "32,000",
        "건축년도": "1972",
        "년": "2006",
        "법정동": "산림동",
        "아파트": "대림상가",
        "월": "8",
        "일": "3",
        "전용면적": "81.98",
        "지번": "207-2",
        "지역코드": "11140",
        "층": "8",
        "해제사유발생일": null,
        "해제여부": null
    },
    {
        "거래금액": "28,500",
        "건축년도": "1972",
        "년": "2006",
        "법정동": "산림동",
        "아파트": "대림상가",
        "월": "8",
        "일": "26",
        "전용면적": "75.7",
        "지번": "207-2",
        "지역코드": "11140",
        "층": "11",
        "해제사유발생일": null,
        "해제여부": null
    },
    {
        "거래금액": "24,000",
        "건축년도": "1993",
        "년": "2006",
        "법정동": "신당동",
        "아파트": "현대",
        "월": "8",
        "일": "1",
        "전용면적": "66.6",
        "지번": "840",
        "지역코드": "11140",
        "층": "4",
        "해제사유발생일": null,
        "해제여부": null
    },
    {
        "거래금액": "72,000",
        "건축년도": "2002",
        "년": "2006",
        "법정동": "신당동",
        "아파트": "남산타운",
        "월": "8",
        "일": "1",
        "전용면적": "114.88",
        "지번": "844",
        "지역코드": "11140",
        "층": "7",
        "해제사유발생일": null,
        "해제여부": null
    },
    {
        "거래금액": "44,000",
        "건축년도": "2002",
        "년": "2006",
        "법정동": "신당동",
        "아파트": "남산타운",
        "월": "8",
        "일": "1",
        "전용면적": "84.88",
        "지번": "844",
        "지역코드": "11140",
        "층": "2",
        "해제사유발생일": null,
        "해제여부": null
    },
    {
        "거래금액": "37,500",
        "건축년도": "1999",
        "년": "2006",
        "법정동": "신당동",
        "아파트": "삼성",
        "월": "8",
        "일": "2",
        "전용면적": "84.96",
        "지번": "843",
        "지역코드": "11140",
        "층": "20",
        "해제사유발생일": null,
        "해제여부": null
    },
    {
        "거래금액": "28,000",
        "건축년도": "2005",
        "년": "2006",
        "법정동": "신당동",
        "아파트": "신당푸르지오",
        "월": "8",
        "일": "2",
        "전용면적": "59.85",
        "지번": "850",
        "지역코드": "11140",
        "층": "19",
        "해제사유발생일": null,
        "해제여부": null
    },
    {
        "거래금액": "30,500",
        "건축년도": "2004",
        "년": "2006",
        "법정동": "신당동",
        "아파트": "삼성홈타운",
        "월": "8",
        "일": "2",
        "전용면적": "83.94",
        "지번": "849",
        "지역코드": "11140",
        "층": "8",
        "해제사유발생일": null,
        "해제여부": null
    },
    {
        "거래금액": "12,500",
        "건축년도": "2000",
        "년": "2006",
        "법정동": "신당동",
        "아파트": "푸른마을(432-921)",
        "월": "8",
        "일": "3",
        "전용면적": "59.8",
        "지번": "432-921",
        "지역코드": "11140",
        "층": "5",
        "해제사유발생일": null,
        "해제여부": null
    },
    {
        "거래금액": "27,700",
        "건축년도": "2002",
        "년": "2006",
        "법정동": "신당동",
        "아파트": "남산타운",
        "월": "8",
        "일": "3",
        "전용면적": "59.94",
        "지번": "844",
        "지역코드": "11140",
        "층": "7",
        "해제사유발생일": null,
        "해제여부": null
    },
    {
        "거래금액": "76,000",
        "건축년도": "2002",
        "년": "2006",
        "법정동": "신당동",
        "아파트": "남산타운",
        "월": "8",
        "일": "7",
        "전용면적": "114.88",
        "지번": "844",
        "지역코드": "11140",
        "층": "7",
        "해제사유발생일": null,
        "해제여부": null
    },
    {
        "거래금액": "26,800",
        "건축년도": "1999",
        "년": "2006",
        "법정동": "신당동",
        "아파트": "삼성",
        "월": "8",
        "일": "7",
        "전용면적": "59.98",
        "지번": "843",
        "지역코드": "11140",
        "층": "19",
        "해제사유발생일": null,
        "해제여부": null
    },
    {
        "거래금액": "27,700",
        "건축년도": "1999",
        "년": "2006",
        "법정동": "신당동",
        "아파트": "삼성",
        "월": "8",
        "일": "7",
        "전용면적": "59.97",
        "지번": "843",
        "지역코드": "11140",
        "층": "16",
        "해제사유발생일": null,
        "해제여부": null
    },
    {
        "거래금액": "45,900",
        "건축년도": "1999",
        "년": "2006",
        "법정동": "신당동",
        "아파트": "약수하이츠",
        "월": "8",
        "일": "8",
        "전용면적": "84.88",
        "지번": "842",
        "지역코드": "11140",
        "층": "12",
        "해제사유발생일": null,
        "해제여부": null
    },
    {
        "거래금액": "54,500",
        "건축년도": "1999",
        "년": "2006",
        "법정동": "신당동",
        "아파트": "삼성",
        "월": "8",
        "일": "8",
        "전용면적": "114.91",
        "지번": "843",
        "지역코드": "11140",
        "층": "20",
        "해제사유발생일": null,
        "해제여부": null
    },
    {
        "거래금액": "28,500",
        "건축년도": "1993",
        "년": "2006",
        "법정동": "신당동",
        "아파트": "현대",
        "월": "8",
        "일": "8",
        "전용면적": "83.97",
        "지번": "840",
        "지역코드": "11140",
        "층": "10",
        "해제사유발생일": null,
        "해제여부": null
    },
    {
        "거래금액": "24,900",
        "건축년도": "2002",
        "년": "2006",
        "법정동": "신당동",
        "아파트": "남산타운",
        "월": "8",
        "일": "9",
        "전용면적": "59.94",
        "지번": "844",
        "지역코드": "11140",
        "층": "18",
        "해제사유발생일": null,
        "해제여부": null
    },
    {
        "거래금액": "24,950",
        "건축년도": "1999",
        "년": "2006",
        "법정동": "신당동",
        "아파트": "삼성",
        "월": "8",
        "일": "10",
        "전용면적": "59.97",
        "지번": "843",
        "지역코드": "11140",
        "층": "7",
        "해제사유발생일": null,
        "해제여부": null
    },
    {
        "거래금액": "59,000",
        "건축년도": "2002",
        "년": "2006",
        "법정동": "신당동",
        "아파트": "남산타운",
        "월": "8",
        "일": "12",
        "전용면적": "114.88",
        "지번": "844",
        "지역코드": "11140",
        "층": "3",
        "해제사유발생일": null,
        "해제여부": null
    },
    {
        "거래금액": "38,500",
        "건축년도": "2006",
        "년": "2006",
        "법정동": "신당동",
        "아파트": "태원팰리스5차(432-1132)",
        "월": "8",
        "일": "12",
        "전용면적": "108.66",
        "지번": "432-1132",
        "지역코드": "11140",
        "층": "6",
        "해제사유발생일": null,
        "해제여부": null
    },
    {
        "거래금액": "69,800",
        "건축년도": "2005",
        "년": "2006",
        "법정동": "신당동",
        "아파트": "남산정은스카이",
        "월": "8",
        "일": "12",
        "전용면적": "143.049",
        "지번": "366-126",
        "지역코드": "11140",
        "층": "12",
        "해제사유발생일": null,
        "해제여부": null
    },
    {
        "거래금액": "59,000",
        "건축년도": "2002",
        "년": "2006",
        "법정동": "신당동",
        "아파트": "남산타운",
        "월": "8",
        "일": "12",
        "전용면적": "114.88",
        "지번": "844",
        "지역코드": "11140",
        "층": "2",
        "해제사유발생일": null,
        "해제여부": null
    },
    {
        "거래금액": "49,000",
        "건축년도": "2002",
        "년": "2006",
        "법정동": "신당동",
        "아파트": "남산타운",
        "월": "8",
        "일": "12",
        "전용면적": "84.88",
        "지번": "844",
        "지역코드": "11140",
        "층": "6",
        "해제사유발생일": null,
        "해제여부": null
    },
    {
        "거래금액": "42,000",
        "건축년도": "2002",
        "년": "2006",
        "법정동": "신당동",
        "아파트": "남산타운",
        "월": "8",
        "일": "14",
        "전용면적": "84.88",
        "지번": "844",
        "지역코드": "11140",
        "층": "3",
        "해제사유발생일": null,
        "해제여부": null
    },
    {
        "거래금액": "25,800",
        "건축년도": "2002",
        "년": "2006",
        "법정동": "신당동",
        "아파트": "남산타운",
        "월": "8",
        "일": "14",
        "전용면적": "59.94",
        "지번": "844",
        "지역코드": "11140",
        "층": "18",
        "해제사유발생일": null,
        "해제여부": null
    },
    {
        "거래금액": "25,000",
        "건축년도": "1999",
        "년": "2006",
        "법정동": "신당동",
        "아파트": "삼성",
        "월": "8",
        "일": "14",
        "전용면적": "59.97",
        "지번": "843",
        "지역코드": "11140",
        "층": "14",
        "해제사유발생일": null,
        "해제여부": null
    },
    {
        "거래금액": "24,800",
        "건축년도": "2002",
        "년": "2006",
        "법정동": "신당동",
        "아파트": "남산타운",
        "월": "8",
        "일": "14",
        "전용면적": "59.94",
        "지번": "844",
        "지역코드": "11140",
        "층": "12",
        "해제사유발생일": null,
        "해제여부": null
    },
    {
        "거래금액": "16,500",
        "건축년도": "2000",
        "년": "2006",
        "법정동": "신당동",
        "아파트": "신당동파라다이스",
        "월": "8",
        "일": "15",
        "전용면적": "59.9",
        "지번": "846",
        "지역코드": "11140",
        "층": "4",
        "해제사유발생일": null,
        "해제여부": null
    },
    {
        "거래금액": "54,000",
        "건축년도": "1999",
        "년": "2006",
        "법정동": "신당동",
        "아파트": "삼성",
        "월": "8",
        "일": "15",
        "전용면적": "114.91",
        "지번": "843",
        "지역코드": "11140",
        "층": "19",
        "해제사유발생일": null,
        "해제여부": null
    },
    {
        "거래금액": "24,500",
        "건축년도": "1999",
        "년": "2006",
        "법정동": "신당동",
        "아파트": "약수하이츠",
        "월": "8",
        "일": "15",
        "전용면적": "57.63",
        "지번": "842",
        "지역코드": "11140",
        "층": "13",
        "해제사유발생일": null,
        "해제여부": null
    },
    {
        "거래금액": "76,000",
        "건축년도": "2002",
        "년": "2006",
        "법정동": "신당동",
        "아파트": "남산타운",
        "월": "8",
        "일": "16",
        "전용면적": "114.88",
        "지번": "844",
        "지역코드": "11140",
        "층": "17",
        "해제사유발생일": null,
        "해제여부": null
    },
    {
        "거래금액": "44,800",
        "건축년도": "2002",
        "년": "2006",
        "법정동": "신당동",
        "아파트": "남산타운",
        "월": "8",
        "일": "16",
        "전용면적": "84.88",
        "지번": "844",
        "지역코드": "11140",
        "층": "2",
        "해제사유발생일": null,
        "해제여부": null
    },
    {
        "거래금액": "27,500",
        "건축년도": "2002",
        "년": "2006",
        "법정동": "신당동",
        "아파트": "남산타운",
        "월": "8",
        "일": "16",
        "전용면적": "59.94",
        "지번": "844",
        "지역코드": "11140",
        "층": "13",
        "해제사유발생일": null,
        "해제여부": null
    },
    {
        "거래금액": "48,500",
        "건축년도": "2002",
        "년": "2006",
        "법정동": "신당동",
        "아파트": "남산타운",
        "월": "8",
        "일": "17",
        "전용면적": "84.88",
        "지번": "844",
        "지역코드": "11140",
        "층": "9",
        "해제사유발생일": null,
        "해제여부": null
    },
    {
        "거래금액": "28,000",
        "건축년도": "1993",
        "년": "2006",
        "법정동": "신당동",
        "아파트": "현대",
        "월": "8",
        "일": "17",
        "전용면적": "79.11",
        "지번": "840",
        "지역코드": "11140",
        "층": "2",
        "해제사유발생일": null,
        "해제여부": null
    },
    {
        "거래금액": "49,500",
        "건축년도": "1993",
        "년": "2006",
        "법정동": "신당동",
        "아파트": "현대",
        "월": "8",
        "일": "17",
        "전용면적": "139.275",
        "지번": "840",
        "지역코드": "11140",
        "층": "12",
        "해제사유발생일": null,
        "해제여부": null
    },
    {
        "거래금액": "28,000",
        "건축년도": "2005",
        "년": "2006",
        "법정동": "신당동",
        "아파트": "신당푸르지오",
        "월": "8",
        "일": "17",
        "전용면적": "59.85",
        "지번": "850",
        "지역코드": "11140",
        "층": "5",
        "해제사유발생일": null,
        "해제여부": null
    },
    {
        "거래금액": "59,500",
        "건축년도": "2002",
        "년": "2006",
        "법정동": "신당동",
        "아파트": "남산타운",
        "월": "8",
        "일": "17",
        "전용면적": "114.88",
        "지번": "844",
        "지역코드": "11140",
        "층": "12",
        "해제사유발생일": null,
        "해제여부": null
    },
    {
        "거래금액": "62,000",
        "건축년도": "1999",
        "년": "2006",
        "법정동": "신당동",
        "아파트": "약수하이츠",
        "월": "8",
        "일": "17",
        "전용면적": "114.92",
        "지번": "842",
        "지역코드": "11140",
        "층": "6",
        "해제사유발생일": null,
        "해제여부": null
    },
    {
        "거래금액": "30,000",
        "건축년도": "1993",
        "년": "2006",
        "법정동": "신당동",
        "아파트": "현대",
        "월": "8",
        "일": "17",
        "전용면적": "83.97",
        "지번": "840",
        "지역코드": "11140",
        "층": "8",
        "해제사유발생일": null,
        "해제여부": null
    },
    {
        "거래금액": "27,000",
        "건축년도": "2002",
        "년": "2006",
        "법정동": "신당동",
        "아파트": "남산타운",
        "월": "8",
        "일": "18",
        "전용면적": "59.94",
        "지번": "844",
        "지역코드": "11140",
        "층": "9",
        "해제사유발생일": null,
        "해제여부": null
    },
    {
        "거래금액": "30,000",
        "건축년도": "1993",
        "년": "2006",
        "법정동": "신당동",
        "아파트": "현대",
        "월": "8",
        "일": "18",
        "전용면적": "83.97",
        "지번": "840",
        "지역코드": "11140",
        "층": "15",
        "해제사유발생일": null,
        "해제여부": null
    },
    {
        "거래금액": "25,300",
        "건축년도": "2002",
        "년": "2006",
        "법정동": "신당동",
        "아파트": "남산타운",
        "월": "8",
        "일": "18",
        "전용면적": "59.94",
        "지번": "844",
        "지역코드": "11140",
        "층": "18",
        "해제사유발생일": null,
        "해제여부": null
    },
    {
        "거래금액": "26,000",
        "건축년도": "1993",
        "년": "2006",
        "법정동": "신당동",
        "아파트": "현대",
        "월": "8",
        "일": "18",
        "전용면적": "66.6",
        "지번": "840",
        "지역코드": "11140",
        "층": "13",
        "해제사유발생일": null,
        "해제여부": null
    },
    {
        "거래금액": "27,000",
        "건축년도": "2002",
        "년": "2006",
        "법정동": "신당동",
        "아파트": "남산타운",
        "월": "8",
        "일": "19",
        "전용면적": "59.94",
        "지번": "844",
        "지역코드": "11140",
        "층": "10",
        "해제사유발생일": null,
        "해제여부": null
    },
    {
        "거래금액": "26,800",
        "건축년도": "2002",
        "년": "2006",
        "법정동": "신당동",
        "아파트": "남산타운",
        "월": "8",
        "일": "19",
        "전용면적": "59.94",
        "지번": "844",
        "지역코드": "11140",
        "층": "18",
        "해제사유발생일": null,
        "해제여부": null
    },
    {
        "거래금액": "26,700",
        "건축년도": "1999",
        "년": "2006",
        "법정동": "신당동",
        "아파트": "약수하이츠",
        "월": "8",
        "일": "19",
        "전용면적": "57.63",
        "지번": "842",
        "지역코드": "11140",
        "층": "17",
        "해제사유발생일": null,
        "해제여부": null
    },
    {
        "거래금액": "72,000",
        "건축년도": "2002",
        "년": "2006",
        "법정동": "신당동",
        "아파트": "남산타운",
        "월": "8",
        "일": "21",
        "전용면적": "114.88",
        "지번": "844",
        "지역코드": "11140",
        "층": "9",
        "해제사유발생일": null,
        "해제여부": null
    },
    {
        "거래금액": "27,600",
        "건축년도": "2002",
        "년": "2006",
        "법정동": "신당동",
        "아파트": "남산타운",
        "월": "8",
        "일": "22",
        "전용면적": "59.94",
        "지번": "844",
        "지역코드": "11140",
        "층": "10",
        "해제사유발생일": null,
        "해제여부": null
    },
    {
        "거래금액": "50,200",
        "건축년도": "2002",
        "년": "2006",
        "법정동": "신당동",
        "아파트": "남산타운",
        "월": "8",
        "일": "22",
        "전용면적": "84.88",
        "지번": "844",
        "지역코드": "11140",
        "층": "7",
        "해제사유발생일": null,
        "해제여부": null
    },
    {
        "거래금액": "36,500",
        "건축년도": "1999",
        "년": "2006",
        "법정동": "신당동",
        "아파트": "삼성",
        "월": "8",
        "일": "22",
        "전용면적": "84.96",
        "지번": "843",
        "지역코드": "11140",
        "층": "6",
        "해제사유발생일": null,
        "해제여부": null
    },
    {
        "거래금액": "60,500",
        "건축년도": "2002",
        "년": "2006",
        "법정동": "신당동",
        "아파트": "남산타운",
        "월": "8",
        "일": "22",
        "전용면적": "84.88",
        "지번": "844",
        "지역코드": "11140",
        "층": "16",
        "해제사유발생일": null,
        "해제여부": null
    },
    {
        "거래금액": "24,000",
        "건축년도": "1993",
        "년": "2006",
        "법정동": "신당동",
        "아파트": "현대",
        "월": "8",
        "일": "23",
        "전용면적": "66.6",
        "지번": "840",
        "지역코드": "11140",
        "층": "6",
        "해제사유발생일": null,
        "해제여부": null
    },
    {
        "거래금액": "48,500",
        "건축년도": "2002",
        "년": "2006",
        "법정동": "신당동",
        "아파트": "남산타운",
        "월": "8",
        "일": "24",
        "전용면적": "84.88",
        "지번": "844",
        "지역코드": "11140",
        "층": "9",
        "해제사유발생일": null,
        "해제여부": null
    },
    {
        "거래금액": "54,000",
        "건축년도": "1999",
        "년": "2006",
        "법정동": "신당동",
        "아파트": "삼성",
        "월": "8",
        "일": "25",
        "전용면적": "114.91",
        "지번": "843",
        "지역코드": "11140",
        "층": "20",
        "해제사유발생일": null,
        "해제여부": null
    },
    {
        "거래금액": "40,100",
        "건축년도": "1999",
        "년": "2006",
        "법정동": "신당동",
        "아파트": "삼성",
        "월": "8",
        "일": "26",
        "전용면적": "84.96",
        "지번": "843",
        "지역코드": "11140",
        "층": "6",
        "해제사유발생일": null,
        "해제여부": null
    },
    {
        "거래금액": "44,000",
        "건축년도": "2002",
        "년": "2006",
        "법정동": "신당동",
        "아파트": "남산타운",
        "월": "8",
        "일": "27",
        "전용면적": "84.88",
        "지번": "844",
        "지역코드": "11140",
        "층": "4",
        "해제사유발생일": null,
        "해제여부": null
    },
    {
        "거래금액": "40,000",
        "건축년도": "1999",
        "년": "2006",
        "법정동": "신당동",
        "아파트": "삼성",
        "월": "8",
        "일": "28",
        "전용면적": "84.96",
        "지번": "843",
        "지역코드": "11140",
        "층": "15",
        "해제사유발생일": null,
        "해제여부": null
    },
    {
        "거래금액": "78,800",
        "건축년도": "2002",
        "년": "2006",
        "법정동": "신당동",
        "아파트": "남산타운",
        "월": "8",
        "일": "28",
        "전용면적": "114.88",
        "지번": "844",
        "지역코드": "11140",
        "층": "16",
        "해제사유발생일": null,
        "해제여부": null
    },
    {
        "거래금액": "56,700",
        "건축년도": "2002",
        "년": "2006",
        "법정동": "신당동",
        "아파트": "남산타운",
        "월": "8",
        "일": "29",
        "전용면적": "84.88",
        "지번": "844",
        "지역코드": "11140",
        "층": "3",
        "해제사유발생일": null,
        "해제여부": null
    },
    {
        "거래금액": "44,000",
        "건축년도": "2002",
        "년": "2006",
        "법정동": "신당동",
        "아파트": "남산타운",
        "월": "8",
        "일": "29",
        "전용면적": "84.88",
        "지번": "844",
        "지역코드": "11140",
        "층": "2",
        "해제사유발생일": null,
        "해제여부": null
    },
    {
        "거래금액": "25,000",
        "건축년도": "1993",
        "년": "2006",
        "법정동": "신당동",
        "아파트": "현대",
        "월": "8",
        "일": "30",
        "전용면적": "66.6",
        "지번": "840",
        "지역코드": "11140",
        "층": "9",
        "해제사유발생일": null,
        "해제여부": null
    },
    {
        "거래금액": "29,500",
        "건축년도": "1993",
        "년": "2006",
        "법정동": "신당동",
        "아파트": "현대",
        "월": "8",
        "일": "30",
        "전용면적": "79.11",
        "지번": "840",
        "지역코드": "11140",
        "층": "3",
        "해제사유발생일": null,
        "해제여부": null
    },
    {
        "거래금액": "25,000",
        "건축년도": "2003",
        "년": "2006",
        "법정동": "신당동",
        "아파트": "진달래",
        "월": "8",
        "일": "30",
        "전용면적": "81.83",
        "지번": "333-42",
        "지역코드": "11140",
        "층": "4",
        "해제사유발생일": null,
        "해제여부": null
    },
    {
        "거래금액": "42,800",
        "건축년도": "1999",
        "년": "2006",
        "법정동": "신당동",
        "아파트": "삼성",
        "월": "8",
        "일": "30",
        "전용면적": "84.96",
        "지번": "843",
        "지역코드": "11140",
        "층": "16",
        "해제사유발생일": null,
        "해제여부": null
    },
    {
        "거래금액": "39,000",
        "건축년도": "1999",
        "년": "2006",
        "법정동": "신당동",
        "아파트": "삼성",
        "월": "8",
        "일": "31",
        "전용면적": "84.96",
        "지번": "843",
        "지역코드": "11140",
        "층": "9",
        "해제사유발생일": null,
        "해제여부": null
    },
    {
        "거래금액": "40,300",
        "건축년도": "1999",
        "년": "2006",
        "법정동": "신당동",
        "아파트": "삼성",
        "월": "8",
        "일": "31",
        "전용면적": "84.96",
        "지번": "843",
        "지역코드": "11140",
        "층": "10",
        "해제사유발생일": null,
        "해제여부": null
    },
    {
        "거래금액": "30,000",
        "건축년도": "1994",
        "년": "2006",
        "법정동": "흥인동",
        "아파트": "aaa",
        "월": "8",
        "일": "28",
        "전용면적": "84.87",
        "지번": "3-4",
        "지역코드": "11140",
        "층": "17",
        "해제사유발생일": null,
        "해제여부": null
    },
    {
        "거래금액": "43,596",
        "건축년도": "2006",
        "년": "2006",
        "법정동": "중림동",
        "아파트": "브라운스톤(355-0)",
        "월": "8",
        "일": "3",
        "전용면적": "84.878",
        "지번": "355",
        "지역코드": "11140",
        "층": "24",
        "해제사유발생일": null,
        "해제여부": null
    },
    {
        "거래금액": "58,000",
        "건축년도": "2001",
        "년": "2006",
        "법정동": "중림동",
        "아파트": "삼성사이버빌리지",
        "월": "8",
        "일": "25",
        "전용면적": "114.77",
        "지번": "200",
        "지역코드": "11140",
        "층": "1",
        "해제사유발생일": null,
        "해제여부": null
    },
    {
        "거래금액": "47,900",
        "건축년도": "2000",
        "년": "2006",
        "법정동": "청운동",
        "아파트": "청운현대",
        "월": "8",
        "일": "28",
        "전용면적": "84.51",
        "지번": "56-45",
        "지역코드": "11110",
        "층": "1",
        "해제사유발생일": null,
        "해제여부": null
    },
    {
        "거래금액": "8,400",
        "건축년도": "1999",
        "년": "2006",
        "법정동": "통인동",
        "아파트": "효자",
        "월": "8",
        "일": "9",
        "전용면적": "61.49",
        "지번": "5-1",
        "지역코드": "11110",
        "층": "3",
        "해제사유발생일": null,
        "해제여부": null
    },
    {
        "거래금액": "11,000",
        "건축년도": "1971",
        "년": "2006",
        "법정동": "옥인동",
        "아파트": "옥인시민",
        "월": "8",
        "일": "10",
        "전용면적": "39.67",
        "지번": "179-3",
        "지역코드": "11110",
        "층": "1",
        "해제사유발생일": null,
        "해제여부": null
    },
    {
        "거래금액": "50,255",
        "건축년도": "2005",
        "년": "2006",
        "법정동": "수송동",
        "아파트": "로얄팰리스스위트",
        "월": "8",
        "일": "7",
        "전용면적": "81.02",
        "지번": "85",
        "지역코드": "11110",
        "층": "16",
        "해제사유발생일": null,
        "해제여부": null
    },
    {
        "거래금액": "24,000",
        "건축년도": "2005",
        "년": "2006",
        "법정동": "수송동",
        "아파트": "로얄팰리스스위트",
        "월": "8",
        "일": "27",
        "전용면적": "39.67",
        "지번": "85",
        "지역코드": "11110",
        "층": "11",
        "해제사유발생일": null,
        "해제여부": null
    },
    {
        "거래금액": "15,000",
        "건축년도": "2003",
        "년": "2006",
        "법정동": "익선동",
        "아파트": "현대뜨레비앙",
        "월": "8",
        "일": "11",
        "전용면적": "45.5",
        "지번": "55",
        "지역코드": "11110",
        "층": "3",
        "해제사유발생일": null,
        "해제여부": null
    },
    {
        "거래금액": "22,000",
        "건축년도": "2004",
        "년": "2006",
        "법정동": "이화동",
        "아파트": "송림아마레스아파트",
        "월": "8",
        "일": "13",
        "전용면적": "84.42",
        "지번": "9-1",
        "지역코드": "11110",
        "층": "4",
        "해제사유발생일": null,
        "해제여부": null
    },
    {
        "거래금액": "33,288",
        "건축년도": "2006",
        "년": "2006",
        "법정동": "명륜1가",
        "아파트": "건양하늘터",
        "월": "8",
        "일": "1",
        "전용면적": "84.9",
        "지번": "23",
        "지역코드": "11110",
        "층": "1",
        "해제사유발생일": null,
        "해제여부": null
    },
    {
        "거래금액": "30,000",
        "건축년도": "1993",
        "년": "2006",
        "법정동": "창신동",
        "아파트": "창신쌍용2",
        "월": "8",
        "일": "1",
        "전용면적": "115.53",
        "지번": "703",
        "지역코드": "11110",
        "층": "1",
        "해제사유발생일": null,
        "해제여부": null
    },
    {
        "거래금액": "33,700",
        "건축년도": "1993",
        "년": "2006",
        "법정동": "창신동",
        "아파트": "창신쌍용2",
        "월": "8",
        "일": "1",
        "전용면적": "115.53",
        "지번": "703",
        "지역코드": "11110",
        "층": "7",
        "해제사유발생일": null,
        "해제여부": null
    },
    {
        "거래금액": "14,150",
        "건축년도": "1993",
        "년": "2006",
        "법정동": "창신동",
        "아파트": "창신쌍용2",
        "월": "8",
        "일": "1",
        "전용면적": "54.7",
        "지번": "703",
        "지역코드": "11110",
        "층": "5",
        "해제사유발생일": null,
        "해제여부": null
    },
    {
        "거래금액": "15,000",
        "건축년도": "1992",
        "년": "2006",
        "법정동": "창신동",
        "아파트": "창신쌍용1",
        "월": "8",
        "일": "2",
        "전용면적": "54.7",
        "지번": "702",
        "지역코드": "11110",
        "층": "5",
        "해제사유발생일": null,
        "해제여부": null
    },
    {
        "거래금액": "15,000",
        "건축년도": "1968",
        "년": "2006",
        "법정동": "창신동",
        "아파트": "동대문",
        "월": "8",
        "일": "3",
        "전용면적": "28.8",
        "지번": "328-17",
        "지역코드": "11110",
        "층": "3",
        "해제사유발생일": null,
        "해제여부": null
    },
    {
        "거래금액": "33,000",
        "건축년도": "1968",
        "년": "2006",
        "법정동": "창신동",
        "아파트": "동대문상가",
        "월": "8",
        "일": "4",
        "전용면적": "73.19",
        "지번": "436-64",
        "지역코드": "11110",
        "층": "4",
        "해제사유발생일": null,
        "해제여부": null
    },
    {
        "거래금액": "14,500",
        "건축년도": "1968",
        "년": "2006",
        "법정동": "창신동",
        "아파트": "동대문",
        "월": "8",
        "일": "5",
        "전용면적": "28.8",
        "지번": "328-17",
        "지역코드": "11110",
        "층": "2",
        "해제사유발생일": null,
        "해제여부": null
    },
    {
        "거래금액": "35,500",
        "건축년도": "2003",
        "년": "2006",
        "법정동": "창신동",
        "아파트": "창신이수",
        "월": "8",
        "일": "7",
        "전용면적": "84.5",
        "지번": "23-816",
        "지역코드": "11110",
        "층": "19",
        "해제사유발생일": null,
        "해제여부": null
    },
    {
        "거래금액": "21,000",
        "건축년도": "1992",
        "년": "2006",
        "법정동": "창신동",
        "아파트": "창신쌍용1",
        "월": "8",
        "일": "9",
        "전용면적": "79.87",
        "지번": "702",
        "지역코드": "11110",
        "층": "8",
        "해제사유발생일": null,
        "해제여부": null
    },
    {
        "거래금액": "25,500",
        "건축년도": "1992",
        "년": "2006",
        "법정동": "창신동",
        "아파트": "창신쌍용1",
        "월": "8",
        "일": "10",
        "전용면적": "79.87",
        "지번": "702",
        "지역코드": "11110",
        "층": "13",
        "해제사유발생일": null,
        "해제여부": null
    },
    {
        "거래금액": "23,000",
        "건축년도": "1992",
        "년": "2006",
        "법정동": "창신동",
        "아파트": "창신쌍용1",
        "월": "8",
        "일": "10",
        "전용면적": "79.87",
        "지번": "702",
        "지역코드": "11110",
        "층": "4",
        "해제사유발생일": null,
        "해제여부": null
    },
    {
        "거래금액": "13,500",
        "건축년도": "2002",
        "년": "2006",
        "법정동": "창신동",
        "아파트": "그린",
        "월": "8",
        "일": "11",
        "전용면적": "44.12",
        "지번": "23-326",
        "지역코드": "11110",
        "층": "5",
        "해제사유발생일": null,
        "해제여부": null
    },
    {
        "거래금액": "15,000",
        "건축년도": "1992",
        "년": "2006",
        "법정동": "창신동",
        "아파트": "창신쌍용1",
        "월": "8",
        "일": "11",
        "전용면적": "54.7",
        "지번": "702",
        "지역코드": "11110",
        "층": "10",
        "해제사유발생일": null,
        "해제여부": null
    },
    {
        "거래금액": "6,500",
        "건축년도": "1968",
        "년": "2006",
        "법정동": "창신동",
        "아파트": "(436-79)",
        "월": "8",
        "일": "12",
        "전용면적": "36.17",
        "지번": "436-79",
        "지역코드": "11110",
        "층": "6",
        "해제사유발생일": null,
        "해제여부": null
    },
    {
        "거래금액": "15,000",
        "건축년도": "1992",
        "년": "2006",
        "법정동": "창신동",
        "아파트": "창신쌍용1",
        "월": "8",
        "일": "14",
        "전용면적": "54.7",
        "지번": "702",
        "지역코드": "11110",
        "층": "10",
        "해제사유발생일": null,
        "해제여부": null
    },
    {
        "거래금액": "16,000",
        "건축년도": "1993",
        "년": "2006",
        "법정동": "창신동",
        "아파트": "창신쌍용2",
        "월": "8",
        "일": "14",
        "전용면적": "64.66",
        "지번": "703",
        "지역코드": "11110",
        "층": "13",
        "해제사유발생일": null,
        "해제여부": null
    },
    {
        "거래금액": "21,250",
        "건축년도": "1993",
        "년": "2006",
        "법정동": "창신동",
        "아파트": "창신쌍용2",
        "월": "8",
        "일": "14",
        "전용면적": "79.87",
        "지번": "703",
        "지역코드": "11110",
        "층": "13",
        "해제사유발생일": null,
        "해제여부": null
    },
    {
        "거래금액": "22,000",
        "건축년도": "1993",
        "년": "2006",
        "법정동": "창신동",
        "아파트": "창신쌍용2",
        "월": "8",
        "일": "14",
        "전용면적": "79.87",
        "지번": "703",
        "지역코드": "11110",
        "층": "14",
        "해제사유발생일": null,
        "해제여부": null
    },
    {
        "거래금액": "40,000",
        "건축년도": "2003",
        "년": "2006",
        "법정동": "창신동",
        "아파트": "창신이수",
        "월": "8",
        "일": "16",
        "전용면적": "120.84",
        "지번": "23-816",
        "지역코드": "11110",
        "층": "5",
        "해제사유발생일": null,
        "해제여부": null
    },
    {
        "거래금액": "15,650",
        "건축년도": "1993",
        "년": "2006",
        "법정동": "창신동",
        "아파트": "창신쌍용2",
        "월": "8",
        "일": "17",
        "전용면적": "64.66",
        "지번": "703",
        "지역코드": "11110",
        "층": "3",
        "해제사유발생일": null,
        "해제여부": null
    },
    {
        "거래금액": "25,000",
        "건축년도": "1992",
        "년": "2006",
        "법정동": "창신동",
        "아파트": "창신쌍용1",
        "월": "8",
        "일": "19",
        "전용면적": "79.87",
        "지번": "702",
        "지역코드": "11110",
        "층": "5",
        "해제사유발생일": null,
        "해제여부": null
    },
    {
        "거래금액": "19,300",
        "건축년도": "1993",
        "년": "2006",
        "법정동": "창신동",
        "아파트": "창신쌍용2",
        "월": "8",
        "일": "19",
        "전용면적": "79.87",
        "지번": "703",
        "지역코드": "11110",
        "층": "2",
        "해제사유발생일": null,
        "해제여부": null
    },
    {
        "거래금액": "22,500",
        "건축년도": "1999",
        "년": "2006",
        "법정동": "창신동",
        "아파트": "두산",
        "월": "8",
        "일": "20",
        "전용면적": "59.95",
        "지번": "232",
        "지역코드": "11110",
        "층": "3",
        "해제사유발생일": null,
        "해제여부": null
    },
    {
        "거래금액": "25,000",
        "건축년도": "1992",
        "년": "2006",
        "법정동": "창신동",
        "아파트": "창신쌍용1",
        "월": "8",
        "일": "22",
        "전용면적": "79.87",
        "지번": "702",
        "지역코드": "11110",
        "층": "3",
        "해제사유발생일": null,
        "해제여부": null
    },
    {
        "거래금액": "26,000",
        "건축년도": "1992",
        "년": "2006",
        "법정동": "창신동",
        "아파트": "창신쌍용1",
        "월": "8",
        "일": "28",
        "전용면적": "79.87",
        "지번": "702",
        "지역코드": "11110",
        "층": "4",
        "해제사유발생일": null,
        "해제여부": null
    },
    {
        "거래금액": "22,000",
        "건축년도": "1992",
        "년": "2006",
        "법정동": "창신동",
        "아파트": "창신쌍용1",
        "월": "8",
        "일": "28",
        "전용면적": "79.87",
        "지번": "702",
        "지역코드": "11110",
        "층": "10",
        "해제사유발생일": null,
        "해제여부": null
    },
    {
        "거래금액": "33,100",
        "건축년도": "1993",
        "년": "2006",
        "법정동": "창신동",
        "아파트": "창신쌍용2",
        "월": "8",
        "일": "28",
        "전용면적": "106.62",
        "지번": "703",
        "지역코드": "11110",
        "층": "9",
        "해제사유발생일": null,
        "해제여부": null
    },
    {
        "거래금액": "21,900",
        "건축년도": "1999",
        "년": "2006",
        "법정동": "창신동",
        "아파트": "두산",
        "월": "8",
        "일": "29",
        "전용면적": "59.95",
        "지번": "232",
        "지역코드": "11110",
        "층": "3",
        "해제사유발생일": null,
        "해제여부": null
    },
    {
        "거래금액": "16,200",
        "건축년도": "1993",
        "년": "2006",
        "법정동": "창신동",
        "아파트": "창신쌍용2",
        "월": "8",
        "일": "31",
        "전용면적": "64.66",
        "지번": "703",
        "지역코드": "11110",
        "층": "9",
        "해제사유발생일": null,
        "해제여부": null
    },
    {
        "거래금액": "17,000",
        "건축년도": "1997",
        "년": "2006",
        "법정동": "숭인동",
        "아파트": "도시그린빌라",
        "월": "8",
        "일": "7",
        "전용면적": "57.45",
        "지번": "181-121",
        "지역코드": "11110",
        "층": "3",
        "해제사유발생일": null,
        "해제여부": null
    },
    {
        "거래금액": "25,000",
        "건축년도": "1979",
        "년": "2006",
        "법정동": "숭인동",
        "아파트": "숭인상가",
        "월": "8",
        "일": "23",
        "전용면적": "78.75",
        "지번": "204-11",
        "지역코드": "11110",
        "층": "8",
        "해제사유발생일": null,
        "해제여부": null
    },
    {
        "거래금액": "20,000",
        "건축년도": "1971",
        "년": "2006",
        "법정동": "행촌동",
        "아파트": "대성아파트",
        "월": "8",
        "일": "1",
        "전용면적": "94.94",
        "지번": "41-1",
        "지역코드": "11110",
        "층": "4",
        "해제사유발생일": null,
        "해제여부": null
    },
    {
        "거래금액": "27,000",
        "건축년도": "2005",
        "년": "2006",
        "법정동": "평창동",
        "아파트": "형우럭스빌(33-1)",
        "월": "8",
        "일": "2",
        "전용면적": "92.87",
        "지번": "33-1",
        "지역코드": "11110",
        "층": "4",
        "해제사유발생일": null,
        "해제여부": null
    },
    {
        "거래금액": "10,000",
        "건축년도": "1997",
        "년": "2006",
        "법정동": "평창동",
        "아파트": "갑을",
        "월": "8",
        "일": "10",
        "전용면적": "53.33",
        "지번": "595",
        "지역코드": "11110",
        "층": "13",
        "해제사유발생일": null,
        "해제여부": null
    },
    {
        "거래금액": "36,000",
        "건축년도": "2005",
        "년": "2006",
        "법정동": "평창동",
        "아파트": "형우럭스빌(33-1)",
        "월": "8",
        "일": "10",
        "전용면적": "103.07",
        "지번": "33-1",
        "지역코드": "11110",
        "층": "2",
        "해제사유발생일": null,
        "해제여부": null
    },
    {
        "거래금액": "25,200",
        "건축년도": "1998",
        "년": "2006",
        "법정동": "평창동",
        "아파트": "삼성",
        "월": "8",
        "일": "24",
        "전용면적": "84.93",
        "지번": "596",
        "지역코드": "11110",
        "층": "10",
        "해제사유발생일": null,
        "해제여부": null
    },
    {
        "거래금액": "16,600",
        "건축년도": "1998",
        "년": "2006",
        "법정동": "신영동",
        "아파트": "대아파크빌",
        "월": "8",
        "일": "4",
        "전용면적": "59.22",
        "지번": "254",
        "지역코드": "11110",
        "층": "8",
        "해제사유발생일": null,
        "해제여부": null
    },
    {
        "거래금액": "16,400",
        "건축년도": "1998",
        "년": "2006",
        "법정동": "신영동",
        "아파트": "대아파크빌",
        "월": "8",
        "일": "9",
        "전용면적": "59.22",
        "지번": "254",
        "지역코드": "11110",
        "층": "9",
        "해제사유발생일": null,
        "해제여부": null
    },
    {
        "거래금액": "15,000",
        "건축년도": "2002",
        "년": "2006",
        "법정동": "신영동",
        "아파트": "구암하이빌",
        "월": "8",
        "일": "31",
        "전용면적": "75.89",
        "지번": "105-22",
        "지역코드": "11110",
        "층": "2",
        "해제사유발생일": null,
        "해제여부": null
    },
    {
        "거래금액": "46,000",
        "건축년도": "2000",
        "년": "2006",
        "법정동": "무악동",
        "아파트": "현대",
        "월": "8",
        "일": "3",
        "전용면적": "84.92",
        "지번": "82",
        "지역코드": "11110",
        "층": "17",
        "해제사유발생일": null,
        "해제여부": null
    },
    {
        "거래금액": "46,500",
        "건축년도": "2000",
        "년": "2006",
        "법정동": "무악동",
        "아파트": "현대",
        "월": "8",
        "일": "11",
        "전용면적": "84.92",
        "지번": "82",
        "지역코드": "11110",
        "층": "19",
        "해제사유발생일": null,
        "해제여부": null
    },
    {
        "거래금액": "24,000",
        "건축년도": "2000",
        "년": "2006",
        "법정동": "무악동",
        "아파트": "현대",
        "월": "8",
        "일": "16",
        "전용면적": "60",
        "지번": "82",
        "지역코드": "11110",
        "층": "8",
        "해제사유발생일": null,
        "해제여부": null
    },
    {
        "거래금액": "48,000",
        "건축년도": "2000",
        "년": "2006",
        "법정동": "무악동",
        "아파트": "현대",
        "월": "8",
        "일": "16",
        "전용면적": "84.92",
        "지번": "82",
        "지역코드": "11110",
        "층": "13",
        "해제사유발생일": null,
        "해제여부": null
    },
    {
        "거래금액": "64,500",
        "건축년도": "2000",
        "년": "2006",
        "법정동": "무악동",
        "아파트": "현대",
        "월": "8",
        "일": "21",
        "전용면적": "114.9",
        "지번": "82",
        "지역코드": "11110",
        "층": "8",
        "해제사유발생일": null,
        "해제여부": null
    },
    {
        "거래금액": "22,500",
        "건축년도": "2000",
        "년": "2006",
        "법정동": "무악동",
        "아파트": "현대",
        "월": "8",
        "일": "25",
        "전용면적": "60",
        "지번": "82",
        "지역코드": "11110",
        "층": "4",
        "해제사유발생일": null,
        "해제여부": null
    },
    {
        "거래금액": "70,000",
        "건축년도": "2000",
        "년": "2006",
        "법정동": "무악동",
        "아파트": "현대",
        "월": "8",
        "일": "30",
        "전용면적": "114.9",
        "지번": "82",
        "지역코드": "11110",
        "층": "20",
        "해제사유발생일": null,
        "해제여부": null
    }
]