[
    {
        "거래금액": "8,000",
        "건축년도": "1997",
        "년": "2006",
        "대지권면적": "15.08",
        "법정동": "장충동2가",
        "연립다세대": "태광빌라",
        "월": "8",
        "일": "16",
        "전용면적": "48.48",
        "지번": "193-76",
        "지역코드": "11140",
        "층": "4",
        "해제사유발생일": null,
        "해제여부": null
    },
    {
        "거래금액": "14,000",
        "건축년도": "1994",
        "년": "2006",
        "대지권면적": "33.47",
        "법정동": "신당동",
        "연립다세대": "현대타워",
        "월": "8",
        "일": "7",
        "전용면적": "53",
        "지번": "347-328",
        "지역코드": "11140",
        "층": "3",
        "해제사유발생일": null,
        "해제여부": null
    },
    {
        "거래금액": "10,500",
        "건축년도": "1992",
        "년": "2006",
        "대지권면적": "34.17",
        "법정동": "신당동",
        "연립다세대": "한양빌라",
        "월": "8",
        "일": "7",
        "전용면적": "65.14",
        "지번": "309-127",
        "지역코드": "11140",
        "층": "2",
        "해제사유발생일": null,
        "해제여부": null
    },
    {
        "거래금액": "20,750",
        "건축년도": "1989",
        "년": "2006",
        "대지권면적": "77.63",
        "법정동": "신당동",
        "연립다세대": "신당로얄빌라가,나동",
        "월": "8",
        "일": "9",
        "전용면적": "78.21",
        "지번": "340-24",
        "지역코드": "11140",
        "층": "2",
        "해제사유발생일": null,
        "해제여부": null
    },
    {
        "거래금액": "6,500",
        "건축년도": "2005",
        "년": "2006",
        "대지권면적": "22.65",
        "법정동": "신당동",
        "연립다세대": "(432-570)",
        "월": "8",
        "일": "10",
        "전용면적": "44.58",
        "지번": "432-570",
        "지역코드": "11140",
        "층": "2",
        "해제사유발생일": null,
        "해제여부": null
    },
    {
        "거래금액": "8,500",
        "건축년도": "1991",
        "년": "2006",
        "대지권면적": "41.06",
        "법정동": "신당동",
        "연립다세대": "현대로얄빌라",
        "월": "8",
        "일": "11",
        "전용면적": "69.74",
        "지번": "349-226",
        "지역코드": "11140",
        "층": "-1",
        "해제사유발생일": null,
        "해제여부": null
    },
    {
        "거래금액": "6,400",
        "건축년도": "2005",
        "년": "2006",
        "대지권면적": "22.28",
        "법정동": "신당동",
        "연립다세대": "(432-570)",
        "월": "8",
        "일": "14",
        "전용면적": "43.83",
        "지번": "432-570",
        "지역코드": "11140",
        "층": "1",
        "해제사유발생일": null,
        "해제여부": null
    },
    {
        "거래금액": "13,000",
        "건축년도": "2001",
        "년": "2006",
        "대지권면적": "27.62",
        "법정동": "신당동",
        "연립다세대": "장충아트빌라 10차",
        "월": "8",
        "일": "16",
        "전용면적": "53.94",
        "지번": "412-2",
        "지역코드": "11140",
        "층": "1",
        "해제사유발생일": null,
        "해제여부": null
    },
    {
        "거래금액": "13,500",
        "건축년도": "2000",
        "년": "2006",
        "대지권면적": "18.74",
        "법정동": "신당동",
        "연립다세대": "비티빌",
        "월": "8",
        "일": "22",
        "전용면적": "59.83",
        "지번": "432-486",
        "지역코드": "11140",
        "층": "4",
        "해제사유발생일": null,
        "해제여부": null
    },
    {
        "거래금액": "20,000",
        "건축년도": "2005",
        "년": "2006",
        "대지권면적": "40.13",
        "법정동": "신당동",
        "연립다세대": "명빌라트",
        "월": "8",
        "일": "25",
        "전용면적": "71.06",
        "지번": "425-14",
        "지역코드": "11140",
        "층": "2",
        "해제사유발생일": null,
        "해제여부": null
    },
    {
        "거래금액": "2,500",
        "건축년도": "2000",
        "년": "2006",
        "대지권면적": "7.87",
        "법정동": "신당동",
        "연립다세대": "서울빌라",
        "월": "8",
        "일": "28",
        "전용면적": "21.54",
        "지번": "432-478",
        "지역코드": "11140",
        "층": "3",
        "해제사유발생일": null,
        "해제여부": null
    },
    {
        "거래금액": "11,000",
        "건축년도": "1999",
        "년": "2006",
        "대지권면적": "21.18",
        "법정동": "신당동",
        "연립다세대": "약수마을에이동",
        "월": "8",
        "일": "29",
        "전용면적": "59.92",
        "지번": "432-676",
        "지역코드": "11140",
        "층": "4",
        "해제사유발생일": null,
        "해제여부": null
    },
    {
        "거래금액": "16,500",
        "건축년도": "2002",
        "년": "2006",
        "대지권면적": "24.67",
        "법정동": "신당동",
        "연립다세대": "장충아트빌라 13차",
        "월": "8",
        "일": "29",
        "전용면적": "51.85",
        "지번": "415-1",
        "지역코드": "11140",
        "층": "2",
        "해제사유발생일": null,
        "해제여부": null
    },
    {
        "거래금액": "15,500",
        "건축년도": "2002",
        "년": "2006",
        "대지권면적": "23.74",
        "법정동": "신당동",
        "연립다세대": "남산팰리스 B동",
        "월": "8",
        "일": "31",
        "전용면적": "47.62",
        "지번": "366-449",
        "지역코드": "11140",
        "층": "5",
        "해제사유발생일": null,
        "해제여부": null
    },
    {
        "거래금액": "10,800",
        "건축년도": "1998",
        "년": "2006",
        "대지권면적": "24.95",
        "법정동": "신당동",
        "연립다세대": "우석타운",
        "월": "8",
        "일": "31",
        "전용면적": "48.56",
        "지번": "52-8",
        "지역코드": "11140",
        "층": "2",
        "해제사유발생일": null,
        "해제여부": null
    },
    {
        "거래금액": "8,000",
        "건축년도": "1988",
        "년": "2006",
        "대지권면적": "48.28",
        "법정동": "중림동",
        "연립다세대": "(392-8)",
        "월": "8",
        "일": "23",
        "전용면적": "39.08",
        "지번": "392-8",
        "지역코드": "11140",
        "층": "1",
        "해제사유발생일": null,
        "해제여부": null
    },
    {
        "거래금액": "12,700",
        "건축년도": "1987",
        "년": "2006",
        "대지권면적": "44.72",
        "법정동": "중림동",
        "연립다세대": "(399-1)",
        "월": "8",
        "일": "26",
        "전용면적": "50.48",
        "지번": "399-1",
        "지역코드": "11140",
        "층": "2",
        "해제사유발생일": null,
        "해제여부": null
    },
    {
        "거래금액": "13,000",
        "건축년도": "1989",
        "년": "2006",
        "대지권면적": "21",
        "법정동": "만리동2가",
        "연립다세대": "(193-10)",
        "월": "8",
        "일": "1",
        "전용면적": "33.03",
        "지번": "193-10",
        "지역코드": "11140",
        "층": "-1",
        "해제사유발생일": null,
        "해제여부": null
    },
    {
        "거래금액": "26,000",
        "건축년도": "2000",
        "년": "2006",
        "대지권면적": "36.18",
        "법정동": "청운동",
        "연립다세대": "경복파크빌",
        "월": "8",
        "일": "25",
        "전용면적": "77.16",
        "지번": "52-15",
        "지역코드": "11110",
        "층": "4",
        "해제사유발생일": null,
        "해제여부": null
    },
    {
        "거래금액": "14,800",
        "건축년도": "2000",
        "년": "2006",
        "대지권면적": "21.74",
        "법정동": "누상동",
        "연립다세대": "일진쉐르빌",
        "월": "8",
        "일": "18",
        "전용면적": "59.26",
        "지번": "166-15",
        "지역코드": "11110",
        "층": "4",
        "해제사유발생일": null,
        "해제여부": null
    },
    {
        "거래금액": "26,500",
        "건축년도": "2004",
        "년": "2006",
        "대지권면적": "41.775",
        "법정동": "누상동",
        "연립다세대": "경복아트빌3",
        "월": "8",
        "일": "19",
        "전용면적": "84.68",
        "지번": "1-4",
        "지역코드": "11110",
        "층": "2",
        "해제사유발생일": null,
        "해제여부": null
    },
    {
        "거래금액": "8,700",
        "건축년도": "2003",
        "년": "2006",
        "대지권면적": "24.08",
        "법정동": "누상동",
        "연립다세대": "은행골드빌3차",
        "월": "8",
        "일": "25",
        "전용면적": "48.75",
        "지번": "166-121",
        "지역코드": "11110",
        "층": "1",
        "해제사유발생일": null,
        "해제여부": null
    },
    {
        "거래금액": "10,500",
        "건축년도": "2001",
        "년": "2006",
        "대지권면적": "21.55",
        "법정동": "필운동",
        "연립다세대": "우인빌라",
        "월": "8",
        "일": "26",
        "전용면적": "50.55",
        "지번": "26",
        "지역코드": "11110",
        "층": "3",
        "해제사유발생일": null,
        "해제여부": null
    },
    {
        "거래금액": "20,800",
        "건축년도": "1993",
        "년": "2006",
        "대지권면적": "21.95",
        "법정동": "사직동",
        "연립다세대": "반석빌라",
        "월": "8",
        "일": "11",
        "전용면적": "41.76",
        "지번": "311-15",
        "지역코드": "11110",
        "층": "1",
        "해제사유발생일": null,
        "해제여부": null
    },
    {
        "거래금액": "11,000",
        "건축년도": "1997",
        "년": "2006",
        "대지권면적": "27.537",
        "법정동": "원서동",
        "연립다세대": "하이빌라",
        "월": "8",
        "일": "10",
        "전용면적": "59.2",
        "지번": "77-5",
        "지역코드": "11110",
        "층": "3",
        "해제사유발생일": null,
        "해제여부": null
    },
    {
        "거래금액": "13,000",
        "건축년도": "1999",
        "년": "2006",
        "대지권면적": "32.117",
        "법정동": "원서동",
        "연립다세대": "상원주택(201,202동)",
        "월": "8",
        "일": "27",
        "전용면적": "59.74",
        "지번": "135-87",
        "지역코드": "11110",
        "층": "1",
        "해제사유발생일": null,
        "해제여부": null
    },
    {
        "거래금액": "9,500",
        "건축년도": "1996",
        "년": "2006",
        "대지권면적": "24.34",
        "법정동": "원서동",
        "연립다세대": "(86-6)",
        "월": "8",
        "일": "31",
        "전용면적": "43.54",
        "지번": "86-6",
        "지역코드": "11110",
        "층": "2",
        "해제사유발생일": null,
        "해제여부": null
    },
    {
        "거래금액": "13,500",
        "건축년도": "1996",
        "년": "2006",
        "대지권면적": "21.82",
        "법정동": "원서동",
        "연립다세대": "(86-17)",
        "월": "8",
        "일": "31",
        "전용면적": "55.32",
        "지번": "86-17",
        "지역코드": "11110",
        "층": "4",
        "해제사유발생일": null,
        "해제여부": null
    },
    {
        "거래금액": "13,500",
        "건축년도": "1997",
        "년": "2006",
        "대지권면적": "24.048",
        "법정동": "연건동",
        "연립다세대": "쉐라톤빌라트",
        "월": "8",
        "일": "13",
        "전용면적": "59.46",
        "지번": "93-15",
        "지역코드": "11110",
        "층": "4",
        "해제사유발생일": null,
        "해제여부": null
    },
    {
        "거래금액": "8,000",
        "건축년도": "1998",
        "년": "2006",
        "대지권면적": "23.78",
        "법정동": "동숭동",
        "연립다세대": "(4-54)",
        "월": "8",
        "일": "30",
        "전용면적": "59.46",
        "지번": "4-54",
        "지역코드": "11110",
        "층": "1",
        "해제사유발생일": null,
        "해제여부": null
    },
    {
        "거래금액": "17,000",
        "건축년도": "2001",
        "년": "2006",
        "대지권면적": "40.77",
        "법정동": "혜화동",
        "연립다세대": "명주빌라",
        "월": "8",
        "일": "10",
        "전용면적": "68.59",
        "지번": "10-7",
        "지역코드": "11110",
        "층": "4",
        "해제사유발생일": null,
        "해제여부": null
    },
    {
        "거래금액": "14,000",
        "건축년도": "2004",
        "년": "2006",
        "대지권면적": "31.813",
        "법정동": "혜화동",
        "연립다세대": "우성빌라",
        "월": "8",
        "일": "26",
        "전용면적": "65.49",
        "지번": "6-12",
        "지역코드": "11110",
        "층": "4",
        "해제사유발생일": null,
        "해제여부": null
    },
    {
        "거래금액": "16,500",
        "건축년도": "1997",
        "년": "2006",
        "대지권면적": "33.5",
        "법정동": "혜화동",
        "연립다세대": "(15-19)",
        "월": "8",
        "일": "30",
        "전용면적": "60.38",
        "지번": "15-19",
        "지역코드": "11110",
        "층": "4",
        "해제사유발생일": null,
        "해제여부": null
    },
    {
        "거래금액": "11,000",
        "건축년도": "2002",
        "년": "2006",
        "대지권면적": "32.97",
        "법정동": "명륜1가",
        "연립다세대": "솔그린빌라트",
        "월": "8",
        "일": "26",
        "전용면적": "52.85",
        "지번": "38-3",
        "지역코드": "11110",
        "층": "2",
        "해제사유발생일": null,
        "해제여부": null
    },
    {
        "거래금액": "6,770",
        "건축년도": "1995",
        "년": "2006",
        "대지권면적": "19.36",
        "법정동": "명륜1가",
        "연립다세대": "정성하이츠빌라C동",
        "월": "8",
        "일": "30",
        "전용면적": "46.47",
        "지번": "5-90",
        "지역코드": "11110",
        "층": "4",
        "해제사유발생일": null,
        "해제여부": null
    },
    {
        "거래금액": "7,500",
        "건축년도": "1997",
        "년": "2006",
        "대지권면적": "7.211",
        "법정동": "창신동",
        "연립다세대": "(626-35)",
        "월": "8",
        "일": "7",
        "전용면적": "18.51",
        "지번": "626-35",
        "지역코드": "11110",
        "층": "3",
        "해제사유발생일": null,
        "해제여부": null
    },
    {
        "거래금액": "4,500",
        "건축년도": "1990",
        "년": "2006",
        "대지권면적": "19.8",
        "법정동": "창신동",
        "연립다세대": "(23-8)",
        "월": "8",
        "일": "11",
        "전용면적": "31",
        "지번": "23-8",
        "지역코드": "11110",
        "층": "-1",
        "해제사유발생일": null,
        "해제여부": null
    },
    {
        "거래금액": "11,500",
        "건축년도": "1998",
        "년": "2006",
        "대지권면적": "20.7",
        "법정동": "창신동",
        "연립다세대": "(619-8)",
        "월": "8",
        "일": "20",
        "전용면적": "49.44",
        "지번": "619-8",
        "지역코드": "11110",
        "층": "2",
        "해제사유발생일": null,
        "해제여부": null
    },
    {
        "거래금액": "13,200",
        "건축년도": "2000",
        "년": "2006",
        "대지권면적": "24.14",
        "법정동": "창신동",
        "연립다세대": "명석빌라(640-178)",
        "월": "8",
        "일": "21",
        "전용면적": "58.08",
        "지번": "640-178",
        "지역코드": "11110",
        "층": "-1",
        "해제사유발생일": null,
        "해제여부": null
    },
    {
        "거래금액": "21,500",
        "건축년도": "1999",
        "년": "2006",
        "대지권면적": "43.48",
        "법정동": "창신동",
        "연립다세대": "동광그린빌라",
        "월": "8",
        "일": "22",
        "전용면적": "100.24",
        "지번": "130-70",
        "지역코드": "11110",
        "층": "2",
        "해제사유발생일": null,
        "해제여부": null
    },
    {
        "거래금액": "13,000",
        "건축년도": "2004",
        "년": "2006",
        "대지권면적": "27",
        "법정동": "숭인동",
        "연립다세대": "행복타운",
        "월": "8",
        "일": "10",
        "전용면적": "66.42",
        "지번": "509",
        "지역코드": "11110",
        "층": "1",
        "해제사유발생일": null,
        "해제여부": null
    },
    {
        "거래금액": "21,500",
        "건축년도": "2006",
        "년": "2006",
        "대지권면적": "58.83",
        "법정동": "숭인동",
        "연립다세대": "씨티빌라",
        "월": "8",
        "일": "11",
        "전용면적": "24.64",
        "지번": "56-84",
        "지역코드": "11110",
        "층": "3",
        "해제사유발생일": null,
        "해제여부": null
    },
    {
        "거래금액": "10,800",
        "건축년도": "1979",
        "년": "2006",
        "대지권면적": "84.88",
        "법정동": "숭인동",
        "연립다세대": "별장연립",
        "월": "8",
        "일": "16",
        "전용면적": "69.95",
        "지번": "581",
        "지역코드": "11110",
        "층": "2",
        "해제사유발생일": null,
        "해제여부": null
    },
    {
        "거래금액": "11,000",
        "건축년도": "1993",
        "년": "2006",
        "대지권면적": "21.62",
        "법정동": "숭인동",
        "연립다세대": "현도빌라",
        "월": "8",
        "일": "20",
        "전용면적": "44.94",
        "지번": "573",
        "지역코드": "11110",
        "층": "2",
        "해제사유발생일": null,
        "해제여부": null
    },
    {
        "거래금액": "4,500",
        "건축년도": "2006",
        "년": "2006",
        "대지권면적": "5.39",
        "법정동": "숭인동",
        "연립다세대": "아이캐슬",
        "월": "8",
        "일": "21",
        "전용면적": "10.97",
        "지번": "716-3",
        "지역코드": "11110",
        "층": "4",
        "해제사유발생일": null,
        "해제여부": null
    },
    {
        "거래금액": "10,000",
        "건축년도": "1996",
        "년": "2006",
        "대지권면적": "21.58",
        "법정동": "숭인동",
        "연립다세대": "미래하이츠빌라A동",
        "월": "8",
        "일": "25",
        "전용면적": "56.87",
        "지번": "595",
        "지역코드": "11110",
        "층": "2",
        "해제사유발생일": null,
        "해제여부": null
    },
    {
        "거래금액": "4,500",
        "건축년도": "2006",
        "년": "2006",
        "대지권면적": "6.08",
        "법정동": "숭인동",
        "연립다세대": "아이캐슬",
        "월": "8",
        "일": "29",
        "전용면적": "12.38",
        "지번": "716-3",
        "지역코드": "11110",
        "층": "4",
        "해제사유발생일": null,
        "해제여부": null
    },
    {
        "거래금액": "20,500",
        "건축년도": "2001",
        "년": "2006",
        "대지권면적": "31.29",
        "법정동": "숭인동",
        "연립다세대": "세원아트빌A동",
        "월": "8",
        "일": "30",
        "전용면적": "84.78",
        "지번": "814",
        "지역코드": "11110",
        "층": "4",
        "해제사유발생일": null,
        "해제여부": null
    },
    {
        "거래금액": "8,000",
        "건축년도": "2003",
        "년": "2006",
        "대지권면적": "17.7",
        "법정동": "숭인동",
        "연립다세대": "우정",
        "월": "8",
        "일": "31",
        "전용면적": "42.13",
        "지번": "181-75",
        "지역코드": "11110",
        "층": "2",
        "해제사유발생일": null,
        "해제여부": null
    },
    {
        "거래금액": "12,500",
        "건축년도": "1999",
        "년": "2006",
        "대지권면적": "21.45",
        "법정동": "행촌동",
        "연립다세대": "홍파빌라",
        "월": "8",
        "일": "19",
        "전용면적": "51.1",
        "지번": "1-46",
        "지역코드": "11110",
        "층": "4",
        "해제사유발생일": null,
        "해제여부": null
    },
    {
        "거래금액": "11,100",
        "건축년도": "2001",
        "년": "2006",
        "대지권면적": "26.13",
        "법정동": "행촌동",
        "연립다세대": "행복빌라",
        "월": "8",
        "일": "21",
        "전용면적": "58.44",
        "지번": "171-55",
        "지역코드": "11110",
        "층": "1",
        "해제사유발생일": null,
        "해제여부": null
    },
    {
        "거래금액": "5,000",
        "건축년도": "1996",
        "년": "2006",
        "대지권면적": "16.52",
        "법정동": "행촌동",
        "연립다세대": "(210-96)",
        "월": "8",
        "일": "22",
        "전용면적": "45.72",
        "지번": "210-96",
        "지역코드": "11110",
        "층": "-1",
        "해제사유발생일": null,
        "해제여부": null
    },
    {
        "거래금액": "3,000",
        "건축년도": "1993",
        "년": "2006",
        "대지권면적": "14.6",
        "법정동": "행촌동",
        "연립다세대": "(210-170)",
        "월": "8",
        "일": "25",
        "전용면적": "28.98",
        "지번": "210-170",
        "지역코드": "11110",
        "층": "1",
        "해제사유발생일": null,
        "해제여부": null
    },
    {
        "거래금액": "8,000",
        "건축년도": "2003",
        "년": "2006",
        "대지권면적": "26.34",
        "법정동": "행촌동",
        "연립다세대": "송현빌라6차",
        "월": "8",
        "일": "27",
        "전용면적": "57.5",
        "지번": "171-5",
        "지역코드": "11110",
        "층": "3",
        "해제사유발생일": null,
        "해제여부": null
    },
    {
        "거래금액": "7,000",
        "건축년도": "2000",
        "년": "2006",
        "대지권면적": "21.5",
        "법정동": "행촌동",
        "연립다세대": "대성빌라",
        "월": "8",
        "일": "30",
        "전용면적": "60.17",
        "지번": "171-46",
        "지역코드": "11110",
        "층": "2",
        "해제사유발생일": null,
        "해제여부": null
    },
    {
        "거래금액": "24,000",
        "건축년도": "1997",
        "년": "2006",
        "대지권면적": "107.11",
        "법정동": "구기동",
        "연립다세대": "청구빌라",
        "월": "8",
        "일": "7",
        "전용면적": "84.72",
        "지번": "266",
        "지역코드": "11110",
        "층": "3",
        "해제사유발생일": null,
        "해제여부": null
    },
    {
        "거래금액": "22,500",
        "건축년도": "1996",
        "년": "2006",
        "대지권면적": "103.15",
        "법정동": "구기동",
        "연립다세대": "동익빌라",
        "월": "8",
        "일": "10",
        "전용면적": "84.84",
        "지번": "40",
        "지역코드": "11110",
        "층": "1",
        "해제사유발생일": null,
        "해제여부": null
    },
    {
        "거래금액": "23,500",
        "건축년도": "1997",
        "년": "2006",
        "대지권면적": "107.11",
        "법정동": "구기동",
        "연립다세대": "청구빌라",
        "월": "8",
        "일": "11",
        "전용면적": "84.72",
        "지번": "266",
        "지역코드": "11110",
        "층": "3",
        "해제사유발생일": null,
        "해제여부": null
    },
    {
        "거래금액": "43,000",
        "건축년도": "1997",
        "년": "2006",
        "대지권면적": "175.48",
        "법정동": "구기동",
        "연립다세대": "동익빌라",
        "월": "8",
        "일": "12",
        "전용면적": "144.33",
        "지번": "40",
        "지역코드": "11110",
        "층": "2",
        "해제사유발생일": null,
        "해제여부": null
    },
    {
        "거래금액": "31,800",
        "건축년도": "1988",
        "년": "2006",
        "대지권면적": "113.9",
        "법정동": "구기동",
        "연립다세대": "현대구기빌라",
        "월": "8",
        "일": "23",
        "전용면적": "84.44",
        "지번": "130",
        "지역코드": "11110",
        "층": "1",
        "해제사유발생일": null,
        "해제여부": null
    },
    {
        "거래금액": "25,500",
        "건축년도": "1996",
        "년": "2006",
        "대지권면적": "103.15",
        "법정동": "구기동",
        "연립다세대": "동익빌라",
        "월": "8",
        "일": "24",
        "전용면적": "84.84",
        "지번": "40",
        "지역코드": "11110",
        "층": "2",
        "해제사유발생일": null,
        "해제여부": null
    },
    {
        "거래금액": "22,400",
        "건축년도": "1996",
        "년": "2006",
        "대지권면적": "103.15",
        "법정동": "구기동",
        "연립다세대": "동익빌라",
        "월": "8",
        "일": "25",
        "전용면적": "84.84",
        "지번": "40",
        "지역코드": "11110",
        "층": "3",
        "해제사유발생일": null,
        "해제여부": null
    },
    {
        "거래금액": "25,800",
        "건축년도": "1992",
        "년": "2006",
        "대지권면적": "81.18",
        "법정동": "구기동",
        "연립다세대": "흥인빌라",
        "월": "8",
        "일": "28",
        "전용면적": "144.74",
        "지번": "95-7",
        "지역코드": "11110",
        "층": "1",
        "해제사유발생일": null,
        "해제여부": null
    },
    {
        "거래금액": "25,000",
        "건축년도": "1996",
        "년": "2006",
        "대지권면적": "103.15",
        "법정동": "구기동",
        "연립다세대": "동익빌라",
        "월": "8",
        "일": "29",
        "전용면적": "84.84",
        "지번": "40",
        "지역코드": "11110",
        "층": "2",
        "해제사유발생일": null,
        "해제여부": null
    },
    {
        "거래금액": "18,200",
        "건축년도": "1989",
        "년": "2006",
        "대지권면적": "69.57",
        "법정동": "평창동",
        "연립다세대": "금강하이츠빌라",
        "월": "8",
        "일": "2",
        "전용면적": "56.32",
        "지번": "64-3",
        "지역코드": "11110",
        "층": "3",
        "해제사유발생일": null,
        "해제여부": null
    },
    {
        "거래금액": "19,000",
        "건축년도": "1989",
        "년": "2006",
        "대지권면적": "69.57",
        "법정동": "평창동",
        "연립다세대": "금강하이츠빌라",
        "월": "8",
        "일": "8",
        "전용면적": "56.32",
        "지번": "64-3",
        "지역코드": "11110",
        "층": "2",
        "해제사유발생일": null,
        "해제여부": null
    },
    {
        "거래금액": "11,000",
        "건축년도": "1989",
        "년": "2006",
        "대지권면적": "50.81",
        "법정동": "평창동",
        "연립다세대": "금강하이츠빌라",
        "월": "8",
        "일": "28",
        "전용면적": "39.67",
        "지번": "64-3",
        "지역코드": "11110",
        "층": "3",
        "해제사유발생일": null,
        "해제여부": null
    },
    {
        "거래금액": "85,000",
        "건축년도": "1992",
        "년": "2006",
        "대지권면적": "273.46",
        "법정동": "부암동",
        "연립다세대": "유원빌라",
        "월": "8",
        "일": "3",
        "전용면적": "243.31",
        "지번": "129-43",
        "지역코드": "11110",
        "층": "1",
        "해제사유발생일": null,
        "해제여부": null
    },
    {
        "거래금액": "13,500",
        "건축년도": "1985",
        "년": "2006",
        "대지권면적": "77.62",
        "법정동": "부암동",
        "연립다세대": "현대빌라",
        "월": "8",
        "일": "9",
        "전용면적": "54.86",
        "지번": "185-3",
        "지역코드": "11110",
        "층": "1",
        "해제사유발생일": null,
        "해제여부": null
    },
    {
        "거래금액": "8,000",
        "건축년도": "1991",
        "년": "2006",
        "대지권면적": "52.25",
        "법정동": "부암동",
        "연립다세대": "삼일빌라",
        "월": "8",
        "일": "15",
        "전용면적": "55.71",
        "지번": "41",
        "지역코드": "11110",
        "층": "1",
        "해제사유발생일": null,
        "해제여부": null
    },
    {
        "거래금액": "47,900",
        "건축년도": "1991",
        "년": "2006",
        "대지권면적": "159.85",
        "법정동": "홍지동",
        "연립다세대": "유원빌라",
        "월": "8",
        "일": "30",
        "전용면적": "176.4",
        "지번": "69-2",
        "지역코드": "11110",
        "층": "3",
        "해제사유발생일": null,
        "해제여부": null
    },
    {
        "거래금액": "13,300",
        "건축년도": "2003",
        "년": "2006",
        "대지권면적": "51.5",
        "법정동": "신영동",
        "연립다세대": "예인파크",
        "월": "8",
        "일": "9",
        "전용면적": "55.17",
        "지번": "235-14",
        "지역코드": "11110",
        "층": "1",
        "해제사유발생일": null,
        "해제여부": null
    },
    {
        "거래금액": "7,350",
        "건축년도": "1995",
        "년": "2006",
        "대지권면적": "42.82",
        "법정동": "신영동",
        "연립다세대": "흥륜",
        "월": "8",
        "일": "10",
        "전용면적": "46.29",
        "지번": "214-61",
        "지역코드": "11110",
        "층": "3",
        "해제사유발생일": null,
        "해제여부": null
    },
    {
        "거래금액": "18,000",
        "건축년도": "1978",
        "년": "2006",
        "대지권면적": "103.9",
        "법정동": "신영동",
        "연립다세대": "청암빌라",
        "월": "8",
        "일": "14",
        "전용면적": "64.5",
        "지번": "72-33",
        "지역코드": "11110",
        "층": "2",
        "해제사유발생일": null,
        "해제여부": null
    },
    {
        "거래금액": "15,500",
        "건축년도": "2004",
        "년": "2006",
        "대지권면적": "67.12",
        "법정동": "신영동",
        "연립다세대": "동오블루빌(2차)",
        "월": "8",
        "일": "16",
        "전용면적": "65.51",
        "지번": "105-3",
        "지역코드": "11110",
        "층": "3",
        "해제사유발생일": null,
        "해제여부": null
    },
    {
        "거래금액": "11,300",
        "건축년도": "2003",
        "년": "2006",
        "대지권면적": "51.5",
        "법정동": "신영동",
        "연립다세대": "예인파크",
        "월": "8",
        "일": "16",
        "전용면적": "55.17",
        "지번": "235-14",
        "지역코드": "11110",
        "층": "-1",
        "해제사유발생일": null,
        "해제여부": null
    },
    {
        "거래금액": "24,700",
        "건축년도": "1987",
        "년": "2006",
        "대지권면적": "103.37",
        "법정동": "신영동",
        "연립다세대": "삼성중앙빌라",
        "월": "8",
        "일": "30",
        "전용면적": "79.56",
        "지번": "150-6",
        "지역코드": "11110",
        "층": "2",
        "해제사유발생일": null,
        "해제여부": null
    }
]