[
    {
        "거래금액": "18,656",
        "건축년도": "1991",
        "년": "2006",
        "단지": "(171)",
        "법정동": "남대문로5가",
        "시군구": "중구",
        "월": "8",
        "일": "28",
        "전용면적": "57.57",
        "지번": "171",
        "지역코드": "11140",
        "층": "10",
        "해제사유발생일": null,
        "해제여부": null
    },
    {
        "거래금액": "11,841",
        "건축년도": "2005",
        "년": "2006",
        "단지": "대성을지로오피스텔",
        "법정동": "을지로5가",
        "시군구": "중구",
        "월": "8",
        "일": "18",
        "전용면적": "25.49",
        "지번": "77-2",
        "지역코드": "11140",
        "층": "2",
        "해제사유발생일": null,
        "해제여부": null
    },
    {
        "거래금액": "14,500",
        "건축년도": "1995",
        "년": "2006",
        "단지": "드림오피스타운",
        "법정동": "을지로3가",
        "시군구": "중구",
        "월": "8",
        "일": "30",
        "전용면적": "29.23",
        "지번": "259-1",
        "지역코드": "11140",
        "층": "6",
        "해제사유발생일": null,
        "해제여부": null
    },
    {
        "거래금액": "7,800",
        "건축년도": "2004",
        "년": "2006",
        "단지": "올리브1",
        "법정동": "황학동",
        "시군구": "중구",
        "월": "8",
        "일": "7",
        "전용면적": "25.05",
        "지번": "808",
        "지역코드": "11140",
        "층": "2",
        "해제사유발생일": null,
        "해제여부": null
    },
    {
        "거래금액": "7,500",
        "건축년도": "2004",
        "년": "2006",
        "단지": "신당역올리브2",
        "법정동": "황학동",
        "시군구": "중구",
        "월": "8",
        "일": "15",
        "전용면적": "23.82",
        "지번": "2484",
        "지역코드": "11140",
        "층": "14",
        "해제사유발생일": null,
        "해제여부": null
    },
    {
        "거래금액": "7,300",
        "건축년도": "2004",
        "년": "2006",
        "단지": "신당역올리브2",
        "법정동": "황학동",
        "시군구": "중구",
        "월": "8",
        "일": "31",
        "전용면적": "23.82",
        "지번": "2484",
        "지역코드": "11140",
        "층": "4",
        "해제사유발생일": null,
        "해제여부": null
    },
    {
        "거래금액": "16,165",
        "건축년도": "2005",
        "년": "2006",
        "단지": "바비엥-2",
        "법정동": "의주로1가",
        "시군구": "중구",
        "월": "8",
        "일": "4",
        "전용면적": "29.48",
        "지번": "25-10",
        "지역코드": "11140",
        "층": "14",
        "해제사유발생일": null,
        "해제여부": null
    },
    {
        "거래금액": "15,000",
        "건축년도": "2004",
        "년": "2006",
        "단지": "경희궁의 아침 3단지",
        "법정동": "내수동",
        "시군구": "종로구",
        "월": "8",
        "일": "7",
        "전용면적": "37.5",
        "지번": "72",
        "지역코드": "11110",
        "층": "10",
        "해제사유발생일": null,
        "해제여부": null
    },
    {
        "거래금액": "26,000",
        "건축년도": "2004",
        "년": "2006",
        "단지": "경희궁의 아침 2단지",
        "법정동": "내수동",
        "시군구": "종로구",
        "월": "8",
        "일": "22",
        "전용면적": "57.8",
        "지번": "71",
        "지역코드": "11110",
        "층": "16",
        "해제사유발생일": null,
        "해제여부": null
    },
    {
        "거래금액": "14,400",
        "건축년도": "2004",
        "년": "2006",
        "단지": "광화문시대",
        "법정동": "내수동",
        "시군구": "종로구",
        "월": "8",
        "일": "25",
        "전용면적": "32.97",
        "지번": "74",
        "지역코드": "11110",
        "층": "18",
        "해제사유발생일": null,
        "해제여부": null
    },
    {
        "거래금액": "23,291",
        "건축년도": "2005",
        "년": "2006",
        "단지": "광화문오피시아빌딩",
        "법정동": "신문로1가",
        "시군구": "종로구",
        "월": "8",
        "일": "2",
        "전용면적": "43.83",
        "지번": "163",
        "지역코드": "11110",
        "층": "23",
        "해제사유발생일": null,
        "해제여부": null
    },
    {
        "거래금액": "23,291",
        "건축년도": "2005",
        "년": "2006",
        "단지": "광화문오피시아빌딩",
        "법정동": "신문로1가",
        "시군구": "종로구",
        "월": "8",
        "일": "2",
        "전용면적": "43.83",
        "지번": "163",
        "지역코드": "11110",
        "층": "23",
        "해제사유발생일": null,
        "해제여부": null
    },
    {
        "거래금액": "22,168",
        "건축년도": "2005",
        "년": "2006",
        "단지": "광화문오피시아빌딩",
        "법정동": "신문로1가",
        "시군구": "종로구",
        "월": "8",
        "일": "9",
        "전용면적": "46.77",
        "지번": "163",
        "지역코드": "11110",
        "층": "21",
        "해제사유발생일": null,
        "해제여부": null
    },
    {
        "거래금액": "13,500",
        "건축년도": "2004",
        "년": "2006",
        "단지": "두산위브파빌리온",
        "법정동": "수송동",
        "시군구": "종로구",
        "월": "8",
        "일": "4",
        "전용면적": "35.22",
        "지번": "58",
        "지역코드": "11110",
        "층": "4",
        "해제사유발생일": null,
        "해제여부": null
    },
    {
        "거래금액": "7,400",
        "건축년도": "1998",
        "년": "2006",
        "단지": "오피스텔월드",
        "법정동": "운니동",
        "시군구": "종로구",
        "월": "8",
        "일": "31",
        "전용면적": "36.72",
        "지번": "65-1",
        "지역코드": "11110",
        "층": "6",
        "해제사유발생일": null,
        "해제여부": null
    },
    {
        "거래금액": "10,209",
        "건축년도": "2004",
        "년": "2006",
        "단지": "BIZ-WELL 종로 오피스텔",
        "법정동": "익선동",
        "시군구": "종로구",
        "월": "8",
        "일": "16",
        "전용면적": "23.27",
        "지번": "34",
        "지역코드": "11110",
        "층": "9",
        "해제사유발생일": null,
        "해제여부": null
    },
    {
        "거래금액": "10,209",
        "건축년도": "2004",
        "년": "2006",
        "단지": "BIZ-WELL 종로 오피스텔",
        "법정동": "익선동",
        "시군구": "종로구",
        "월": "8",
        "일": "16",
        "전용면적": "23.27",
        "지번": "34",
        "지역코드": "11110",
        "층": "9",
        "해제사유발생일": null,
        "해제여부": null
    },
    {
        "거래금액": "11,210",
        "건축년도": "2005",
        "년": "2006",
        "단지": "운현궁 에스케이 허브",
        "법정동": "경운동",
        "시군구": "종로구",
        "월": "8",
        "일": "14",
        "전용면적": "23.66",
        "지번": "89-4",
        "지역코드": "11110",
        "층": "10",
        "해제사유발생일": null,
        "해제여부": null
    },
    {
        "거래금액": "20,022",
        "건축년도": "2005",
        "년": "2006",
        "단지": "운현궁 에스케이 허브",
        "법정동": "경운동",
        "시군구": "종로구",
        "월": "8",
        "일": "18",
        "전용면적": "41.34",
        "지번": "89-4",
        "지역코드": "11110",
        "층": "3",
        "해제사유발생일": null,
        "해제여부": null
    },
    {
        "거래금액": "20,022",
        "건축년도": "2005",
        "년": "2006",
        "단지": "운현궁 에스케이 허브",
        "법정동": "경운동",
        "시군구": "종로구",
        "월": "8",
        "일": "18",
        "전용면적": "41.34",
        "지번": "89-4",
        "지역코드": "11110",
        "층": "3",
        "해제사유발생일": null,
        "해제여부": null
    },
    {
        "거래금액": "11,250",
        "건축년도": "1991",
        "년": "2006",
        "단지": "낙원오피스텔",
        "법정동": "돈의동",
        "시군구": "종로구",
        "월": "8",
        "일": "2",
        "전용면적": "40.96",
        "지번": "39-2",
        "지역코드": "11110",
        "층": "7",
        "해제사유발생일": null,
        "해제여부": null
    },
    {
        "거래금액": "6,300",
        "건축년도": "2003",
        "년": "2006",
        "단지": "코윈 팔레스뷰 오피스텔",
        "법정동": "원남동",
        "시군구": "종로구",
        "월": "8",
        "일": "10",
        "전용면적": "21.01",
        "지번": "95",
        "지역코드": "11110",
        "층": "3",
        "해제사유발생일": null,
        "해제여부": null
    },
    {
        "거래금액": "10,400",
        "건축년도": "2005",
        "년": "2006",
        "단지": "동양파라빌",
        "법정동": "숭인동",
        "시군구": "종로구",
        "월": "8",
        "일": "7",
        "전용면적": "24.93",
        "지번": "1388",
        "지역코드": "11110",
        "층": "12",
        "해제사유발생일": null,
        "해제여부": null
    },
    {
        "거래금액": "10,617",
        "건축년도": "2005",
        "년": "2006",
        "단지": "동양파라빌",
        "법정동": "숭인동",
        "시군구": "종로구",
        "월": "8",
        "일": "16",
        "전용면적": "24.93",
        "지번": "1388",
        "지역코드": "11110",
        "층": "12",
        "해제사유발생일": null,
        "해제여부": null
    },
    {
        "거래금액": "13,500",
        "건축년도": "2004",
        "년": "2006",
        "단지": "롯데캐슬 천지인",
        "법정동": "숭인동",
        "시군구": "종로구",
        "월": "8",
        "일": "16",
        "전용면적": "39.6",
        "지번": "76",
        "지역코드": "11110",
        "층": "21",
        "해제사유발생일": null,
        "해제여부": null
    },
    {
        "거래금액": "10,000",
        "건축년도": "2005",
        "년": "2006",
        "단지": "동양파라빌",
        "법정동": "숭인동",
        "시군구": "종로구",
        "월": "8",
        "일": "22",
        "전용면적": "24.93",
        "지번": "1388",
        "지역코드": "11110",
        "층": "5",
        "해제사유발생일": null,
        "해제여부": null
    },
    {
        "거래금액": "10,600",
        "건축년도": "2005",
        "년": "2006",
        "단지": "동양파라빌",
        "법정동": "숭인동",
        "시군구": "종로구",
        "월": "8",
        "일": "24",
        "전용면적": "24.93",
        "지번": "1388",
        "지역코드": "11110",
        "층": "12",
        "해제사유발생일": null,
        "해제여부": null
    },
    {
        "거래금액": "10,163",
        "건축년도": "2005",
        "년": "2006",
        "단지": "동양파라빌",
        "법정동": "숭인동",
        "시군구": "종로구",
        "월": "8",
        "일": "25",
        "전용면적": "27.09",
        "지번": "1388",
        "지역코드": "11110",
        "층": "3",
        "해제사유발생일": null,
        "해제여부": null
    },
    {
        "거래금액": "15,000",
        "건축년도": "2004",
        "년": "2006",
        "단지": "롯데캐슬 천지인",
        "법정동": "숭인동",
        "시군구": "종로구",
        "월": "8",
        "일": "25",
        "전용면적": "39.6",
        "지번": "76",
        "지역코드": "11110",
        "층": "21",
        "해제사유발생일": null,
        "해제여부": null
    },
    {
        "거래금액": "10,453",
        "건축년도": "2005",
        "년": "2006",
        "단지": "동양파라빌",
        "법정동": "숭인동",
        "시군구": "종로구",
        "월": "8",
        "일": "25",
        "전용면적": "24.93",
        "지번": "1388",
        "지역코드": "11110",
        "층": "8",
        "해제사유발생일": null,
        "해제여부": null
    }
]